"Id","Name","SetupEntityAccessItems"
"0660W000003BjspQAC","AdvisorPortalDataTableMainPage","[{""Parent"":{""Id"":""0PSd0000000oWPgGAM"",""Type"":""Profile"",""Label"":""00ex00000018ozT_128_09_43_34_1"",""PermissionSetGroupId"":null,""Profile"":{""attributes"":{""type"":""Profile"",""url"":""/services/data/v53.0/sobjects/Profile/00ed00000017IobAAE""},""Id"":""00ed00000017IobAAE"",""Name"":""System Administrator""}}},{""Parent"":{""Id"":""0PSd0000001sKhEGAU"",""Type"":""Regular"",""Label"":""Role: Academic Advisor Portal (Service Users)"",""PermissionSetGroupId"":null,""Profile"":null}}]"
"066d0000002AexAAAS","AllPublishedArticles","[{""Parent"":{""Id"":""0PSd0000000quTfGAI"",""Type"":""Profile"",""Label"":""00ed00000019tQkAAI"",""PermissionSetGroupId"":null,""Profile"":{""attributes"":{""type"":""Profile"",""url"":""/services/data/v53.0/sobjects/Profile/00ed00000019tQkAAI""},""Id"":""00ed00000019tQkAAI"",""Name"":""Public Knowledge Base for ASU Profile""}}},{""Parent"":{""Id"":""0PSd0000000qzl5GAA"",""Type"":""Profile"",""Label"":""00ed00000019yKBAAY"",""PermissionSetGroupId"":null,""Profile"":{""attributes"":{""type"":""Profile"",""url"":""/services/data/v53.0/sobjects/Profile/00ed00000019yKBAAY""},""Id"":""00ed00000019yKBAAY"",""Name"":""ASU View All Data""}}},{""Parent"":{""Id"":""0PSd0000000oWPgGAM"",""Type"":""Profile"",""Label"":""00ex00000018ozT_128_09_43_34_1"",""PermissionSetGroupId"":null,""Profile"":{""attributes"":{""type"":""Profile"",""url"":""/services/data/v53.0/sobjects/Profile/00ed00000017IobAAE""},""Id"":""00ed00000017IobAAE"",""Name"":""System Administrator""}}},{""Parent"":{""Id"":""0PSd0000000quKmGAI"",""Type"":""Regular"",""Label"":""Additional Administrator Permissions"",""PermissionSetGroupId"":null,""Profile"":null}}]"
"066d0000002AVSHAA4","AnswersHome","[{""Parent"":{""Id"":""0PSd0000000qzl5GAA"",""Type"":""Profile"",""Label"":""00ed00000019yKBAAY"",""PermissionSetGroupId"":null,""Profile"":{""attributes"":{""type"":""Profile"",""url"":""/services/data/v53.0/sobjects/Profile/00ed00000019yKBAAY""},""Id"":""00ed00000019yKBAAY"",""Name"":""ASU View All Data""}}},{""Parent"":{""Id"":""0PSd0000000oWPgGAM"",""Type"":""Profile"",""Label"":""00ex00000018ozT_128_09_43_34_1"",""PermissionSetGroupId"":null,""Profile"":{""attributes"":{""type"":""Profile"",""url"":""/services/data/v53.0/sobjects/Profile/00ed00000017IobAAE""},""Id"":""00ed00000017IobAAE"",""Name"":""System Administrator""}}},{""Parent"":{""Id"":""0PSd0000000quKmGAI"",""Type"":""Regular"",""Label"":""Additional Administrator Permissions"",""PermissionSetGroupId"":null,""Profile"":null}}]"
"0660W000002qZP9QAM","authkb","[{""Parent"":{""Id"":""0PSd0000000r0bvGAA"",""Type"":""Profile"",""Label"":""00ed00000019z5nAAA"",""PermissionSetGroupId"":null,""Profile"":{""attributes"":{""type"":""Profile"",""url"":""/services/data/v53.0/sobjects/Profile/00ed00000019z5nAAA""},""Id"":""00ed00000019z5nAAA"",""Name"":""ASU Community""}}},{""Parent"":{""Id"":""0PSd0000000r0c0GAA"",""Type"":""Profile"",""Label"":""00ed00000019z5sAAA"",""PermissionSetGroupId"":null,""Profile"":{""attributes"":{""type"":""Profile"",""url"":""/services/data/v53.0/sobjects/Profile/00ed00000019z5sAAA""},""Id"":""00ed00000019z5sAAA"",""Name"":""ASU Community CAP""}}},{""Parent"":{""Id"":""0PSd0000000oWPgGAM"",""Type"":""Profile"",""Label"":""00ex00000018ozT_128_09_43_34_1"",""PermissionSetGroupId"":null,""Profile"":{""attributes"":{""type"":""Profile"",""url"":""/services/data/v53.0/sobjects/Profile/00ed00000017IobAAE""},""Id"":""00ed00000017IobAAE"",""Name"":""System Administrator""}}}]"
"066d0000002AVSBAA4","BandwidthExceeded","[{""Parent"":{""Id"":""0PS0W000001GgU7WAK"",""Type"":""Profile"",""Label"":""00e0W000001lvZsQAI"",""PermissionSetGroupId"":null,""Profile"":{""attributes"":{""type"":""Profile"",""url"":""/services/data/v53.0/sobjects/Profile/00e0W000001lvZsQAI""},""Id"":""00e0W000001lvZsQAI"",""Name"":""ASU Advising Community Profile""}}},{""Parent"":{""Id"":""0PS0W000001bgy8WAA"",""Type"":""Profile"",""Label"":""00e0W000001yXlHQAU"",""PermissionSetGroupId"":null,""Profile"":{""attributes"":{""type"":""Profile"",""url"":""/services/data/v53.0/sobjects/Profile/00e0W000001yXlHQAU""},""Id"":""00e0W000001yXlHQAU"",""Name"":""Jira Profile""}}},{""Parent"":{""Id"":""0PS0W000001k9RKWAY"",""Type"":""Profile"",""Label"":""00e0W000002NjO9QAK"",""PermissionSetGroupId"":null,""Profile"":{""attributes"":{""type"":""Profile"",""url"":""/services/data/v53.0/sobjects/Profile/00e0W000002NjO9QAK""},""Id"":""00e0W000002NjO9QAK"",""Name"":""Family Portal Profile""}}},{""Parent"":{""Id"":""0PS0W000001watlWAA"",""Type"":""Profile"",""Label"":""00e0W000002RsQNQA0"",""PermissionSetGroupId"":null,""Profile"":{""attributes"":{""type"":""Profile"",""url"":""/services/data/v53.0/sobjects/Profile/00e0W000002RsQNQA0""},""Id"":""00e0W000002RsQNQA0"",""Name"":""AsuChat Profile""}}},{""Parent"":{""Id"":""0PSd0000000quTfGAI"",""Type"":""Profile"",""Label"":""00ed00000019tQkAAI"",""PermissionSetGroupId"":null,""Profile"":{""attributes"":{""type"":""Profile"",""url"":""/services/data/v53.0/sobjects/Profile/00ed00000019tQkAAI""},""Id"":""00ed00000019tQkAAI"",""Name"":""Public Knowledge Base for ASU Profile""}}},{""Parent"":{""Id"":""0PSd0000000qzl5GAA"",""Type"":""Profile"",""Label"":""00ed00000019yKBAAY"",""PermissionSetGroupId"":null,""Profile"":{""attributes"":{""type"":""Profile"",""url"":""/services/data/v53.0/sobjects/Profile/00ed00000019yKBAAY""},""Id"":""00ed00000019yKBAAY"",""Name"":""ASU View All Data""}}},{""Parent"":{""Id"":""0PSd0000000r0dDGAQ"",""Type"":""Profile"",""Label"":""00ed00000019z77AAA"",""PermissionSetGroupId"":null,""Profile"":{""attributes"":{""type"":""Profile"",""url"":""/services/data/v53.0/sobjects/Profile/00ed00000019z77AAA""},""Id"":""00ed00000019z77AAA"",""Name"":""My ASU Profile""}}},{""Parent"":{""Id"":""0PSd0000000r0eSGAQ"",""Type"":""Profile"",""Label"":""00ed00000019z84AAA"",""PermissionSetGroupId"":null,""Profile"":{""attributes"":{""type"":""Profile"",""url"":""/services/data/v53.0/sobjects/Profile/00ed00000019z84AAA""},""Id"":""00ed00000019z84AAA"",""Name"":""Top Level Site Profile""}}},{""Parent"":{""Id"":""0PSd0000000TwGUGA0"",""Type"":""Profile"",""Label"":""00ed0000001EPuyAAG"",""PermissionSetGroupId"":null,""Profile"":{""attributes"":{""type"":""Profile"",""url"":""/services/data/v53.0/sobjects/Profile/00ed0000001EPuyAAG""},""Id"":""00ed0000001EPuyAAG"",""Name"":""Bomgar Profile""}}},{""Parent"":{""Id"":""0PSd0000001o83gGAA"",""Type"":""Profile"",""Label"":""00ed0000002FFobAAG"",""PermissionSetGroupId"":null,""Profile"":{""attributes"":{""type"":""Profile"",""url"":""/services/data/v53.0/sobjects/Profile/00ed0000002FFobAAG""},""Id"":""00ed0000002FFobAAG"",""Name"":""Unsubscribe Profile""}}},{""Parent"":{""Id"":""0PSd0000001jxyyGAA"",""Type"":""Profile"",""Label"":""00ed0000002Nf2KAAS"",""PermissionSetGroupId"":null,""Profile"":{""attributes"":{""type"":""Profile"",""url"":""/services/data/v53.0/sobjects/Profile/00ed0000002Nf2KAAS""},""Id"":""00ed0000002Nf2KAAS"",""Name"":""IdeaMachine Profile""}}},{""Parent"":{""Id"":""0PSd0000000oWPgGAM"",""Type"":""Profile"",""Label"":""00ex00000018ozT_128_09_43_34_1"",""PermissionSetGroupId"":null,""Profile"":{""attributes"":{""type"":""Profile"",""url"":""/services/data/v53.0/sobjects/Profile/00ed00000017IobAAE""},""Id"":""00ed00000017IobAAE"",""Name"":""System Administrator""}}},{""Parent"":{""Id"":""0PSd0000000quKmGAI"",""Type"":""Regular"",""Label"":""Additional Administrator Permissions"",""PermissionSetGroupId"":null,""Profile"":null}}]"
"0660W000002qaEGQAY","BulkSMSEnterprise_Contact","[{""Parent"":{""Id"":""0PSd0000000oWPgGAM"",""Type"":""Profile"",""Label"":""00ex00000018ozT_128_09_43_34_1"",""PermissionSetGroupId"":null,""Profile"":{""attributes"":{""type"":""Profile"",""url"":""/services/data/v53.0/sobjects/Profile/00ed00000017IobAAE""},""Id"":""00ed00000017IobAAE"",""Name"":""System Administrator""}}},{""Parent"":{""Id"":""0PS0W000001sbm1WAA"",""Type"":""Regular"",""Label"":""SMS Magic Academic Advising"",""PermissionSetGroupId"":null,""Profile"":null}},{""Parent"":{""Id"":""0PS0W000001GhJsWAK"",""Type"":""Regular"",""Label"":""SMS Magic First Year Success Coach"",""PermissionSetGroupId"":null,""Profile"":null}},{""Parent"":{""Id"":""0PS6T000001k9thWAA"",""Type"":""Group"",""Label"":""SMS Magic Users - Academic Advisors Manager"",""PermissionSetGroupId"":""0PG6T000000GmepWAC"",""Profile"":null}},{""Parent"":{""Id"":""0PS6T000001k9tiWAA"",""Type"":""Group"",""Label"":""SMS Magic Users - Academic Advisors Staff"",""PermissionSetGroupId"":""0PG6T000000GmeqWAC"",""Profile"":null}},{""Parent"":{""Id"":""0PS6T000001k9tjWAA"",""Type"":""Group"",""Label"":""SMS Magic Users - FYS"",""PermissionSetGroupId"":""0PG6T000000GmerWAC"",""Profile"":null}}]"
"0660W000003Fd77QAC","BulkSMS_Contact","[{""Parent"":{""Id"":""0PSd0000000oWPgGAM"",""Type"":""Profile"",""Label"":""00ex00000018ozT_128_09_43_34_1"",""PermissionSetGroupId"":null,""Profile"":{""attributes"":{""type"":""Profile"",""url"":""/services/data/v53.0/sobjects/Profile/00ed00000017IobAAE""},""Id"":""00ed00000017IobAAE"",""Name"":""System Administrator""}}},{""Parent"":{""Id"":""0PS0W000001sbm1WAA"",""Type"":""Regular"",""Label"":""SMS Magic Academic Advising"",""PermissionSetGroupId"":null,""Profile"":null}},{""Parent"":{""Id"":""0PS0W000001GhJsWAK"",""Type"":""Regular"",""Label"":""SMS Magic First Year Success Coach"",""PermissionSetGroupId"":null,""Profile"":null}},{""Parent"":{""Id"":""0PS6T000001k9thWAA"",""Type"":""Group"",""Label"":""SMS Magic Users - Academic Advisors Manager"",""PermissionSetGroupId"":""0PG6T000000GmepWAC"",""Profile"":null}},{""Parent"":{""Id"":""0PS6T000001k9tiWAA"",""Type"":""Group"",""Label"":""SMS Magic Users - Academic Advisors Staff"",""PermissionSetGroupId"":""0PG6T000000GmeqWAC"",""Profile"":null}},{""Parent"":{""Id"":""0PS6T000001k9tjWAA"",""Type"":""Group"",""Label"":""SMS Magic Users - FYS"",""PermissionSetGroupId"":""0PG6T000000GmerWAC"",""Profile"":null}}]"
"0660W000003BjIZQA0","BulkSMS_Organization","[{""Parent"":{""Id"":""0PSd0000000oWPgGAM"",""Type"":""Profile"",""Label"":""00ex00000018ozT_128_09_43_34_1"",""PermissionSetGroupId"":null,""Profile"":{""attributes"":{""type"":""Profile"",""url"":""/services/data/v53.0/sobjects/Profile/00ed00000017IobAAE""},""Id"":""00ed00000017IobAAE"",""Name"":""System Administrator""}}}]"
"0660W000002qaDrQAI","Bulk_SMS_FYS","[{""Parent"":{""Id"":""0PSd0000000oWPgGAM"",""Type"":""Profile"",""Label"":""00ex00000018ozT_128_09_43_34_1"",""PermissionSetGroupId"":null,""Profile"":{""attributes"":{""type"":""Profile"",""url"":""/services/data/v53.0/sobjects/Profile/00ed00000017IobAAE""},""Id"":""00ed00000017IobAAE"",""Name"":""System Administrator""}}},{""Parent"":{""Id"":""0PS0W000001GhJsWAK"",""Type"":""Regular"",""Label"":""SMS Magic First Year Success Coach"",""PermissionSetGroupId"":null,""Profile"":null}},{""Parent"":{""Id"":""0PS6T000001k9tjWAA"",""Type"":""Group"",""Label"":""SMS Magic Users - FYS"",""PermissionSetGroupId"":""0PG6T000000GmerWAC"",""Profile"":null}}]"
"066d0000002AwQIAA0","CampaignMemberManagement","[{""Parent"":{""Id"":""0PS0W000001CNqIWAW"",""Type"":""Profile"",""Label"":""00e0W000001hh6oQAA"",""PermissionSetGroupId"":null,""Profile"":{""attributes"":{""type"":""Profile"",""url"":""/services/data/v53.0/sobjects/Profile/00e0W000001hh6oQAA""},""Id"":""00e0W000001hh6oQAA"",""Name"":""ASU Service - MasterCard Program""}}},{""Parent"":{""Id"":""0PS0W000001CNy2WAG"",""Type"":""Profile"",""Label"":""00e0W000001hhAbQAI"",""PermissionSetGroupId"":null,""Profile"":{""attributes"":{""type"":""Profile"",""url"":""/services/data/v53.0/sobjects/Profile/00e0W000001hhAbQAI""},""Id"":""00e0W000001hhAbQAI"",""Name"":""ASU Service - Public Service Academy""}}},{""Parent"":{""Id"":""0PS0W000001COffWAG"",""Type"":""Profile"",""Label"":""00e0W000001hhfyQAA"",""PermissionSetGroupId"":null,""Profile"":{""attributes"":{""type"":""Profile"",""url"":""/services/data/v53.0/sobjects/Profile/00e0W000001hhfyQAA""},""Id"":""00e0W000001hhfyQAA"",""Name"":""ASU Service - Biosafety""}}},{""Parent"":{""Id"":""0PS0W000001CO7YWAW"",""Type"":""Profile"",""Label"":""00e0W000001hhI6QAI"",""PermissionSetGroupId"":null,""Profile"":{""attributes"":{""type"":""Profile"",""url"":""/services/data/v53.0/sobjects/Profile/00e0W000001hhI6QAI""},""Id"":""00e0W000001hhI6QAI"",""Name"":""ASU Service - New College Deans Office""}}},{""Parent"":{""Id"":""0PS0W000001CO8CWAW"",""Type"":""Profile"",""Label"":""00e0W000001hhIfQAI"",""PermissionSetGroupId"":null,""Profile"":{""attributes"":{""type"":""Profile"",""url"":""/services/data/v53.0/sobjects/Profile/00e0W000001hhIfQAI""},""Id"":""00e0W000001hhIfQAI"",""Name"":""ASU Service - Engineering - K12 Engineering Education""}}},{""Parent"":{""Id"":""0PS0W000001GgWMWA0"",""Type"":""Profile"",""Label"":""00e0W000001lvaCQAQ"",""PermissionSetGroupId"":null,""Profile"":{""attributes"":{""type"":""Profile"",""url"":""/services/data/v53.0/sobjects/Profile/00e0W000001lvaCQAQ""},""Id"":""00e0W000001lvaCQAQ"",""Name"":""ASU Service - University Events & Protocol""}}},{""Parent"":{""Id"":""0PS0W000001Gga4WAC"",""Type"":""Profile"",""Label"":""00e0W000001lvb5QAA"",""PermissionSetGroupId"":null,""Profile"":{""attributes"":{""type"":""Profile"",""url"":""/services/data/v53.0/sobjects/Profile/00e0W000001lvb5QAA""},""Id"":""00e0W000001lvb5QAA"",""Name"":""ASU Service - Psychology Research Advancement""}}},{""Parent"":{""Id"":""0PS0W000001GgbCWAS"",""Type"":""Profile"",""Label"":""00e0W000001lvbKQAQ"",""PermissionSetGroupId"":null,""Profile"":{""attributes"":{""type"":""Profile"",""url"":""/services/data/v53.0/sobjects/Profile/00e0W000001lvbKQAQ""},""Id"":""00e0W000001lvbKQAQ"",""Name"":""ASU Service - ASU Local""}}},{""Parent"":{""Id"":""0PS0W000001GgfJWAS"",""Type"":""Profile"",""Label"":""00e0W000001lvcIQAQ"",""PermissionSetGroupId"":null,""Profile"":{""attributes"":{""type"":""Profile"",""url"":""/services/data/v53.0/sobjects/Profile/00e0W000001lvcIQAQ""},""Id"":""00e0W000001lvcIQAQ"",""Name"":""ASU Service - The College - Interplanetary Initiatives""}}},{""Parent"":{""Id"":""0PS0W000001GgzxWAC"",""Type"":""Profile"",""Label"":""00e0W000001lvdaQAA"",""PermissionSetGroupId"":null,""Profile"":{""attributes"":{""type"":""Profile"",""url"":""/services/data/v53.0/sobjects/Profile/00e0W000001lvdaQAA""},""Id"":""00e0W000001lvdaQAA"",""Name"":""ASU Service - Watts Bridging Success""}}},{""Parent"":{""Id"":""0PS0W000001GftOWAS"",""Type"":""Profile"",""Label"":""00e0W000001lvOQQAY"",""PermissionSetGroupId"":null,""Profile"":{""attributes"":{""type"":""Profile"",""url"":""/services/data/v53.0/sobjects/Profile/00e0W000001lvOQQAY""},""Id"":""00e0W000001lvOQQAY"",""Name"":""ASU Service - ASU Family Programs""}}},{""Parent"":{""Id"":""0PS0W000001Gg0eWAC"",""Type"":""Profile"",""Label"":""00e0W000001lvQvQAI"",""PermissionSetGroupId"":null,""Profile"":{""attributes"":{""type"":""Profile"",""url"":""/services/data/v53.0/sobjects/Profile/00e0W000001lvQvQAI""},""Id"":""00e0W000001lvQvQAI"",""Name"":""ASU Service - TC SOLS Academic Integrity""}}},{""Parent"":{""Id"":""0PS0W000001GiExWAK"",""Type"":""Profile"",""Label"":""00e0W000001lvubQAA"",""PermissionSetGroupId"":null,""Profile"":{""attributes"":{""type"":""Profile"",""url"":""/services/data/v53.0/sobjects/Profile/00e0W000001lvubQAA""},""Id"":""00e0W000001lvubQAA"",""Name"":""ASU Service - DNASU Plasmid Repository""}}},{""Parent"":{""Id"":""0PS0W000001bgzVWAQ"",""Type"":""Profile"",""Label"":""00e0W000001yXmFQAU"",""PermissionSetGroupId"":null,""Profile"":{""attributes"":{""type"":""Profile"",""url"":""/services/data/v53.0/sobjects/Profile/00e0W000001yXmFQAU""},""Id"":""00e0W000001yXmFQAU"",""Name"":""ASU Recruitment - Team (ESISD)""}}},{""Parent"":{""Id"":""0PS0W000001P1NAWA0"",""Type"":""Profile"",""Label"":""00e0W0000022hBdQAI"",""PermissionSetGroupId"":null,""Profile"":{""attributes"":{""type"":""Profile"",""url"":""/services/data/v53.0/sobjects/Profile/00e0W0000022hBdQAI""},""Id"":""00e0W0000022hBdQAI"",""Name"":""ASU Service - Success Courses""}}},{""Parent"":{""Id"":""0PS0W000001fphCWAQ"",""Type"":""Profile"",""Label"":""00e0W0000026u4qQAA"",""PermissionSetGroupId"":null,""Profile"":{""attributes"":{""type"":""Profile"",""url"":""/services/data/v53.0/sobjects/Profile/00e0W0000026u4qQAA""},""Id"":""00e0W0000026u4qQAA"",""Name"":""ASU Service - Opportunities for Youth""}}},{""Parent"":{""Id"":""0PS0W000001KoULWA0"",""Type"":""Profile"",""Label"":""00e0W000002B4xjQAC"",""PermissionSetGroupId"":null,""Profile"":{""attributes"":{""type"":""Profile"",""url"":""/services/data/v53.0/sobjects/Profile/00e0W000002B4xjQAC""},""Id"":""00e0W000002B4xjQAC"",""Name"":""ASU Service - ATCS and Study Abroad""}}},{""Parent"":{""Id"":""0PS0W000001KpSQWA0"",""Type"":""Profile"",""Label"":""00e0W000002B5TBQA0"",""PermissionSetGroupId"":null,""Profile"":{""attributes"":{""type"":""Profile"",""url"":""/services/data/v53.0/sobjects/Profile/00e0W000002B5TBQA0""},""Id"":""00e0W000002B5TBQA0"",""Name"":""ASU Service - TC - SCETL""}}},{""Parent"":{""Id"":""0PS0W000001sbaPWAQ"",""Type"":""Profile"",""Label"":""00e0W000002JZOFQA4"",""PermissionSetGroupId"":null,""Profile"":{""attributes"":{""type"":""Profile"",""url"":""/services/data/v53.0/sobjects/Profile/00e0W000002JZOFQA4""},""Id"":""00e0W000002JZOFQA4"",""Name"":""ASU Service - Explore""}}},{""Parent"":{""Id"":""0PS0W000001sbktWAA"",""Type"":""Profile"",""Label"":""00e0W000002JZROQA4"",""PermissionSetGroupId"":null,""Profile"":{""attributes"":{""type"":""Profile"",""url"":""/services/data/v53.0/sobjects/Profile/00e0W000002JZROQA4""},""Id"":""00e0W000002JZROQA4"",""Name"":""ASU Service - College of Global Futures""}}},{""Parent"":{""Id"":""0PS0W000001jz1PWAQ"",""Type"":""Profile"",""Label"":""00e0W000002NfGqQAK"",""PermissionSetGroupId"":null,""Profile"":{""attributes"":{""type"":""Profile"",""url"":""/services/data/v53.0/sobjects/Profile/00e0W000002NfGqQAK""},""Id"":""00e0W000002NfGqQAK"",""Name"":""ASU Service - Enrollment Analysis""}}},{""Parent"":{""Id"":""0PS0W000001k9UOWAY"",""Type"":""Profile"",""Label"":""00e0W000002NjQ0QAK"",""PermissionSetGroupId"":null,""Profile"":{""attributes"":{""type"":""Profile"",""url"":""/services/data/v53.0/sobjects/Profile/00e0W000002NjQ0QAK""},""Id"":""00e0W000002NjQ0QAK"",""Name"":""ASU Service - International Students and Scholars Center SMS""}}},{""Parent"":{""Id"":""0PS6T000001CZe3WAG"",""Type"":""Profile"",""Label"":""00e6T000001hlA1QAI"",""PermissionSetGroupId"":null,""Profile"":{""attributes"":{""type"":""Profile"",""url"":""/services/data/v53.0/sobjects/Profile/00e6T000001hlA1QAI""},""Id"":""00e6T000001hlA1QAI"",""Name"":""ASU Service - Engineering - Poly HR""}}},{""Parent"":{""Id"":""0PS6T000001k9crWAA"",""Type"":""Profile"",""Label"":""00e6T000002NjQeQAK"",""PermissionSetGroupId"":null,""Profile"":{""attributes"":{""type"":""Profile"",""url"":""/services/data/v53.0/sobjects/Profile/00e6T000002NjQeQAK""},""Id"":""00e6T000002NjQeQAK"",""Name"":""ASU Service - Information Technology Support Hub""}}},{""Parent"":{""Id"":""0PS6T000001kAE8WAM"",""Type"":""Profile"",""Label"":""00e6T000002NjSuQAK"",""PermissionSetGroupId"":null,""Profile"":{""attributes"":{""type"":""Profile"",""url"":""/services/data/v53.0/sobjects/Profile/00e6T000002NjSuQAK""},""Id"":""00e6T000002NjSuQAK"",""Name"":""ASU Service - SMS API""}}},{""Parent"":{""Id"":""0PSd0000000H441GAC"",""Type"":""Profile"",""Label"":""00ed0000000jbjMAAQ"",""PermissionSetGroupId"":null,""Profile"":{""attributes"":{""type"":""Profile"",""url"":""/services/data/v53.0/sobjects/Profile/00ed0000000jbjMAAQ""},""Id"":""00ed0000000jbjMAAQ"",""Name"":""ASU Service - Design and the Arts""}}},{""Parent"":{""Id"":""0PSd0000000H4AQGA0"",""Type"":""Profile"",""Label"":""00ed0000000jbo2AAA"",""PermissionSetGroupId"":null,""Profile"":{""attributes"":{""type"":""Profile"",""url"":""/services/data/v53.0/sobjects/Profile/00ed0000000jbo2AAA""},""Id"":""00ed0000000jbo2AAA"",""Name"":""ASU Service - International Initiatives Graduate Education""}}},{""Parent"":{""Id"":""0PSd0000000H4BxGAK"",""Type"":""Profile"",""Label"":""00ed0000000jboMAAQ"",""PermissionSetGroupId"":null,""Profile"":{""attributes"":{""type"":""Profile"",""url"":""/services/data/v53.0/sobjects/Profile/00ed0000000jboMAAQ""},""Id"":""00ed0000000jboMAAQ"",""Name"":""ASU Service - W. P. Carey Business""}}},{""Parent"":{""Id"":""0PSd0000000H4C2GAK"",""Type"":""Profile"",""Label"":""00ed0000000jboRAAQ"",""PermissionSetGroupId"":null,""Profile"":{""attributes"":{""type"":""Profile"",""url"":""/services/data/v53.0/sobjects/Profile/00ed0000000jboRAAQ""},""Id"":""00ed0000000jboRAAQ"",""Name"":""ASU Service - Parking and Transit Services""}}},{""Parent"":{""Id"":""0PSd0000000H4C7GAK"",""Type"":""Profile"",""Label"":""00ed0000000jboWAAQ"",""PermissionSetGroupId"":null,""Profile"":{""attributes"":{""type"":""Profile"",""url"":""/services/data/v53.0/sobjects/Profile/00ed0000000jboWAAQ""},""Id"":""00ed0000000jboWAAQ"",""Name"":""ASU Service - First Year Success Center""}}},{""Parent"":{""Id"":""0PSd0000000H4J3GAK"",""Type"":""Profile"",""Label"":""00ed0000000jbqhAAA"",""PermissionSetGroupId"":null,""Profile"":{""attributes"":{""type"":""Profile"",""url"":""/services/data/v53.0/sobjects/Profile/00ed0000000jbqhAAA""},""Id"":""00ed0000000jbqhAAA"",""Name"":""ASU Service - Pat Tillman Veteran Center""}}},{""Parent"":{""Id"":""0PSd0000000H4J8GAK"",""Type"":""Profile"",""Label"":""00ed0000000jbqmAAA"",""PermissionSetGroupId"":null,""Profile"":{""attributes"":{""type"":""Profile"",""url"":""/services/data/v53.0/sobjects/Profile/00ed0000000jbqmAAA""},""Id"":""00ed0000000jbqmAAA"",""Name"":""ASU Service - Thunderbird""}}},{""Parent"":{""Id"":""0PSd0000000H4N0GAK"",""Type"":""Profile"",""Label"":""00ed0000000jbtHAAQ"",""PermissionSetGroupId"":null,""Profile"":{""attributes"":{""type"":""Profile"",""url"":""/services/data/v53.0/sobjects/Profile/00ed0000000jbtHAAQ""},""Id"":""00ed0000000jbtHAAQ"",""Name"":""ASU Service - EOSS""}}},{""Parent"":{""Id"":""0PSd0000000H4N5GAK"",""Type"":""Profile"",""Label"":""00ed0000000jbtMAAQ"",""PermissionSetGroupId"":null,""Profile"":{""attributes"":{""type"":""Profile"",""url"":""/services/data/v53.0/sobjects/Profile/00ed0000000jbtMAAQ""},""Id"":""00ed0000000jbtMAAQ"",""Name"":""ASU Service - Sun Devil Card Services""}}},{""Parent"":{""Id"":""0PSd0000000H4NAGA0"",""Type"":""Profile"",""Label"":""00ed0000000jbtRAAQ"",""PermissionSetGroupId"":null,""Profile"":{""attributes"":{""type"":""Profile"",""url"":""/services/data/v53.0/sobjects/Profile/00ed0000000jbtRAAQ""},""Id"":""00ed0000000jbtRAAQ"",""Name"":""ASU Service - Career Services""}}},{""Parent"":{""Id"":""0PSd0000000H4PVGA0"",""Type"":""Profile"",""Label"":""00ed0000000jbu5AAA"",""PermissionSetGroupId"":null,""Profile"":{""attributes"":{""type"":""Profile"",""url"":""/services/data/v53.0/sobjects/Profile/00ed0000000jbu5AAA""},""Id"":""00ed0000000jbu5AAA"",""Name"":""ASU Service - University Academic Success Programs""}}},{""Parent"":{""Id"":""0PSd0000000H4PaGAK"",""Type"":""Profile"",""Label"":""00ed0000000jbuAAAQ"",""PermissionSetGroupId"":null,""Profile"":{""attributes"":{""type"":""Profile"",""url"":""/services/data/v53.0/sobjects/Profile/00ed0000000jbuAAAQ""},""Id"":""00ed0000000jbuAAAQ"",""Name"":""ASU Service - Honors""}}},{""Parent"":{""Id"":""0PSd0000000H4QTGA0"",""Type"":""Profile"",""Label"":""00ed0000000jbujAAA"",""PermissionSetGroupId"":null,""Profile"":{""attributes"":{""type"":""Profile"",""url"":""/services/data/v53.0/sobjects/Profile/00ed0000000jbujAAA""},""Id"":""00ed0000000jbujAAA"",""Name"":""ASU Service - Journalism""}}},{""Parent"":{""Id"":""0PSd0000000H4QYGA0"",""Type"":""Profile"",""Label"":""00ed0000000jbuoAAA"",""PermissionSetGroupId"":null,""Profile"":{""attributes"":{""type"":""Profile"",""url"":""/services/data/v53.0/sobjects/Profile/00ed0000000jbuoAAA""},""Id"":""00ed0000000jbuoAAA"",""Name"":""ASU Service - Office of the University Provost""}}},{""Parent"":{""Id"":""0PSd0000000H3g5GAC"",""Type"":""Profile"",""Label"":""00ed0000000jbV9AAI"",""PermissionSetGroupId"":null,""Profile"":{""attributes"":{""type"":""Profile"",""url"":""/services/data/v53.0/sobjects/Profile/00ed0000000jbV9AAI""},""Id"":""00ed0000000jbV9AAI"",""Name"":""ASU Service - TC - AIS""}}},{""Parent"":{""Id"":""0PSd0000000H3gAGAS"",""Type"":""Profile"",""Label"":""00ed0000000jbVEAAY"",""PermissionSetGroupId"":null,""Profile"":{""attributes"":{""type"":""Profile"",""url"":""/services/data/v53.0/sobjects/Profile/00ed0000000jbVEAAY""},""Id"":""00ed0000000jbVEAAY"",""Name"":""ASU Service - TC  - The Sanford School""}}},{""Parent"":{""Id"":""0PSd0000000H3gFGAS"",""Type"":""Profile"",""Label"":""00ed0000000jbVJAAY"",""PermissionSetGroupId"":null,""Profile"":{""attributes"":{""type"":""Profile"",""url"":""/services/data/v53.0/sobjects/Profile/00ed0000000jbVJAAY""},""Id"":""00ed0000000jbVJAAY"",""Name"":""ASU Service - TC - SST""}}},{""Parent"":{""Id"":""0PSd0000000H3gKGAS"",""Type"":""Profile"",""Label"":""00ed0000000jbVOAAY"",""PermissionSetGroupId"":null,""Profile"":{""attributes"":{""type"":""Profile"",""url"":""/services/data/v53.0/sobjects/Profile/00ed0000000jbVOAAY""},""Id"":""00ed0000000jbVOAAY"",""Name"":""ASU Service - TC - Army ROTC""}}},{""Parent"":{""Id"":""0PSd0000000H4ThGAK"",""Type"":""Profile"",""Label"":""00ed0000000jbwGAAQ"",""PermissionSetGroupId"":null,""Profile"":{""attributes"":{""type"":""Profile"",""url"":""/services/data/v53.0/sobjects/Profile/00ed0000000jbwGAAQ""},""Id"":""00ed0000000jbwGAAQ"",""Name"":""ASU Service - ASU Salesforce Support""}}},{""Parent"":{""Id"":""0PSd0000000H4WlGAK"",""Type"":""Profile"",""Label"":""00ed0000000jbyCAAQ"",""PermissionSetGroupId"":null,""Profile"":{""attributes"":{""type"":""Profile"",""url"":""/services/data/v53.0/sobjects/Profile/00ed0000000jbyCAAQ""},""Id"":""00ed0000000jbyCAAQ"",""Name"":""ASU Service - International Students and Scholars Center""}}},{""Parent"":{""Id"":""0PSd0000000H4XoGAK"",""Type"":""Profile"",""Label"":""00ed0000000jbylAAA"",""PermissionSetGroupId"":null,""Profile"":{""attributes"":{""type"":""Profile"",""url"":""/services/data/v53.0/sobjects/Profile/00ed0000000jbylAAA""},""Id"":""00ed0000000jbylAAA"",""Name"":""ASU Recruitment - Graduate Recruiter""}}},{""Parent"":{""Id"":""0PSd0000000H4ZLGA0"",""Type"":""Profile"",""Label"":""00ed0000000jbz0AAA"",""PermissionSetGroupId"":null,""Profile"":{""attributes"":{""type"":""Profile"",""url"":""/services/data/v53.0/sobjects/Profile/00ed0000000jbz0AAA""},""Id"":""00ed0000000jbz0AAA"",""Name"":""ASU Service - School for the Future of Innovation in Society""}}},{""Parent"":{""Id"":""0PSd0000000H4ZQGA0"",""Type"":""Profile"",""Label"":""00ed0000000jbz5AAA"",""PermissionSetGroupId"":null,""Profile"":{""attributes"":{""type"":""Profile"",""url"":""/services/data/v53.0/sobjects/Profile/00ed0000000jbz5AAA""},""Id"":""00ed0000000jbz5AAA"",""Name"":""ASU Service - American Indian Student Support Services""}}},{""Parent"":{""Id"":""0PSd0000000H4hyGAC"",""Type"":""Profile"",""Label"":""00ed0000000jc4eAAA"",""PermissionSetGroupId"":null,""Profile"":{""attributes"":{""type"":""Profile"",""url"":""/services/data/v53.0/sobjects/Profile/00ed0000000jc4eAAA""},""Id"":""00ed0000000jc4eAAA"",""Name"":""ASU Service - ASU Wellness""}}},{""Parent"":{""Id"":""0PSd0000000H4i3GAC"",""Type"":""Profile"",""Label"":""00ed0000000jc4jAAA"",""PermissionSetGroupId"":null,""Profile"":{""attributes"":{""type"":""Profile"",""url"":""/services/data/v53.0/sobjects/Profile/00ed0000000jc4jAAA""},""Id"":""00ed0000000jc4jAAA"",""Name"":""ASU Service - Student Engagement""}}},{""Parent"":{""Id"":""0PSd0000000H4i8GAC"",""Type"":""Profile"",""Label"":""00ed0000000jc4oAAA"",""PermissionSetGroupId"":null,""Profile"":{""attributes"":{""type"":""Profile"",""url"":""/services/data/v53.0/sobjects/Profile/00ed0000000jc4oAAA""},""Id"":""00ed0000000jc4oAAA"",""Name"":""ASU Service - TRIO""}}},{""Parent"":{""Id"":""0PSd0000000H4iXGAS"",""Type"":""Profile"",""Label"":""00ed0000000jc5DAAQ"",""PermissionSetGroupId"":null,""Profile"":{""attributes"":{""type"":""Profile"",""url"":""/services/data/v53.0/sobjects/Profile/00ed0000000jc5DAAQ""},""Id"":""00ed0000000jc5DAAQ"",""Name"":""ASU Service - TC - Air Force ROTC""}}},{""Parent"":{""Id"":""0PSd0000000H4icGAC"",""Type"":""Profile"",""Label"":""00ed0000000jc5IAAQ"",""PermissionSetGroupId"":null,""Profile"":{""attributes"":{""type"":""Profile"",""url"":""/services/data/v53.0/sobjects/Profile/00ed0000000jc5IAAQ""},""Id"":""00ed0000000jc5IAAQ"",""Name"":""ASU Service - TC - Navy ROTC""}}},{""Parent"":{""Id"":""0PSd0000000H4rKGAS"",""Type"":""Profile"",""Label"":""00ed0000000jc9PAAQ"",""PermissionSetGroupId"":null,""Profile"":{""attributes"":{""type"":""Profile"",""url"":""/services/data/v53.0/sobjects/Profile/00ed0000000jc9PAAQ""},""Id"":""00ed0000000jc9PAAQ"",""Name"":""ASU Service - Fraternity & Sorority Life""}}},{""Parent"":{""Id"":""0PSd0000000H4rPGAS"",""Type"":""Profile"",""Label"":""00ed0000000jc9UAAQ"",""PermissionSetGroupId"":null,""Profile"":{""attributes"":{""type"":""Profile"",""url"":""/services/data/v53.0/sobjects/Profile/00ed0000000jc9UAAQ""},""Id"":""00ed0000000jc9UAAQ"",""Name"":""ASU Service - Dean of Students""}}},{""Parent"":{""Id"":""0PSd0000000H4wyGAC"",""Type"":""Profile"",""Label"":""00ed0000000jcCOAAY"",""PermissionSetGroupId"":null,""Profile"":{""attributes"":{""type"":""Profile"",""url"":""/services/data/v53.0/sobjects/Profile/00ed0000000jcCOAAY""},""Id"":""00ed0000000jcCOAAY"",""Name"":""ASU Service - Enterprise Marketing Hub""}}},{""Parent"":{""Id"":""0PSd0000000H4x3GAC"",""Type"":""Profile"",""Label"":""00ed0000000jcCTAAY"",""PermissionSetGroupId"":null,""Profile"":{""attributes"":{""type"":""Profile"",""url"":""/services/data/v53.0/sobjects/Profile/00ed0000000jcCTAAY""},""Id"":""00ed0000000jcCTAAY"",""Name"":""ASU Service - Print Anywhere Tier 2""}}},{""Parent"":{""Id"":""0PSd0000000H4x8GAC"",""Type"":""Profile"",""Label"":""00ed0000000jcCYAAY"",""PermissionSetGroupId"":null,""Profile"":{""attributes"":{""type"":""Profile"",""url"":""/services/data/v53.0/sobjects/Profile/00ed0000000jcCYAAY""},""Id"":""00ed0000000jcCYAAY"",""Name"":""ASU Service - Sun Devil Fitness""}}},{""Parent"":{""Id"":""0PSd0000000H523GAC"",""Type"":""Profile"",""Label"":""00ed0000000jcFDAAY"",""PermissionSetGroupId"":null,""Profile"":{""attributes"":{""type"":""Profile"",""url"":""/services/data/v53.0/sobjects/Profile/00ed0000000jcFDAAY""},""Id"":""00ed0000000jcFDAAY"",""Name"":""ASU Service - MU Information Desk""}}},{""Parent"":{""Id"":""0PSd0000000H55HGAS"",""Type"":""Profile"",""Label"":""00ed0000000jcGQAAY"",""PermissionSetGroupId"":null,""Profile"":{""attributes"":{""type"":""Profile"",""url"":""/services/data/v53.0/sobjects/Profile/00ed0000000jcGQAAY""},""Id"":""00ed0000000jcGQAAY"",""Name"":""ASU Service - Sun Devil Dining""}}},{""Parent"":{""Id"":""0PSd0000000H5zBGAS"",""Type"":""Profile"",""Label"":""00ed0000000jcPXAAY"",""PermissionSetGroupId"":null,""Profile"":{""attributes"":{""type"":""Profile"",""url"":""/services/data/v53.0/sobjects/Profile/00ed0000000jcPXAAY""},""Id"":""00ed0000000jcPXAAY"",""Name"":""ASU Service - Student Government""}}},{""Parent"":{""Id"":""0PSd0000000H6BWGA0"",""Type"":""Profile"",""Label"":""00ed0000000jcWYAAY"",""PermissionSetGroupId"":null,""Profile"":{""attributes"":{""type"":""Profile"",""url"":""/services/data/v53.0/sobjects/Profile/00ed0000000jcWYAAY""},""Id"":""00ed0000000jcWYAAY"",""Name"":""ASU Service - Strategic Initiatives""}}},{""Parent"":{""Id"":""0PSd0000000qjenGAA"",""Type"":""Profile"",""Label"":""00ed00000019invAAA"",""PermissionSetGroupId"":null,""Profile"":{""attributes"":{""type"":""Profile"",""url"":""/services/data/v53.0/sobjects/Profile/00ed00000019invAAA""},""Id"":""00ed00000019invAAA"",""Name"":""ASU Read Only""}}},{""Parent"":{""Id"":""0PSd0000000qUhbGAE"",""Type"":""Profile"",""Label"":""00ed00000019TqNAAU"",""PermissionSetGroupId"":null,""Profile"":{""attributes"":{""type"":""Profile"",""url"":""/services/data/v53.0/sobjects/Profile/00ed00000019TqNAAU""},""Id"":""00ed00000019TqNAAU"",""Name"":""ASU Marketing User""}}},{""Parent"":{""Id"":""0PSd0000000qzaSGAQ"",""Type"":""Profile"",""Label"":""00ed00000019yBlAAI"",""PermissionSetGroupId"":null,""Profile"":{""attributes"":{""type"":""Profile"",""url"":""/services/data/v53.0/sobjects/Profile/00ed00000019yBlAAI""},""Id"":""00ed00000019yBlAAI"",""Name"":""ASU Service - Financial Aid""}}},{""Parent"":{""Id"":""0PSd0000000qzawGAA"",""Type"":""Profile"",""Label"":""00ed00000019yC5AAI"",""PermissionSetGroupId"":null,""Profile"":{""attributes"":{""type"":""Profile"",""url"":""/services/data/v53.0/sobjects/Profile/00ed00000019yC5AAI""},""Id"":""00ed00000019yC5AAI"",""Name"":""ASU Service - Registrar""}}},{""Parent"":{""Id"":""0PSd0000000qzb1GAA"",""Type"":""Profile"",""Label"":""00ed00000019yCAAAY"",""PermissionSetGroupId"":null,""Profile"":{""attributes"":{""type"":""Profile"",""url"":""/services/data/v53.0/sobjects/Profile/00ed00000019yCAAAY""},""Id"":""00ed00000019yCAAAY"",""Name"":""ASU Service - Student Business Services""}}},{""Parent"":{""Id"":""0PSd0000000qzl5GAA"",""Type"":""Profile"",""Label"":""00ed00000019yKBAAY"",""PermissionSetGroupId"":null,""Profile"":{""attributes"":{""type"":""Profile"",""url"":""/services/data/v53.0/sobjects/Profile/00ed00000019yKBAAY""},""Id"":""00ed00000019yKBAAY"",""Name"":""ASU View All Data""}}},{""Parent"":{""Id"":""0PSd0000000r0cAGAQ"",""Type"":""Profile"",""Label"":""00ed00000019z62AAA"",""PermissionSetGroupId"":null,""Profile"":{""attributes"":{""type"":""Profile"",""url"":""/services/data/v53.0/sobjects/Profile/00ed00000019z62AAA""},""Id"":""00ed00000019z62AAA"",""Name"":""ASU Service - ASU Online""}}},{""Parent"":{""Id"":""0PSd0000000r0cFGAQ"",""Type"":""Profile"",""Label"":""00ed00000019z67AAA"",""PermissionSetGroupId"":null,""Profile"":{""attributes"":{""type"":""Profile"",""url"":""/services/data/v53.0/sobjects/Profile/00ed00000019z67AAA""},""Id"":""00ed00000019z67AAA"",""Name"":""ASU Service - ESM Online""}}},{""Parent"":{""Id"":""0PSd0000000r0cKGAQ"",""Type"":""Profile"",""Label"":""00ed00000019z6CAAQ"",""PermissionSetGroupId"":null,""Profile"":{""attributes"":{""type"":""Profile"",""url"":""/services/data/v53.0/sobjects/Profile/00ed00000019z6CAAQ""},""Id"":""00ed00000019z6CAAQ"",""Name"":""ASU Service - Help Desk""}}},{""Parent"":{""Id"":""0PSd0000000r0qtGAA"",""Type"":""Profile"",""Label"":""00ed00000019zIqAAI"",""PermissionSetGroupId"":null,""Profile"":{""attributes"":{""type"":""Profile"",""url"":""/services/data/v53.0/sobjects/Profile/00ed00000019zIqAAI""},""Id"":""00ed00000019zIqAAI"",""Name"":""ASU Service - W. P. Carey Tech Services""}}},{""Parent"":{""Id"":""0PSd0000000r1SFGAY"",""Type"":""Profile"",""Label"":""00ed00000019zqdAAA"",""PermissionSetGroupId"":null,""Profile"":{""attributes"":{""type"":""Profile"",""url"":""/services/data/v53.0/sobjects/Profile/00ed00000019zqdAAA""},""Id"":""00ed00000019zqdAAA"",""Name"":""ASU Service - Tech Studio""}}},{""Parent"":{""Id"":""0PSd0000000r1SKGAY"",""Type"":""Profile"",""Label"":""00ed00000019zqiAAA"",""PermissionSetGroupId"":null,""Profile"":{""attributes"":{""type"":""Profile"",""url"":""/services/data/v53.0/sobjects/Profile/00ed00000019zqiAAA""},""Id"":""00ed00000019zqiAAA"",""Name"":""ASU Service - Engineering IT""}}},{""Parent"":{""Id"":""0PSd0000000r1SAGAY"",""Type"":""Profile"",""Label"":""00ed00000019zqYAAQ"",""PermissionSetGroupId"":null,""Profile"":{""attributes"":{""type"":""Profile"",""url"":""/services/data/v53.0/sobjects/Profile/00ed00000019zqYAAQ""},""Id"":""00ed00000019zqYAAQ"",""Name"":""ASU Service - Identity Management""}}},{""Parent"":{""Id"":""0PSd0000000r2e7GAA"",""Type"":""Profile"",""Label"":""00ed0000001A0pMAAS"",""PermissionSetGroupId"":null,""Profile"":{""attributes"":{""type"":""Profile"",""url"":""/services/data/v53.0/sobjects/Profile/00ed0000001A0pMAAS""},""Id"":""00ed0000001A0pMAAS"",""Name"":""ASU Service - Student Success Innovations""}}},{""Parent"":{""Id"":""0PSd0000000r2eCGAQ"",""Type"":""Profile"",""Label"":""00ed0000001A0pRAAS"",""PermissionSetGroupId"":null,""Profile"":{""attributes"":{""type"":""Profile"",""url"":""/services/data/v53.0/sobjects/Profile/00ed0000001A0pRAAS""},""Id"":""00ed0000001A0pRAAS"",""Name"":""ASU Service - Office of the President""}}},{""Parent"":{""Id"":""0PSd0000000r28IGAQ"",""Type"":""Profile"",""Label"":""00ed0000001A0PwAAK"",""PermissionSetGroupId"":null,""Profile"":{""attributes"":{""type"":""Profile"",""url"":""/services/data/v53.0/sobjects/Profile/00ed0000001A0PwAAK""},""Id"":""00ed0000001A0PwAAK"",""Name"":""ASU Service - Library Services(ARCHIVE)""}}},{""Parent"":{""Id"":""0PSd0000000r3amGAA"",""Type"":""Profile"",""Label"":""00ed0000001A1eqAAC"",""PermissionSetGroupId"":null,""Profile"":{""attributes"":{""type"":""Profile"",""url"":""/services/data/v53.0/sobjects/Profile/00ed0000001A1eqAAC""},""Id"":""00ed0000001A1eqAAC"",""Name"":""ASU Service - Integrated Services""}}},{""Parent"":{""Id"":""0PSd0000000r39YGAQ"",""Type"":""Profile"",""Label"":""00ed0000001A1GfAAK"",""PermissionSetGroupId"":null,""Profile"":{""attributes"":{""type"":""Profile"",""url"":""/services/data/v53.0/sobjects/Profile/00ed0000001A1GfAAK""},""Id"":""00ed0000001A1GfAAK"",""Name"":""ASU Service - TEMPLATE""}}},{""Parent"":{""Id"":""0PSd0000000r3KbGAI"",""Type"":""Profile"",""Label"":""00ed0000001A1OlAAK"",""PermissionSetGroupId"":null,""Profile"":{""attributes"":{""type"":""Profile"",""url"":""/services/data/v53.0/sobjects/Profile/00ed0000001A1OlAAK""},""Id"":""00ed0000001A1OlAAK"",""Name"":""ASU Service - Graduate College""}}},{""Parent"":{""Id"":""0PSd0000000r3syGAA"",""Type"":""Profile"",""Label"":""00ed0000001A1s3AAC"",""PermissionSetGroupId"":null,""Profile"":{""attributes"":{""type"":""Profile"",""url"":""/services/data/v53.0/sobjects/Profile/00ed0000001A1s3AAC""},""Id"":""00ed0000001A1s3AAC"",""Name"":""ASU Recruitment - Applicant Services""}}},{""Parent"":{""Id"":""0PSd0000000r3t3GAA"",""Type"":""Profile"",""Label"":""00ed0000001A1s8AAC"",""PermissionSetGroupId"":null,""Profile"":{""attributes"":{""type"":""Profile"",""url"":""/services/data/v53.0/sobjects/Profile/00ed0000001A1s8AAC""},""Id"":""00ed0000001A1s8AAC"",""Name"":""ASU Recruitment - Business Operations""}}},{""Parent"":{""Id"":""0PSd0000000r3t8GAA"",""Type"":""Profile"",""Label"":""00ed0000001A1sDAAS"",""PermissionSetGroupId"":null,""Profile"":{""attributes"":{""type"":""Profile"",""url"":""/services/data/v53.0/sobjects/Profile/00ed0000001A1sDAAS""},""Id"":""00ed0000001A1sDAAS"",""Name"":""ASU Recruitment - Freshman Recruiter""}}},{""Parent"":{""Id"":""0PSd0000000r3tcGAA"",""Type"":""Profile"",""Label"":""00ed0000001A1shAAC"",""PermissionSetGroupId"":null,""Profile"":{""attributes"":{""type"":""Profile"",""url"":""/services/data/v53.0/sobjects/Profile/00ed0000001A1shAAC""},""Id"":""00ed0000001A1shAAC"",""Name"":""ASU Recruitment - Admission Services""}}},{""Parent"":{""Id"":""0PSd0000000r3tDGAQ"",""Type"":""Profile"",""Label"":""00ed0000001A1sIAAS"",""PermissionSetGroupId"":null,""Profile"":{""attributes"":{""type"":""Profile"",""url"":""/services/data/v53.0/sobjects/Profile/00ed0000001A1sIAAS""},""Id"":""00ed0000001A1sIAAS"",""Name"":""ASU Recruitment - Transfer Recruiter""}}},{""Parent"":{""Id"":""0PSd0000000r3tIGAQ"",""Type"":""Profile"",""Label"":""00ed0000001A1sNAAS"",""PermissionSetGroupId"":null,""Profile"":{""attributes"":{""type"":""Profile"",""url"":""/services/data/v53.0/sobjects/Profile/00ed0000001A1sNAAS""},""Id"":""00ed0000001A1sNAAS"",""Name"":""ASU Recruitment - International Recruiter""}}},{""Parent"":{""Id"":""0PSd0000000r3tNGAQ"",""Type"":""Profile"",""Label"":""00ed0000001A1sSAAS"",""PermissionSetGroupId"":null,""Profile"":{""attributes"":{""type"":""Profile"",""url"":""/services/data/v53.0/sobjects/Profile/00ed0000001A1sSAAS""},""Id"":""00ed0000001A1sSAAS"",""Name"":""ASU Recruitment - Events""}}},{""Parent"":{""Id"":""0PSd0000000r3tSGAQ"",""Type"":""Profile"",""Label"":""00ed0000001A1sXAAS"",""PermissionSetGroupId"":null,""Profile"":{""attributes"":{""type"":""Profile"",""url"":""/services/data/v53.0/sobjects/Profile/00ed0000001A1sXAAS""},""Id"":""00ed0000001A1sXAAS"",""Name"":""ASU Recruitment - Havasu""}}},{""Parent"":{""Id"":""0PSd0000000r453GAA"",""Type"":""Profile"",""Label"":""00ed0000001A204AAC"",""PermissionSetGroupId"":null,""Profile"":{""attributes"":{""type"":""Profile"",""url"":""/services/data/v53.0/sobjects/Profile/00ed0000001A204AAC""},""Id"":""00ed0000001A204AAC"",""Name"":""ASU Recruitment - Leads (ESISD)""}}},{""Parent"":{""Id"":""0PSd0000000r49zGAA"",""Type"":""Profile"",""Label"":""00ed0000001A24iAAC"",""PermissionSetGroupId"":null,""Profile"":{""attributes"":{""type"":""Profile"",""url"":""/services/data/v53.0/sobjects/Profile/00ed0000001A24iAAC""},""Id"":""00ed0000001A24iAAC"",""Name"":""ASU Corporate Relations""}}},{""Parent"":{""Id"":""0PSd0000000r4s2GAA"",""Type"":""Profile"",""Label"":""00ed0000001A2dLAAS"",""PermissionSetGroupId"":null,""Profile"":{""attributes"":{""type"":""Profile"",""url"":""/services/data/v53.0/sobjects/Profile/00ed0000001A2dLAAS""},""Id"":""00ed0000001A2dLAAS"",""Name"":""ASU Service - Engineering - Dean's Office""}}},{""Parent"":{""Id"":""0PSd0000000r4tZGAQ"",""Type"":""Profile"",""Label"":""00ed0000001A2eaAAC"",""PermissionSetGroupId"":null,""Profile"":{""attributes"":{""type"":""Profile"",""url"":""/services/data/v53.0/sobjects/Profile/00ed0000001A2eaAAC""},""Id"":""00ed0000001A2eaAAC"",""Name"":""ASU Service - Engineering - GOEE""}}},{""Parent"":{""Id"":""0PSd0000000r4teGAA"",""Type"":""Profile"",""Label"":""00ed0000001A2efAAC"",""PermissionSetGroupId"":null,""Profile"":{""attributes"":{""type"":""Profile"",""url"":""/services/data/v53.0/sobjects/Profile/00ed0000001A2efAAC""},""Id"":""00ed0000001A2efAAC"",""Name"":""ASU Service - Engineering - Poly""}}},{""Parent"":{""Id"":""0PSd0000000r4tjGAA"",""Type"":""Profile"",""Label"":""00ed0000001A2ekAAC"",""PermissionSetGroupId"":null,""Profile"":{""attributes"":{""type"":""Profile"",""url"":""/services/data/v53.0/sobjects/Profile/00ed0000001A2ekAAC""},""Id"":""00ed0000001A2ekAAC"",""Name"":""ASU Service - Engineering - SBHSE""}}},{""Parent"":{""Id"":""0PSd0000000r4toGAA"",""Type"":""Profile"",""Label"":""00ed0000001A2epAAC"",""PermissionSetGroupId"":null,""Profile"":{""attributes"":{""type"":""Profile"",""url"":""/services/data/v53.0/sobjects/Profile/00ed0000001A2epAAC""},""Id"":""00ed0000001A2epAAC"",""Name"":""ASU Service - Engineering - SEMTE""}}},{""Parent"":{""Id"":""0PSd0000000r4ttGAA"",""Type"":""Profile"",""Label"":""00ed0000001A2euAAC"",""PermissionSetGroupId"":null,""Profile"":{""attributes"":{""type"":""Profile"",""url"":""/services/data/v53.0/sobjects/Profile/00ed0000001A2euAAC""},""Id"":""00ed0000001A2euAAC"",""Name"":""ASU Service - Engineering - SSEBE""}}},{""Parent"":{""Id"":""0PSd0000000r4tUGAQ"",""Type"":""Profile"",""Label"":""00ed0000001A2eVAAS"",""PermissionSetGroupId"":null,""Profile"":{""attributes"":{""type"":""Profile"",""url"":""/services/data/v53.0/sobjects/Profile/00ed0000001A2eVAAS""},""Id"":""00ed0000001A2eVAAS"",""Name"":""ASU Service - Engineering - ECEE""}}},{""Parent"":{""Id"":""0PSd0000000r4tyGAA"",""Type"":""Profile"",""Label"":""00ed0000001A2ezAAC"",""PermissionSetGroupId"":null,""Profile"":{""attributes"":{""type"":""Profile"",""url"":""/services/data/v53.0/sobjects/Profile/00ed0000001A2ezAAC""},""Id"":""00ed0000001A2ezAAC"",""Name"":""ASU Service - Engineering - CIDSE""}}},{""Parent"":{""Id"":""0PSd0000000r4bhGAA"",""Type"":""Profile"",""Label"":""00ed0000001A2QNAA0"",""PermissionSetGroupId"":null,""Profile"":{""attributes"":{""type"":""Profile"",""url"":""/services/data/v53.0/sobjects/Profile/00ed0000001A2QNAA0""},""Id"":""00ed0000001A2QNAA0"",""Name"":""ASU Service - Access ASU Outreach""}}},{""Parent"":{""Id"":""0PSd0000000r5c8GAA"",""Type"":""Profile"",""Label"":""00ed0000001A3CUAA0"",""PermissionSetGroupId"":null,""Profile"":{""attributes"":{""type"":""Profile"",""url"":""/services/data/v53.0/sobjects/Profile/00ed0000001A3CUAA0""},""Id"":""00ed0000001A3CUAA0"",""Name"":""ASU Service - New Student Programs""}}},{""Parent"":{""Id"":""0PSd0000000r6MUGAY"",""Type"":""Profile"",""Label"":""00ed0000001A3nIAAS"",""PermissionSetGroupId"":null,""Profile"":{""attributes"":{""type"":""Profile"",""url"":""/services/data/v53.0/sobjects/Profile/00ed0000001A3nIAAS""},""Id"":""00ed0000001A3nIAAS"",""Name"":""ASU Service - University Housing""}}},{""Parent"":{""Id"":""0PSd0000000r60sGAA"",""Type"":""Profile"",""Label"":""00ed0000001A3X8AAK"",""PermissionSetGroupId"":null,""Profile"":{""attributes"":{""type"":""Profile"",""url"":""/services/data/v53.0/sobjects/Profile/00ed0000001A3X8AAK""},""Id"":""00ed0000001A3X8AAK"",""Name"":""ASU Training - College of ASU""}}},{""Parent"":{""Id"":""0PSd0000000r60xGAA"",""Type"":""Profile"",""Label"":""00ed0000001A3XDAA0"",""PermissionSetGroupId"":null,""Profile"":{""attributes"":{""type"":""Profile"",""url"":""/services/data/v53.0/sobjects/Profile/00ed0000001A3XDAA0""},""Id"":""00ed0000001A3XDAA0"",""Name"":""ASU Training - Department of ASU""}}},{""Parent"":{""Id"":""0PSd0000000r6ggGAA"",""Type"":""Profile"",""Label"":""00ed0000001A41pAAC"",""PermissionSetGroupId"":null,""Profile"":{""attributes"":{""type"":""Profile"",""url"":""/services/data/v53.0/sobjects/Profile/00ed0000001A41pAAC""},""Id"":""00ed0000001A41pAAC"",""Name"":""ASU Service - Sustainability""}}},{""Parent"":{""Id"":""0PSd0000000r6pgGAA"",""Type"":""Profile"",""Label"":""00ed0000001A49IAAS"",""PermissionSetGroupId"":null,""Profile"":{""attributes"":{""type"":""Profile"",""url"":""/services/data/v53.0/sobjects/Profile/00ed0000001A49IAAS""},""Id"":""00ed0000001A49IAAS"",""Name"":""ASU Service - Teachers College""}}},{""Parent"":{""Id"":""0PSd0000000r7PNGAY"",""Type"":""Profile"",""Label"":""00ed0000001A4dEAAS"",""PermissionSetGroupId"":null,""Profile"":{""attributes"":{""type"":""Profile"",""url"":""/services/data/v53.0/sobjects/Profile/00ed0000001A4dEAAS""},""Id"":""00ed0000001A4dEAAS"",""Name"":""ASU Service - Public Service""}}},{""Parent"":{""Id"":""0PSd0000000r7C5GAI"",""Type"":""Profile"",""Label"":""00ed0000001A4OpAAK"",""PermissionSetGroupId"":null,""Profile"":{""attributes"":{""type"":""Profile"",""url"":""/services/data/v53.0/sobjects/Profile/00ed0000001A4OpAAK""},""Id"":""00ed0000001A4OpAAK"",""Name"":""ASU Service - Nursing""}}},{""Parent"":{""Id"":""0PSd0000000r7FiGAI"",""Type"":""Profile"",""Label"":""00ed0000001A4RAAA0"",""PermissionSetGroupId"":null,""Profile"":{""attributes"":{""type"":""Profile"",""url"":""/services/data/v53.0/sobjects/Profile/00ed0000001A4RAAA0""},""Id"":""00ed0000001A4RAAA0"",""Name"":""ASU Service - Health Solutions""}}},{""Parent"":{""Id"":""0PSd0000000r7nEGAQ"",""Type"":""Profile"",""Label"":""00ed0000001A4x8AAC"",""PermissionSetGroupId"":null,""Profile"":{""attributes"":{""type"":""Profile"",""url"":""/services/data/v53.0/sobjects/Profile/00ed0000001A4x8AAC""},""Id"":""00ed0000001A4x8AAC"",""Name"":""ASU Service - New College""}}},{""Parent"":{""Id"":""0PSd0000000r7tuGAA"",""Type"":""Profile"",""Label"":""00ed0000001A52VAAS"",""PermissionSetGroupId"":null,""Profile"":{""attributes"":{""type"":""Profile"",""url"":""/services/data/v53.0/sobjects/Profile/00ed0000001A52VAAS""},""Id"":""00ed0000001A52VAAS"",""Name"":""ASU Service - Universal Learner Courses""}}},{""Parent"":{""Id"":""0PSd0000000r7v8GAA"",""Type"":""Profile"",""Label"":""00ed0000001A53VAAS"",""PermissionSetGroupId"":null,""Profile"":{""attributes"":{""type"":""Profile"",""url"":""/services/data/v53.0/sobjects/Profile/00ed0000001A53VAAS""},""Id"":""00ed0000001A53VAAS"",""Name"":""ASU Service - LMS Support""}}},{""Parent"":{""Id"":""0PSd0000000r8fDGAQ"",""Type"":""Profile"",""Label"":""00ed0000001A5dbAAC"",""PermissionSetGroupId"":null,""Profile"":{""attributes"":{""type"":""Profile"",""url"":""/services/data/v53.0/sobjects/Profile/00ed0000001A5dbAAC""},""Id"":""00ed0000001A5dbAAC"",""Name"":""ASU Service - Academic Transfer Credit Solutions""}}},{""Parent"":{""Id"":""0PSd0000000r8gGGAQ"",""Type"":""Profile"",""Label"":""00ed0000001A5e5AAC"",""PermissionSetGroupId"":null,""Profile"":{""attributes"":{""type"":""Profile"",""url"":""/services/data/v53.0/sobjects/Profile/00ed0000001A5e5AAC""},""Id"":""00ed0000001A5e5AAC"",""Name"":""ASU Service - TC - Dean's Office""}}},{""Parent"":{""Id"":""0PSd0000000r8zQGAQ"",""Type"":""Profile"",""Label"":""00ed0000001A5pHAAS"",""PermissionSetGroupId"":null,""Profile"":{""attributes"":{""type"":""Profile"",""url"":""/services/data/v53.0/sobjects/Profile/00ed0000001A5pHAAS""},""Id"":""00ed0000001A5pHAAS"",""Name"":""ASU Service - TC - English""}}},{""Parent"":{""Id"":""0PSd0000000r8zVGAQ"",""Type"":""Profile"",""Label"":""00ed0000001A5pMAAS"",""PermissionSetGroupId"":null,""Profile"":{""attributes"":{""type"":""Profile"",""url"":""/services/data/v53.0/sobjects/Profile/00ed0000001A5pMAAS""},""Id"":""00ed0000001A5pMAAS"",""Name"":""ASU Service - TC - SILC""}}},{""Parent"":{""Id"":""0PSd0000000r8zaGAA"",""Type"":""Profile"",""Label"":""00ed0000001A5pRAAS"",""PermissionSetGroupId"":null,""Profile"":{""attributes"":{""type"":""Profile"",""url"":""/services/data/v53.0/sobjects/Profile/00ed0000001A5pRAAS""},""Id"":""00ed0000001A5pRAAS"",""Name"":""ASU Service - TC - SHPRS""}}},{""Parent"":{""Id"":""0PSd0000000r93BGAQ"",""Type"":""Profile"",""Label"":""00ed0000001A5rcAAC"",""PermissionSetGroupId"":null,""Profile"":{""attributes"":{""type"":""Profile"",""url"":""/services/data/v53.0/sobjects/Profile/00ed0000001A5rcAAC""},""Id"":""00ed0000001A5rcAAC"",""Name"":""ASU Service - TC - SESE""}}},{""Parent"":{""Id"":""0PSd0000000r92mGAA"",""Type"":""Profile"",""Label"":""00ed0000001A5rDAAS"",""PermissionSetGroupId"":null,""Profile"":{""attributes"":{""type"":""Profile"",""url"":""/services/data/v53.0/sobjects/Profile/00ed0000001A5rDAAS""},""Id"":""00ed0000001A5rDAAS"",""Name"":""ASU Service - TC - SOLS""}}},{""Parent"":{""Id"":""0PSd0000000r92rGAA"",""Type"":""Profile"",""Label"":""00ed0000001A5rIAAS"",""PermissionSetGroupId"":null,""Profile"":{""attributes"":{""type"":""Profile"",""url"":""/services/data/v53.0/sobjects/Profile/00ed0000001A5rIAAS""},""Id"":""00ed0000001A5rIAAS"",""Name"":""ASU Service - TC - SoMSS""}}},{""Parent"":{""Id"":""0PSd0000000r92wGAA"",""Type"":""Profile"",""Label"":""00ed0000001A5rNAAS"",""PermissionSetGroupId"":null,""Profile"":{""attributes"":{""type"":""Profile"",""url"":""/services/data/v53.0/sobjects/Profile/00ed0000001A5rNAAS""},""Id"":""00ed0000001A5rNAAS"",""Name"":""ASU Service - TC  - SMS""}}},{""Parent"":{""Id"":""0PSd0000000r931GAA"",""Type"":""Profile"",""Label"":""00ed0000001A5rSAAS"",""PermissionSetGroupId"":null,""Profile"":{""attributes"":{""type"":""Profile"",""url"":""/services/data/v53.0/sobjects/Profile/00ed0000001A5rSAAS""},""Id"":""00ed0000001A5rSAAS"",""Name"":""ASU Service - TC - Physics""}}},{""Parent"":{""Id"":""0PSd0000000r936GAA"",""Type"":""Profile"",""Label"":""00ed0000001A5rXAAS"",""PermissionSetGroupId"":null,""Profile"":{""attributes"":{""type"":""Profile"",""url"":""/services/data/v53.0/sobjects/Profile/00ed0000001A5rXAAS""},""Id"":""00ed0000001A5rXAAS"",""Name"":""ASU Service - TC - Psychology""}}},{""Parent"":{""Id"":""0PSd0000000r8PUGAY"",""Type"":""Profile"",""Label"":""00ed0000001A5S7AAK"",""PermissionSetGroupId"":null,""Profile"":{""attributes"":{""type"":""Profile"",""url"":""/services/data/v53.0/sobjects/Profile/00ed0000001A5S7AAK""},""Id"":""00ed0000001A5S7AAK"",""Name"":""ASU Service - Curricular Activities and Actions""}}},{""Parent"":{""Id"":""0PSd0000000r97mGAA"",""Type"":""Profile"",""Label"":""00ed0000001A5udAAC"",""PermissionSetGroupId"":null,""Profile"":{""attributes"":{""type"":""Profile"",""url"":""/services/data/v53.0/sobjects/Profile/00ed0000001A5udAAC""},""Id"":""00ed0000001A5udAAC"",""Name"":""ASU Service - TC - STS""}}},{""Parent"":{""Id"":""0PSd0000000r97SGAQ"",""Type"":""Profile"",""Label"":""00ed0000001A5uJAAS"",""PermissionSetGroupId"":null,""Profile"":{""attributes"":{""type"":""Profile"",""url"":""/services/data/v53.0/sobjects/Profile/00ed0000001A5uJAAS""},""Id"":""00ed0000001A5uJAAS"",""Name"":""ASU Service - TC - SGSUP""}}},{""Parent"":{""Id"":""0PSd0000000r97XGAQ"",""Type"":""Profile"",""Label"":""00ed0000001A5uOAAS"",""PermissionSetGroupId"":null,""Profile"":{""attributes"":{""type"":""Profile"",""url"":""/services/data/v53.0/sobjects/Profile/00ed0000001A5uOAAS""},""Id"":""00ed0000001A5uOAAS"",""Name"":""ASU Service - TC - HDSHC""}}},{""Parent"":{""Id"":""0PSd0000000r97cGAA"",""Type"":""Profile"",""Label"":""00ed0000001A5uTAAS"",""PermissionSetGroupId"":null,""Profile"":{""attributes"":{""type"":""Profile"",""url"":""/services/data/v53.0/sobjects/Profile/00ed0000001A5uTAAS""},""Id"":""00ed0000001A5uTAAS"",""Name"":""ASU Service - TC - SPGS""}}},{""Parent"":{""Id"":""0PSd0000000r97hGAA"",""Type"":""Profile"",""Label"":""00ed0000001A5uYAAS"",""PermissionSetGroupId"":null,""Profile"":{""attributes"":{""type"":""Profile"",""url"":""/services/data/v53.0/sobjects/Profile/00ed0000001A5uYAAS""},""Id"":""00ed0000001A5uYAAS"",""Name"":""ASU Service - TC - SHESC""}}},{""Parent"":{""Id"":""0PSd0000000r9AFGAY"",""Type"":""Profile"",""Label"":""00ed0000001A5vnAAC"",""PermissionSetGroupId"":null,""Profile"":{""attributes"":{""type"":""Profile"",""url"":""/services/data/v53.0/sobjects/Profile/00ed0000001A5vnAAC""},""Id"":""00ed0000001A5vnAAC"",""Name"":""ASU Service - Integrative Sciences and Arts""}}},{""Parent"":{""Id"":""0PSd0000000r8ZaGAI"",""Type"":""Profile"",""Label"":""00ed0000001A5ZRAA0"",""PermissionSetGroupId"":null,""Profile"":{""attributes"":{""type"":""Profile"",""url"":""/services/data/v53.0/sobjects/Profile/00ed0000001A5ZRAA0""},""Id"":""00ed0000001A5ZRAA0"",""Name"":""ASU Service - Global Education Office""}}},{""Parent"":{""Id"":""0PSd0000000rAdhGAE"",""Type"":""Profile"",""Label"":""00ed0000001A6alAAC"",""PermissionSetGroupId"":null,""Profile"":{""attributes"":{""type"":""Profile"",""url"":""/services/data/v53.0/sobjects/Profile/00ed0000001A6alAAC""},""Id"":""00ed0000001A6alAAC"",""Name"":""ASU Service - Student & Cultural Engagement""}}},{""Parent"":{""Id"":""0PSd0000000rAdmGAE"",""Type"":""Profile"",""Label"":""00ed0000001A6aqAAC"",""PermissionSetGroupId"":null,""Profile"":{""attributes"":{""type"":""Profile"",""url"":""/services/data/v53.0/sobjects/Profile/00ed0000001A6aqAAC""},""Id"":""00ed0000001A6aqAAC"",""Name"":""ASU Service - International Student Engagement""}}},{""Parent"":{""Id"":""0PSd0000000rAdrGAE"",""Type"":""Profile"",""Label"":""00ed0000001A6avAAC"",""PermissionSetGroupId"":null,""Profile"":{""attributes"":{""type"":""Profile"",""url"":""/services/data/v53.0/sobjects/Profile/00ed0000001A6avAAC""},""Id"":""00ed0000001A6avAAC"",""Name"":""ASU Service - Changemaker Central""}}},{""Parent"":{""Id"":""0PSd0000001o7EsGAI"",""Type"":""Profile"",""Label"":""00ed0000002FFRcAAO"",""PermissionSetGroupId"":null,""Profile"":{""attributes"":{""type"":""Profile"",""url"":""/services/data/v53.0/sobjects/Profile/00ed0000002FFRcAAO""},""Id"":""00ed0000002FFRcAAO"",""Name"":""ASU Recruitment - Freshman Recruiter (Temp Access to Org Wide)""}}},{""Parent"":{""Id"":""0PSd0000001o7ETGAY"",""Type"":""Profile"",""Label"":""00ed0000002FFRSAA4"",""PermissionSetGroupId"":null,""Profile"":{""attributes"":{""type"":""Profile"",""url"":""/services/data/v53.0/sobjects/Profile/00ed0000002FFRSAA4""},""Id"":""00ed0000002FFRSAA4"",""Name"":""ASU Service - Sun Devil Athletics""}}},{""Parent"":{""Id"":""0PSd0000001o7HmGAI"",""Type"":""Profile"",""Label"":""00ed0000002FFSLAA4"",""PermissionSetGroupId"":null,""Profile"":{""attributes"":{""type"":""Profile"",""url"":""/services/data/v53.0/sobjects/Profile/00ed0000002FFSLAA4""},""Id"":""00ed0000002FFSLAA4"",""Name"":""ASU Service - Office of the President (Temp Access to Org Wide)""}}},{""Parent"":{""Id"":""0PSd0000001o7VKGAY"",""Type"":""Profile"",""Label"":""00ed0000002FFY4AAO"",""PermissionSetGroupId"":null,""Profile"":{""attributes"":{""type"":""Profile"",""url"":""/services/data/v53.0/sobjects/Profile/00ed0000002FFY4AAO""},""Id"":""00ed0000002FFY4AAO"",""Name"":""ASU Service - ASU-USA Pathways""}}},{""Parent"":{""Id"":""0PSd0000001sK82GAE"",""Type"":""Profile"",""Label"":""00ed0000002JRvSAAW"",""PermissionSetGroupId"":null,""Profile"":{""attributes"":{""type"":""Profile"",""url"":""/services/data/v53.0/sobjects/Profile/00ed0000002JRvSAAW""},""Id"":""00ed0000002JRvSAAW"",""Name"":""ASU Service - First in the World Grant""}}},{""Parent"":{""Id"":""0PSd0000001sKJBGA2"",""Type"":""Profile"",""Label"":""00ed0000002JRyMAAW"",""PermissionSetGroupId"":null,""Profile"":{""attributes"":{""type"":""Profile"",""url"":""/services/data/v53.0/sobjects/Profile/00ed0000002JRyMAAW""},""Id"":""00ed0000002JRyMAAW"",""Name"":""ASU Service - ITCSS Library Services""}}},{""Parent"":{""Id"":""0PSd0000001sKNNGA2"",""Type"":""Profile"",""Label"":""00ed0000002JS0DAAW"",""PermissionSetGroupId"":null,""Profile"":{""attributes"":{""type"":""Profile"",""url"":""/services/data/v53.0/sobjects/Profile/00ed0000002JS0DAAW""},""Id"":""00ed0000002JS0DAAW"",""Name"":""ASU Service - Success Coach""}}},{""Parent"":{""Id"":""0PSd0000001sKO6GAM"",""Type"":""Profile"",""Label"":""00ed0000002JS0NAAW"",""PermissionSetGroupId"":null,""Profile"":{""attributes"":{""type"":""Profile"",""url"":""/services/data/v53.0/sobjects/Profile/00ed0000002JS0NAAW""},""Id"":""00ed0000002JS0NAAW"",""Name"":""ASU Service - TC - ISSR""}}},{""Parent"":{""Id"":""0PSd0000001jxObGAI"",""Type"":""Profile"",""Label"":""00ed0000002NelYAAS"",""PermissionSetGroupId"":null,""Profile"":{""attributes"":{""type"":""Profile"",""url"":""/services/data/v53.0/sobjects/Profile/00ed0000002NelYAAS""},""Id"":""00ed0000002NelYAAS"",""Name"":""ASU Service - Academic Partnerships""}}},{""Parent"":{""Id"":""0PSd0000001jxa8GAA"",""Type"":""Profile"",""Label"":""00ed0000002Neq4AAC"",""PermissionSetGroupId"":null,""Profile"":{""attributes"":{""type"":""Profile"",""url"":""/services/data/v53.0/sobjects/Profile/00ed0000002Neq4AAC""},""Id"":""00ed0000002Neq4AAC"",""Name"":""ASU Service - Student Accessibility and Inclusive Learning Services""}}},{""Parent"":{""Id"":""0PSd0000001jygbGAA"",""Type"":""Profile"",""Label"":""00ed0000002Nf7AAAS"",""PermissionSetGroupId"":null,""Profile"":{""attributes"":{""type"":""Profile"",""url"":""/services/data/v53.0/sobjects/Profile/00ed0000002Nf7AAAS""},""Id"":""00ed0000002Nf7AAAS"",""Name"":""ASU Recruitment - Business Intelligence""}}},{""Parent"":{""Id"":""0PSd0000000oWPgGAM"",""Type"":""Profile"",""Label"":""00ex00000018ozT_128_09_43_34_1"",""PermissionSetGroupId"":null,""Profile"":{""attributes"":{""type"":""Profile"",""url"":""/services/data/v53.0/sobjects/Profile/00ed00000017IobAAE""},""Id"":""00ed00000017IobAAE"",""Name"":""System Administrator""}}},{""Parent"":{""Id"":""0PS6T000001CZGsWAO"",""Type"":""Regular"",""Label"":""Role: EdPlus Coach Portal (Non-Success Coach)"",""PermissionSetGroupId"":null,""Profile"":null}},{""Parent"":{""Id"":""0PSd0000000r6mNGAQ"",""Type"":""Regular"",""Label"":""Role: Recruiting (Service Users)"",""PermissionSetGroupId"":null,""Profile"":null}}]"
"0660W000002qaDsQAI","CaptureUserPresence","[{""Parent"":{""Id"":""0PSd0000000oWPgGAM"",""Type"":""Profile"",""Label"":""00ex00000018ozT_128_09_43_34_1"",""PermissionSetGroupId"":null,""Profile"":{""attributes"":{""type"":""Profile"",""url"":""/services/data/v53.0/sobjects/Profile/00ed00000017IobAAE""},""Id"":""00ed00000017IobAAE"",""Name"":""System Administrator""}}},{""Parent"":{""Id"":""0PS0W000001sbm1WAA"",""Type"":""Regular"",""Label"":""SMS Magic Academic Advising"",""PermissionSetGroupId"":null,""Profile"":null}},{""Parent"":{""Id"":""0PS0W000001GhJsWAK"",""Type"":""Regular"",""Label"":""SMS Magic First Year Success Coach"",""PermissionSetGroupId"":null,""Profile"":null}},{""Parent"":{""Id"":""0PS6T000001k9thWAA"",""Type"":""Group"",""Label"":""SMS Magic Users - Academic Advisors Manager"",""PermissionSetGroupId"":""0PG6T000000GmepWAC"",""Profile"":null}},{""Parent"":{""Id"":""0PS6T000001k9tiWAA"",""Type"":""Group"",""Label"":""SMS Magic Users - Academic Advisors Staff"",""PermissionSetGroupId"":""0PG6T000000GmeqWAC"",""Profile"":null}},{""Parent"":{""Id"":""0PS6T000001k9tjWAA"",""Type"":""Group"",""Label"":""SMS Magic Users - FYS"",""PermissionSetGroupId"":""0PG6T000000GmerWAC"",""Profile"":null}}]"
"0666T000002z0URQAY","CaseDetailRelatedCases","[{""Parent"":{""Id"":""0PS0W000001CNqIWAW"",""Type"":""Profile"",""Label"":""00e0W000001hh6oQAA"",""PermissionSetGroupId"":null,""Profile"":{""attributes"":{""type"":""Profile"",""url"":""/services/data/v53.0/sobjects/Profile/00e0W000001hh6oQAA""},""Id"":""00e0W000001hh6oQAA"",""Name"":""ASU Service - MasterCard Program""}}},{""Parent"":{""Id"":""0PS0W000001CNy2WAG"",""Type"":""Profile"",""Label"":""00e0W000001hhAbQAI"",""PermissionSetGroupId"":null,""Profile"":{""attributes"":{""type"":""Profile"",""url"":""/services/data/v53.0/sobjects/Profile/00e0W000001hhAbQAI""},""Id"":""00e0W000001hhAbQAI"",""Name"":""ASU Service - Public Service Academy""}}},{""Parent"":{""Id"":""0PS0W000001COffWAG"",""Type"":""Profile"",""Label"":""00e0W000001hhfyQAA"",""PermissionSetGroupId"":null,""Profile"":{""attributes"":{""type"":""Profile"",""url"":""/services/data/v53.0/sobjects/Profile/00e0W000001hhfyQAA""},""Id"":""00e0W000001hhfyQAA"",""Name"":""ASU Service - Biosafety""}}},{""Parent"":{""Id"":""0PS0W000001CO7YWAW"",""Type"":""Profile"",""Label"":""00e0W000001hhI6QAI"",""PermissionSetGroupId"":null,""Profile"":{""attributes"":{""type"":""Profile"",""url"":""/services/data/v53.0/sobjects/Profile/00e0W000001hhI6QAI""},""Id"":""00e0W000001hhI6QAI"",""Name"":""ASU Service - New College Deans Office""}}},{""Parent"":{""Id"":""0PS0W000001CO8CWAW"",""Type"":""Profile"",""Label"":""00e0W000001hhIfQAI"",""PermissionSetGroupId"":null,""Profile"":{""attributes"":{""type"":""Profile"",""url"":""/services/data/v53.0/sobjects/Profile/00e0W000001hhIfQAI""},""Id"":""00e0W000001hhIfQAI"",""Name"":""ASU Service - Engineering - K12 Engineering Education""}}},{""Parent"":{""Id"":""0PS0W000001GgWMWA0"",""Type"":""Profile"",""Label"":""00e0W000001lvaCQAQ"",""PermissionSetGroupId"":null,""Profile"":{""attributes"":{""type"":""Profile"",""url"":""/services/data/v53.0/sobjects/Profile/00e0W000001lvaCQAQ""},""Id"":""00e0W000001lvaCQAQ"",""Name"":""ASU Service - University Events & Protocol""}}},{""Parent"":{""Id"":""0PS0W000001Gga4WAC"",""Type"":""Profile"",""Label"":""00e0W000001lvb5QAA"",""PermissionSetGroupId"":null,""Profile"":{""attributes"":{""type"":""Profile"",""url"":""/services/data/v53.0/sobjects/Profile/00e0W000001lvb5QAA""},""Id"":""00e0W000001lvb5QAA"",""Name"":""ASU Service - Psychology Research Advancement""}}},{""Parent"":{""Id"":""0PS0W000001GgbCWAS"",""Type"":""Profile"",""Label"":""00e0W000001lvbKQAQ"",""PermissionSetGroupId"":null,""Profile"":{""attributes"":{""type"":""Profile"",""url"":""/services/data/v53.0/sobjects/Profile/00e0W000001lvbKQAQ""},""Id"":""00e0W000001lvbKQAQ"",""Name"":""ASU Service - ASU Local""}}},{""Parent"":{""Id"":""0PS0W000001GgfJWAS"",""Type"":""Profile"",""Label"":""00e0W000001lvcIQAQ"",""PermissionSetGroupId"":null,""Profile"":{""attributes"":{""type"":""Profile"",""url"":""/services/data/v53.0/sobjects/Profile/00e0W000001lvcIQAQ""},""Id"":""00e0W000001lvcIQAQ"",""Name"":""ASU Service - The College - Interplanetary Initiatives""}}},{""Parent"":{""Id"":""0PS0W000001GgzxWAC"",""Type"":""Profile"",""Label"":""00e0W000001lvdaQAA"",""PermissionSetGroupId"":null,""Profile"":{""attributes"":{""type"":""Profile"",""url"":""/services/data/v53.0/sobjects/Profile/00e0W000001lvdaQAA""},""Id"":""00e0W000001lvdaQAA"",""Name"":""ASU Service - Watts Bridging Success""}}},{""Parent"":{""Id"":""0PS0W000001GftOWAS"",""Type"":""Profile"",""Label"":""00e0W000001lvOQQAY"",""PermissionSetGroupId"":null,""Profile"":{""attributes"":{""type"":""Profile"",""url"":""/services/data/v53.0/sobjects/Profile/00e0W000001lvOQQAY""},""Id"":""00e0W000001lvOQQAY"",""Name"":""ASU Service - ASU Family Programs""}}},{""Parent"":{""Id"":""0PS0W000001Gg0eWAC"",""Type"":""Profile"",""Label"":""00e0W000001lvQvQAI"",""PermissionSetGroupId"":null,""Profile"":{""attributes"":{""type"":""Profile"",""url"":""/services/data/v53.0/sobjects/Profile/00e0W000001lvQvQAI""},""Id"":""00e0W000001lvQvQAI"",""Name"":""ASU Service - TC SOLS Academic Integrity""}}},{""Parent"":{""Id"":""0PS0W000001GiExWAK"",""Type"":""Profile"",""Label"":""00e0W000001lvubQAA"",""PermissionSetGroupId"":null,""Profile"":{""attributes"":{""type"":""Profile"",""url"":""/services/data/v53.0/sobjects/Profile/00e0W000001lvubQAA""},""Id"":""00e0W000001lvubQAA"",""Name"":""ASU Service - DNASU Plasmid Repository""}}},{""Parent"":{""Id"":""0PS0W000001bgzVWAQ"",""Type"":""Profile"",""Label"":""00e0W000001yXmFQAU"",""PermissionSetGroupId"":null,""Profile"":{""attributes"":{""type"":""Profile"",""url"":""/services/data/v53.0/sobjects/Profile/00e0W000001yXmFQAU""},""Id"":""00e0W000001yXmFQAU"",""Name"":""ASU Recruitment - Team (ESISD)""}}},{""Parent"":{""Id"":""0PS0W000001P1NAWA0"",""Type"":""Profile"",""Label"":""00e0W0000022hBdQAI"",""PermissionSetGroupId"":null,""Profile"":{""attributes"":{""type"":""Profile"",""url"":""/services/data/v53.0/sobjects/Profile/00e0W0000022hBdQAI""},""Id"":""00e0W0000022hBdQAI"",""Name"":""ASU Service - Success Courses""}}},{""Parent"":{""Id"":""0PS0W000001fphCWAQ"",""Type"":""Profile"",""Label"":""00e0W0000026u4qQAA"",""PermissionSetGroupId"":null,""Profile"":{""attributes"":{""type"":""Profile"",""url"":""/services/data/v53.0/sobjects/Profile/00e0W0000026u4qQAA""},""Id"":""00e0W0000026u4qQAA"",""Name"":""ASU Service - Opportunities for Youth""}}},{""Parent"":{""Id"":""0PS0W000001KoULWA0"",""Type"":""Profile"",""Label"":""00e0W000002B4xjQAC"",""PermissionSetGroupId"":null,""Profile"":{""attributes"":{""type"":""Profile"",""url"":""/services/data/v53.0/sobjects/Profile/00e0W000002B4xjQAC""},""Id"":""00e0W000002B4xjQAC"",""Name"":""ASU Service - ATCS and Study Abroad""}}},{""Parent"":{""Id"":""0PS0W000001KpSQWA0"",""Type"":""Profile"",""Label"":""00e0W000002B5TBQA0"",""PermissionSetGroupId"":null,""Profile"":{""attributes"":{""type"":""Profile"",""url"":""/services/data/v53.0/sobjects/Profile/00e0W000002B5TBQA0""},""Id"":""00e0W000002B5TBQA0"",""Name"":""ASU Service - TC - SCETL""}}},{""Parent"":{""Id"":""0PS0W000001sbaPWAQ"",""Type"":""Profile"",""Label"":""00e0W000002JZOFQA4"",""PermissionSetGroupId"":null,""Profile"":{""attributes"":{""type"":""Profile"",""url"":""/services/data/v53.0/sobjects/Profile/00e0W000002JZOFQA4""},""Id"":""00e0W000002JZOFQA4"",""Name"":""ASU Service - Explore""}}},{""Parent"":{""Id"":""0PS0W000001sbktWAA"",""Type"":""Profile"",""Label"":""00e0W000002JZROQA4"",""PermissionSetGroupId"":null,""Profile"":{""attributes"":{""type"":""Profile"",""url"":""/services/data/v53.0/sobjects/Profile/00e0W000002JZROQA4""},""Id"":""00e0W000002JZROQA4"",""Name"":""ASU Service - College of Global Futures""}}},{""Parent"":{""Id"":""0PS0W000001jz1PWAQ"",""Type"":""Profile"",""Label"":""00e0W000002NfGqQAK"",""PermissionSetGroupId"":null,""Profile"":{""attributes"":{""type"":""Profile"",""url"":""/services/data/v53.0/sobjects/Profile/00e0W000002NfGqQAK""},""Id"":""00e0W000002NfGqQAK"",""Name"":""ASU Service - Enrollment Analysis""}}},{""Parent"":{""Id"":""0PS0W000001k9UOWAY"",""Type"":""Profile"",""Label"":""00e0W000002NjQ0QAK"",""PermissionSetGroupId"":null,""Profile"":{""attributes"":{""type"":""Profile"",""url"":""/services/data/v53.0/sobjects/Profile/00e0W000002NjQ0QAK""},""Id"":""00e0W000002NjQ0QAK"",""Name"":""ASU Service - International Students and Scholars Center SMS""}}},{""Parent"":{""Id"":""0PS6T000001CZe3WAG"",""Type"":""Profile"",""Label"":""00e6T000001hlA1QAI"",""PermissionSetGroupId"":null,""Profile"":{""attributes"":{""type"":""Profile"",""url"":""/services/data/v53.0/sobjects/Profile/00e6T000001hlA1QAI""},""Id"":""00e6T000001hlA1QAI"",""Name"":""ASU Service - Engineering - Poly HR""}}},{""Parent"":{""Id"":""0PS6T000001k9crWAA"",""Type"":""Profile"",""Label"":""00e6T000002NjQeQAK"",""PermissionSetGroupId"":null,""Profile"":{""attributes"":{""type"":""Profile"",""url"":""/services/data/v53.0/sobjects/Profile/00e6T000002NjQeQAK""},""Id"":""00e6T000002NjQeQAK"",""Name"":""ASU Service - Information Technology Support Hub""}}},{""Parent"":{""Id"":""0PS6T000001kAE8WAM"",""Type"":""Profile"",""Label"":""00e6T000002NjSuQAK"",""PermissionSetGroupId"":null,""Profile"":{""attributes"":{""type"":""Profile"",""url"":""/services/data/v53.0/sobjects/Profile/00e6T000002NjSuQAK""},""Id"":""00e6T000002NjSuQAK"",""Name"":""ASU Service - SMS API""}}},{""Parent"":{""Id"":""0PSd0000000H441GAC"",""Type"":""Profile"",""Label"":""00ed0000000jbjMAAQ"",""PermissionSetGroupId"":null,""Profile"":{""attributes"":{""type"":""Profile"",""url"":""/services/data/v53.0/sobjects/Profile/00ed0000000jbjMAAQ""},""Id"":""00ed0000000jbjMAAQ"",""Name"":""ASU Service - Design and the Arts""}}},{""Parent"":{""Id"":""0PSd0000000H4AQGA0"",""Type"":""Profile"",""Label"":""00ed0000000jbo2AAA"",""PermissionSetGroupId"":null,""Profile"":{""attributes"":{""type"":""Profile"",""url"":""/services/data/v53.0/sobjects/Profile/00ed0000000jbo2AAA""},""Id"":""00ed0000000jbo2AAA"",""Name"":""ASU Service - International Initiatives Graduate Education""}}},{""Parent"":{""Id"":""0PSd0000000H4BxGAK"",""Type"":""Profile"",""Label"":""00ed0000000jboMAAQ"",""PermissionSetGroupId"":null,""Profile"":{""attributes"":{""type"":""Profile"",""url"":""/services/data/v53.0/sobjects/Profile/00ed0000000jboMAAQ""},""Id"":""00ed0000000jboMAAQ"",""Name"":""ASU Service - W. P. Carey Business""}}},{""Parent"":{""Id"":""0PSd0000000H4C2GAK"",""Type"":""Profile"",""Label"":""00ed0000000jboRAAQ"",""PermissionSetGroupId"":null,""Profile"":{""attributes"":{""type"":""Profile"",""url"":""/services/data/v53.0/sobjects/Profile/00ed0000000jboRAAQ""},""Id"":""00ed0000000jboRAAQ"",""Name"":""ASU Service - Parking and Transit Services""}}},{""Parent"":{""Id"":""0PSd0000000H4C7GAK"",""Type"":""Profile"",""Label"":""00ed0000000jboWAAQ"",""PermissionSetGroupId"":null,""Profile"":{""attributes"":{""type"":""Profile"",""url"":""/services/data/v53.0/sobjects/Profile/00ed0000000jboWAAQ""},""Id"":""00ed0000000jboWAAQ"",""Name"":""ASU Service - First Year Success Center""}}},{""Parent"":{""Id"":""0PSd0000000H4J3GAK"",""Type"":""Profile"",""Label"":""00ed0000000jbqhAAA"",""PermissionSetGroupId"":null,""Profile"":{""attributes"":{""type"":""Profile"",""url"":""/services/data/v53.0/sobjects/Profile/00ed0000000jbqhAAA""},""Id"":""00ed0000000jbqhAAA"",""Name"":""ASU Service - Pat Tillman Veteran Center""}}},{""Parent"":{""Id"":""0PSd0000000H4J8GAK"",""Type"":""Profile"",""Label"":""00ed0000000jbqmAAA"",""PermissionSetGroupId"":null,""Profile"":{""attributes"":{""type"":""Profile"",""url"":""/services/data/v53.0/sobjects/Profile/00ed0000000jbqmAAA""},""Id"":""00ed0000000jbqmAAA"",""Name"":""ASU Service - Thunderbird""}}},{""Parent"":{""Id"":""0PSd0000000H4N0GAK"",""Type"":""Profile"",""Label"":""00ed0000000jbtHAAQ"",""PermissionSetGroupId"":null,""Profile"":{""attributes"":{""type"":""Profile"",""url"":""/services/data/v53.0/sobjects/Profile/00ed0000000jbtHAAQ""},""Id"":""00ed0000000jbtHAAQ"",""Name"":""ASU Service - EOSS""}}},{""Parent"":{""Id"":""0PSd0000000H4N5GAK"",""Type"":""Profile"",""Label"":""00ed0000000jbtMAAQ"",""PermissionSetGroupId"":null,""Profile"":{""attributes"":{""type"":""Profile"",""url"":""/services/data/v53.0/sobjects/Profile/00ed0000000jbtMAAQ""},""Id"":""00ed0000000jbtMAAQ"",""Name"":""ASU Service - Sun Devil Card Services""}}},{""Parent"":{""Id"":""0PSd0000000H4NAGA0"",""Type"":""Profile"",""Label"":""00ed0000000jbtRAAQ"",""PermissionSetGroupId"":null,""Profile"":{""attributes"":{""type"":""Profile"",""url"":""/services/data/v53.0/sobjects/Profile/00ed0000000jbtRAAQ""},""Id"":""00ed0000000jbtRAAQ"",""Name"":""ASU Service - Career Services""}}},{""Parent"":{""Id"":""0PSd0000000H4PVGA0"",""Type"":""Profile"",""Label"":""00ed0000000jbu5AAA"",""PermissionSetGroupId"":null,""Profile"":{""attributes"":{""type"":""Profile"",""url"":""/services/data/v53.0/sobjects/Profile/00ed0000000jbu5AAA""},""Id"":""00ed0000000jbu5AAA"",""Name"":""ASU Service - University Academic Success Programs""}}},{""Parent"":{""Id"":""0PSd0000000H4PaGAK"",""Type"":""Profile"",""Label"":""00ed0000000jbuAAAQ"",""PermissionSetGroupId"":null,""Profile"":{""attributes"":{""type"":""Profile"",""url"":""/services/data/v53.0/sobjects/Profile/00ed0000000jbuAAAQ""},""Id"":""00ed0000000jbuAAAQ"",""Name"":""ASU Service - Honors""}}},{""Parent"":{""Id"":""0PSd0000000H4QTGA0"",""Type"":""Profile"",""Label"":""00ed0000000jbujAAA"",""PermissionSetGroupId"":null,""Profile"":{""attributes"":{""type"":""Profile"",""url"":""/services/data/v53.0/sobjects/Profile/00ed0000000jbujAAA""},""Id"":""00ed0000000jbujAAA"",""Name"":""ASU Service - Journalism""}}},{""Parent"":{""Id"":""0PSd0000000H4QYGA0"",""Type"":""Profile"",""Label"":""00ed0000000jbuoAAA"",""PermissionSetGroupId"":null,""Profile"":{""attributes"":{""type"":""Profile"",""url"":""/services/data/v53.0/sobjects/Profile/00ed0000000jbuoAAA""},""Id"":""00ed0000000jbuoAAA"",""Name"":""ASU Service - Office of the University Provost""}}},{""Parent"":{""Id"":""0PSd0000000H3g5GAC"",""Type"":""Profile"",""Label"":""00ed0000000jbV9AAI"",""PermissionSetGroupId"":null,""Profile"":{""attributes"":{""type"":""Profile"",""url"":""/services/data/v53.0/sobjects/Profile/00ed0000000jbV9AAI""},""Id"":""00ed0000000jbV9AAI"",""Name"":""ASU Service - TC - AIS""}}},{""Parent"":{""Id"":""0PSd0000000H3gAGAS"",""Type"":""Profile"",""Label"":""00ed0000000jbVEAAY"",""PermissionSetGroupId"":null,""Profile"":{""attributes"":{""type"":""Profile"",""url"":""/services/data/v53.0/sobjects/Profile/00ed0000000jbVEAAY""},""Id"":""00ed0000000jbVEAAY"",""Name"":""ASU Service - TC  - The Sanford School""}}},{""Parent"":{""Id"":""0PSd0000000H3gFGAS"",""Type"":""Profile"",""Label"":""00ed0000000jbVJAAY"",""PermissionSetGroupId"":null,""Profile"":{""attributes"":{""type"":""Profile"",""url"":""/services/data/v53.0/sobjects/Profile/00ed0000000jbVJAAY""},""Id"":""00ed0000000jbVJAAY"",""Name"":""ASU Service - TC - SST""}}},{""Parent"":{""Id"":""0PSd0000000H3gKGAS"",""Type"":""Profile"",""Label"":""00ed0000000jbVOAAY"",""PermissionSetGroupId"":null,""Profile"":{""attributes"":{""type"":""Profile"",""url"":""/services/data/v53.0/sobjects/Profile/00ed0000000jbVOAAY""},""Id"":""00ed0000000jbVOAAY"",""Name"":""ASU Service - TC - Army ROTC""}}},{""Parent"":{""Id"":""0PSd0000000H4ThGAK"",""Type"":""Profile"",""Label"":""00ed0000000jbwGAAQ"",""PermissionSetGroupId"":null,""Profile"":{""attributes"":{""type"":""Profile"",""url"":""/services/data/v53.0/sobjects/Profile/00ed0000000jbwGAAQ""},""Id"":""00ed0000000jbwGAAQ"",""Name"":""ASU Service - ASU Salesforce Support""}}},{""Parent"":{""Id"":""0PSd0000000H4WlGAK"",""Type"":""Profile"",""Label"":""00ed0000000jbyCAAQ"",""PermissionSetGroupId"":null,""Profile"":{""attributes"":{""type"":""Profile"",""url"":""/services/data/v53.0/sobjects/Profile/00ed0000000jbyCAAQ""},""Id"":""00ed0000000jbyCAAQ"",""Name"":""ASU Service - International Students and Scholars Center""}}},{""Parent"":{""Id"":""0PSd0000000H4XoGAK"",""Type"":""Profile"",""Label"":""00ed0000000jbylAAA"",""PermissionSetGroupId"":null,""Profile"":{""attributes"":{""type"":""Profile"",""url"":""/services/data/v53.0/sobjects/Profile/00ed0000000jbylAAA""},""Id"":""00ed0000000jbylAAA"",""Name"":""ASU Recruitment - Graduate Recruiter""}}},{""Parent"":{""Id"":""0PSd0000000H4ZLGA0"",""Type"":""Profile"",""Label"":""00ed0000000jbz0AAA"",""PermissionSetGroupId"":null,""Profile"":{""attributes"":{""type"":""Profile"",""url"":""/services/data/v53.0/sobjects/Profile/00ed0000000jbz0AAA""},""Id"":""00ed0000000jbz0AAA"",""Name"":""ASU Service - School for the Future of Innovation in Society""}}},{""Parent"":{""Id"":""0PSd0000000H4ZQGA0"",""Type"":""Profile"",""Label"":""00ed0000000jbz5AAA"",""PermissionSetGroupId"":null,""Profile"":{""attributes"":{""type"":""Profile"",""url"":""/services/data/v53.0/sobjects/Profile/00ed0000000jbz5AAA""},""Id"":""00ed0000000jbz5AAA"",""Name"":""ASU Service - American Indian Student Support Services""}}},{""Parent"":{""Id"":""0PSd0000000H4hyGAC"",""Type"":""Profile"",""Label"":""00ed0000000jc4eAAA"",""PermissionSetGroupId"":null,""Profile"":{""attributes"":{""type"":""Profile"",""url"":""/services/data/v53.0/sobjects/Profile/00ed0000000jc4eAAA""},""Id"":""00ed0000000jc4eAAA"",""Name"":""ASU Service - ASU Wellness""}}},{""Parent"":{""Id"":""0PSd0000000H4i3GAC"",""Type"":""Profile"",""Label"":""00ed0000000jc4jAAA"",""PermissionSetGroupId"":null,""Profile"":{""attributes"":{""type"":""Profile"",""url"":""/services/data/v53.0/sobjects/Profile/00ed0000000jc4jAAA""},""Id"":""00ed0000000jc4jAAA"",""Name"":""ASU Service - Student Engagement""}}},{""Parent"":{""Id"":""0PSd0000000H4i8GAC"",""Type"":""Profile"",""Label"":""00ed0000000jc4oAAA"",""PermissionSetGroupId"":null,""Profile"":{""attributes"":{""type"":""Profile"",""url"":""/services/data/v53.0/sobjects/Profile/00ed0000000jc4oAAA""},""Id"":""00ed0000000jc4oAAA"",""Name"":""ASU Service - TRIO""}}},{""Parent"":{""Id"":""0PSd0000000H4iXGAS"",""Type"":""Profile"",""Label"":""00ed0000000jc5DAAQ"",""PermissionSetGroupId"":null,""Profile"":{""attributes"":{""type"":""Profile"",""url"":""/services/data/v53.0/sobjects/Profile/00ed0000000jc5DAAQ""},""Id"":""00ed0000000jc5DAAQ"",""Name"":""ASU Service - TC - Air Force ROTC""}}},{""Parent"":{""Id"":""0PSd0000000H4icGAC"",""Type"":""Profile"",""Label"":""00ed0000000jc5IAAQ"",""PermissionSetGroupId"":null,""Profile"":{""attributes"":{""type"":""Profile"",""url"":""/services/data/v53.0/sobjects/Profile/00ed0000000jc5IAAQ""},""Id"":""00ed0000000jc5IAAQ"",""Name"":""ASU Service - TC - Navy ROTC""}}},{""Parent"":{""Id"":""0PSd0000000H4rKGAS"",""Type"":""Profile"",""Label"":""00ed0000000jc9PAAQ"",""PermissionSetGroupId"":null,""Profile"":{""attributes"":{""type"":""Profile"",""url"":""/services/data/v53.0/sobjects/Profile/00ed0000000jc9PAAQ""},""Id"":""00ed0000000jc9PAAQ"",""Name"":""ASU Service - Fraternity & Sorority Life""}}},{""Parent"":{""Id"":""0PSd0000000H4rPGAS"",""Type"":""Profile"",""Label"":""00ed0000000jc9UAAQ"",""PermissionSetGroupId"":null,""Profile"":{""attributes"":{""type"":""Profile"",""url"":""/services/data/v53.0/sobjects/Profile/00ed0000000jc9UAAQ""},""Id"":""00ed0000000jc9UAAQ"",""Name"":""ASU Service - Dean of Students""}}},{""Parent"":{""Id"":""0PSd0000000H4wyGAC"",""Type"":""Profile"",""Label"":""00ed0000000jcCOAAY"",""PermissionSetGroupId"":null,""Profile"":{""attributes"":{""type"":""Profile"",""url"":""/services/data/v53.0/sobjects/Profile/00ed0000000jcCOAAY""},""Id"":""00ed0000000jcCOAAY"",""Name"":""ASU Service - Enterprise Marketing Hub""}}},{""Parent"":{""Id"":""0PSd0000000H4x3GAC"",""Type"":""Profile"",""Label"":""00ed0000000jcCTAAY"",""PermissionSetGroupId"":null,""Profile"":{""attributes"":{""type"":""Profile"",""url"":""/services/data/v53.0/sobjects/Profile/00ed0000000jcCTAAY""},""Id"":""00ed0000000jcCTAAY"",""Name"":""ASU Service - Print Anywhere Tier 2""}}},{""Parent"":{""Id"":""0PSd0000000H4x8GAC"",""Type"":""Profile"",""Label"":""00ed0000000jcCYAAY"",""PermissionSetGroupId"":null,""Profile"":{""attributes"":{""type"":""Profile"",""url"":""/services/data/v53.0/sobjects/Profile/00ed0000000jcCYAAY""},""Id"":""00ed0000000jcCYAAY"",""Name"":""ASU Service - Sun Devil Fitness""}}},{""Parent"":{""Id"":""0PSd0000000H523GAC"",""Type"":""Profile"",""Label"":""00ed0000000jcFDAAY"",""PermissionSetGroupId"":null,""Profile"":{""attributes"":{""type"":""Profile"",""url"":""/services/data/v53.0/sobjects/Profile/00ed0000000jcFDAAY""},""Id"":""00ed0000000jcFDAAY"",""Name"":""ASU Service - MU Information Desk""}}},{""Parent"":{""Id"":""0PSd0000000H55HGAS"",""Type"":""Profile"",""Label"":""00ed0000000jcGQAAY"",""PermissionSetGroupId"":null,""Profile"":{""attributes"":{""type"":""Profile"",""url"":""/services/data/v53.0/sobjects/Profile/00ed0000000jcGQAAY""},""Id"":""00ed0000000jcGQAAY"",""Name"":""ASU Service - Sun Devil Dining""}}},{""Parent"":{""Id"":""0PSd0000000H5zBGAS"",""Type"":""Profile"",""Label"":""00ed0000000jcPXAAY"",""PermissionSetGroupId"":null,""Profile"":{""attributes"":{""type"":""Profile"",""url"":""/services/data/v53.0/sobjects/Profile/00ed0000000jcPXAAY""},""Id"":""00ed0000000jcPXAAY"",""Name"":""ASU Service - Student Government""}}},{""Parent"":{""Id"":""0PSd0000000H6BWGA0"",""Type"":""Profile"",""Label"":""00ed0000000jcWYAAY"",""PermissionSetGroupId"":null,""Profile"":{""attributes"":{""type"":""Profile"",""url"":""/services/data/v53.0/sobjects/Profile/00ed0000000jcWYAAY""},""Id"":""00ed0000000jcWYAAY"",""Name"":""ASU Service - Strategic Initiatives""}}},{""Parent"":{""Id"":""0PSd0000000qjenGAA"",""Type"":""Profile"",""Label"":""00ed00000019invAAA"",""PermissionSetGroupId"":null,""Profile"":{""attributes"":{""type"":""Profile"",""url"":""/services/data/v53.0/sobjects/Profile/00ed00000019invAAA""},""Id"":""00ed00000019invAAA"",""Name"":""ASU Read Only""}}},{""Parent"":{""Id"":""0PSd0000000qUhbGAE"",""Type"":""Profile"",""Label"":""00ed00000019TqNAAU"",""PermissionSetGroupId"":null,""Profile"":{""attributes"":{""type"":""Profile"",""url"":""/services/data/v53.0/sobjects/Profile/00ed00000019TqNAAU""},""Id"":""00ed00000019TqNAAU"",""Name"":""ASU Marketing User""}}},{""Parent"":{""Id"":""0PSd0000000qzaSGAQ"",""Type"":""Profile"",""Label"":""00ed00000019yBlAAI"",""PermissionSetGroupId"":null,""Profile"":{""attributes"":{""type"":""Profile"",""url"":""/services/data/v53.0/sobjects/Profile/00ed00000019yBlAAI""},""Id"":""00ed00000019yBlAAI"",""Name"":""ASU Service - Financial Aid""}}},{""Parent"":{""Id"":""0PSd0000000qzawGAA"",""Type"":""Profile"",""Label"":""00ed00000019yC5AAI"",""PermissionSetGroupId"":null,""Profile"":{""attributes"":{""type"":""Profile"",""url"":""/services/data/v53.0/sobjects/Profile/00ed00000019yC5AAI""},""Id"":""00ed00000019yC5AAI"",""Name"":""ASU Service - Registrar""}}},{""Parent"":{""Id"":""0PSd0000000qzb1GAA"",""Type"":""Profile"",""Label"":""00ed00000019yCAAAY"",""PermissionSetGroupId"":null,""Profile"":{""attributes"":{""type"":""Profile"",""url"":""/services/data/v53.0/sobjects/Profile/00ed00000019yCAAAY""},""Id"":""00ed00000019yCAAAY"",""Name"":""ASU Service - Student Business Services""}}},{""Parent"":{""Id"":""0PSd0000000qzl5GAA"",""Type"":""Profile"",""Label"":""00ed00000019yKBAAY"",""PermissionSetGroupId"":null,""Profile"":{""attributes"":{""type"":""Profile"",""url"":""/services/data/v53.0/sobjects/Profile/00ed00000019yKBAAY""},""Id"":""00ed00000019yKBAAY"",""Name"":""ASU View All Data""}}},{""Parent"":{""Id"":""0PSd0000000r0cAGAQ"",""Type"":""Profile"",""Label"":""00ed00000019z62AAA"",""PermissionSetGroupId"":null,""Profile"":{""attributes"":{""type"":""Profile"",""url"":""/services/data/v53.0/sobjects/Profile/00ed00000019z62AAA""},""Id"":""00ed00000019z62AAA"",""Name"":""ASU Service - ASU Online""}}},{""Parent"":{""Id"":""0PSd0000000r0cFGAQ"",""Type"":""Profile"",""Label"":""00ed00000019z67AAA"",""PermissionSetGroupId"":null,""Profile"":{""attributes"":{""type"":""Profile"",""url"":""/services/data/v53.0/sobjects/Profile/00ed00000019z67AAA""},""Id"":""00ed00000019z67AAA"",""Name"":""ASU Service - ESM Online""}}},{""Parent"":{""Id"":""0PSd0000000r0cKGAQ"",""Type"":""Profile"",""Label"":""00ed00000019z6CAAQ"",""PermissionSetGroupId"":null,""Profile"":{""attributes"":{""type"":""Profile"",""url"":""/services/data/v53.0/sobjects/Profile/00ed00000019z6CAAQ""},""Id"":""00ed00000019z6CAAQ"",""Name"":""ASU Service - Help Desk""}}},{""Parent"":{""Id"":""0PSd0000000r0qtGAA"",""Type"":""Profile"",""Label"":""00ed00000019zIqAAI"",""PermissionSetGroupId"":null,""Profile"":{""attributes"":{""type"":""Profile"",""url"":""/services/data/v53.0/sobjects/Profile/00ed00000019zIqAAI""},""Id"":""00ed00000019zIqAAI"",""Name"":""ASU Service - W. P. Carey Tech Services""}}},{""Parent"":{""Id"":""0PSd0000000r1SFGAY"",""Type"":""Profile"",""Label"":""00ed00000019zqdAAA"",""PermissionSetGroupId"":null,""Profile"":{""attributes"":{""type"":""Profile"",""url"":""/services/data/v53.0/sobjects/Profile/00ed00000019zqdAAA""},""Id"":""00ed00000019zqdAAA"",""Name"":""ASU Service - Tech Studio""}}},{""Parent"":{""Id"":""0PSd0000000r1SKGAY"",""Type"":""Profile"",""Label"":""00ed00000019zqiAAA"",""PermissionSetGroupId"":null,""Profile"":{""attributes"":{""type"":""Profile"",""url"":""/services/data/v53.0/sobjects/Profile/00ed00000019zqiAAA""},""Id"":""00ed00000019zqiAAA"",""Name"":""ASU Service - Engineering IT""}}},{""Parent"":{""Id"":""0PSd0000000r1SAGAY"",""Type"":""Profile"",""Label"":""00ed00000019zqYAAQ"",""PermissionSetGroupId"":null,""Profile"":{""attributes"":{""type"":""Profile"",""url"":""/services/data/v53.0/sobjects/Profile/00ed00000019zqYAAQ""},""Id"":""00ed00000019zqYAAQ"",""Name"":""ASU Service - Identity Management""}}},{""Parent"":{""Id"":""0PSd0000000r2e7GAA"",""Type"":""Profile"",""Label"":""00ed0000001A0pMAAS"",""PermissionSetGroupId"":null,""Profile"":{""attributes"":{""type"":""Profile"",""url"":""/services/data/v53.0/sobjects/Profile/00ed0000001A0pMAAS""},""Id"":""00ed0000001A0pMAAS"",""Name"":""ASU Service - Student Success Innovations""}}},{""Parent"":{""Id"":""0PSd0000000r2eCGAQ"",""Type"":""Profile"",""Label"":""00ed0000001A0pRAAS"",""PermissionSetGroupId"":null,""Profile"":{""attributes"":{""type"":""Profile"",""url"":""/services/data/v53.0/sobjects/Profile/00ed0000001A0pRAAS""},""Id"":""00ed0000001A0pRAAS"",""Name"":""ASU Service - Office of the President""}}},{""Parent"":{""Id"":""0PSd0000000r28IGAQ"",""Type"":""Profile"",""Label"":""00ed0000001A0PwAAK"",""PermissionSetGroupId"":null,""Profile"":{""attributes"":{""type"":""Profile"",""url"":""/services/data/v53.0/sobjects/Profile/00ed0000001A0PwAAK""},""Id"":""00ed0000001A0PwAAK"",""Name"":""ASU Service - Library Services(ARCHIVE)""}}},{""Parent"":{""Id"":""0PSd0000000r3amGAA"",""Type"":""Profile"",""Label"":""00ed0000001A1eqAAC"",""PermissionSetGroupId"":null,""Profile"":{""attributes"":{""type"":""Profile"",""url"":""/services/data/v53.0/sobjects/Profile/00ed0000001A1eqAAC""},""Id"":""00ed0000001A1eqAAC"",""Name"":""ASU Service - Integrated Services""}}},{""Parent"":{""Id"":""0PSd0000000r39YGAQ"",""Type"":""Profile"",""Label"":""00ed0000001A1GfAAK"",""PermissionSetGroupId"":null,""Profile"":{""attributes"":{""type"":""Profile"",""url"":""/services/data/v53.0/sobjects/Profile/00ed0000001A1GfAAK""},""Id"":""00ed0000001A1GfAAK"",""Name"":""ASU Service - TEMPLATE""}}},{""Parent"":{""Id"":""0PSd0000000r3KbGAI"",""Type"":""Profile"",""Label"":""00ed0000001A1OlAAK"",""PermissionSetGroupId"":null,""Profile"":{""attributes"":{""type"":""Profile"",""url"":""/services/data/v53.0/sobjects/Profile/00ed0000001A1OlAAK""},""Id"":""00ed0000001A1OlAAK"",""Name"":""ASU Service - Graduate College""}}},{""Parent"":{""Id"":""0PSd0000000r3syGAA"",""Type"":""Profile"",""Label"":""00ed0000001A1s3AAC"",""PermissionSetGroupId"":null,""Profile"":{""attributes"":{""type"":""Profile"",""url"":""/services/data/v53.0/sobjects/Profile/00ed0000001A1s3AAC""},""Id"":""00ed0000001A1s3AAC"",""Name"":""ASU Recruitment - Applicant Services""}}},{""Parent"":{""Id"":""0PSd0000000r3t3GAA"",""Type"":""Profile"",""Label"":""00ed0000001A1s8AAC"",""PermissionSetGroupId"":null,""Profile"":{""attributes"":{""type"":""Profile"",""url"":""/services/data/v53.0/sobjects/Profile/00ed0000001A1s8AAC""},""Id"":""00ed0000001A1s8AAC"",""Name"":""ASU Recruitment - Business Operations""}}},{""Parent"":{""Id"":""0PSd0000000r3t8GAA"",""Type"":""Profile"",""Label"":""00ed0000001A1sDAAS"",""PermissionSetGroupId"":null,""Profile"":{""attributes"":{""type"":""Profile"",""url"":""/services/data/v53.0/sobjects/Profile/00ed0000001A1sDAAS""},""Id"":""00ed0000001A1sDAAS"",""Name"":""ASU Recruitment - Freshman Recruiter""}}},{""Parent"":{""Id"":""0PSd0000000r3tcGAA"",""Type"":""Profile"",""Label"":""00ed0000001A1shAAC"",""PermissionSetGroupId"":null,""Profile"":{""attributes"":{""type"":""Profile"",""url"":""/services/data/v53.0/sobjects/Profile/00ed0000001A1shAAC""},""Id"":""00ed0000001A1shAAC"",""Name"":""ASU Recruitment - Admission Services""}}},{""Parent"":{""Id"":""0PSd0000000r3tDGAQ"",""Type"":""Profile"",""Label"":""00ed0000001A1sIAAS"",""PermissionSetGroupId"":null,""Profile"":{""attributes"":{""type"":""Profile"",""url"":""/services/data/v53.0/sobjects/Profile/00ed0000001A1sIAAS""},""Id"":""00ed0000001A1sIAAS"",""Name"":""ASU Recruitment - Transfer Recruiter""}}},{""Parent"":{""Id"":""0PSd0000000r3tIGAQ"",""Type"":""Profile"",""Label"":""00ed0000001A1sNAAS"",""PermissionSetGroupId"":null,""Profile"":{""attributes"":{""type"":""Profile"",""url"":""/services/data/v53.0/sobjects/Profile/00ed0000001A1sNAAS""},""Id"":""00ed0000001A1sNAAS"",""Name"":""ASU Recruitment - International Recruiter""}}},{""Parent"":{""Id"":""0PSd0000000r3tNGAQ"",""Type"":""Profile"",""Label"":""00ed0000001A1sSAAS"",""PermissionSetGroupId"":null,""Profile"":{""attributes"":{""type"":""Profile"",""url"":""/services/data/v53.0/sobjects/Profile/00ed0000001A1sSAAS""},""Id"":""00ed0000001A1sSAAS"",""Name"":""ASU Recruitment - Events""}}},{""Parent"":{""Id"":""0PSd0000000r3tSGAQ"",""Type"":""Profile"",""Label"":""00ed0000001A1sXAAS"",""PermissionSetGroupId"":null,""Profile"":{""attributes"":{""type"":""Profile"",""url"":""/services/data/v53.0/sobjects/Profile/00ed0000001A1sXAAS""},""Id"":""00ed0000001A1sXAAS"",""Name"":""ASU Recruitment - Havasu""}}},{""Parent"":{""Id"":""0PSd0000000r453GAA"",""Type"":""Profile"",""Label"":""00ed0000001A204AAC"",""PermissionSetGroupId"":null,""Profile"":{""attributes"":{""type"":""Profile"",""url"":""/services/data/v53.0/sobjects/Profile/00ed0000001A204AAC""},""Id"":""00ed0000001A204AAC"",""Name"":""ASU Recruitment - Leads (ESISD)""}}},{""Parent"":{""Id"":""0PSd0000000r4s2GAA"",""Type"":""Profile"",""Label"":""00ed0000001A2dLAAS"",""PermissionSetGroupId"":null,""Profile"":{""attributes"":{""type"":""Profile"",""url"":""/services/data/v53.0/sobjects/Profile/00ed0000001A2dLAAS""},""Id"":""00ed0000001A2dLAAS"",""Name"":""ASU Service - Engineering - Dean's Office""}}},{""Parent"":{""Id"":""0PSd0000000r4tZGAQ"",""Type"":""Profile"",""Label"":""00ed0000001A2eaAAC"",""PermissionSetGroupId"":null,""Profile"":{""attributes"":{""type"":""Profile"",""url"":""/services/data/v53.0/sobjects/Profile/00ed0000001A2eaAAC""},""Id"":""00ed0000001A2eaAAC"",""Name"":""ASU Service - Engineering - GOEE""}}},{""Parent"":{""Id"":""0PSd0000000r4teGAA"",""Type"":""Profile"",""Label"":""00ed0000001A2efAAC"",""PermissionSetGroupId"":null,""Profile"":{""attributes"":{""type"":""Profile"",""url"":""/services/data/v53.0/sobjects/Profile/00ed0000001A2efAAC""},""Id"":""00ed0000001A2efAAC"",""Name"":""ASU Service - Engineering - Poly""}}},{""Parent"":{""Id"":""0PSd0000000r4tjGAA"",""Type"":""Profile"",""Label"":""00ed0000001A2ekAAC"",""PermissionSetGroupId"":null,""Profile"":{""attributes"":{""type"":""Profile"",""url"":""/services/data/v53.0/sobjects/Profile/00ed0000001A2ekAAC""},""Id"":""00ed0000001A2ekAAC"",""Name"":""ASU Service - Engineering - SBHSE""}}},{""Parent"":{""Id"":""0PSd0000000r4toGAA"",""Type"":""Profile"",""Label"":""00ed0000001A2epAAC"",""PermissionSetGroupId"":null,""Profile"":{""attributes"":{""type"":""Profile"",""url"":""/services/data/v53.0/sobjects/Profile/00ed0000001A2epAAC""},""Id"":""00ed0000001A2epAAC"",""Name"":""ASU Service - Engineering - SEMTE""}}},{""Parent"":{""Id"":""0PSd0000000r4ttGAA"",""Type"":""Profile"",""Label"":""00ed0000001A2euAAC"",""PermissionSetGroupId"":null,""Profile"":{""attributes"":{""type"":""Profile"",""url"":""/services/data/v53.0/sobjects/Profile/00ed0000001A2euAAC""},""Id"":""00ed0000001A2euAAC"",""Name"":""ASU Service - Engineering - SSEBE""}}},{""Parent"":{""Id"":""0PSd0000000r4tUGAQ"",""Type"":""Profile"",""Label"":""00ed0000001A2eVAAS"",""PermissionSetGroupId"":null,""Profile"":{""attributes"":{""type"":""Profile"",""url"":""/services/data/v53.0/sobjects/Profile/00ed0000001A2eVAAS""},""Id"":""00ed0000001A2eVAAS"",""Name"":""ASU Service - Engineering - ECEE""}}},{""Parent"":{""Id"":""0PSd0000000r4tyGAA"",""Type"":""Profile"",""Label"":""00ed0000001A2ezAAC"",""PermissionSetGroupId"":null,""Profile"":{""attributes"":{""type"":""Profile"",""url"":""/services/data/v53.0/sobjects/Profile/00ed0000001A2ezAAC""},""Id"":""00ed0000001A2ezAAC"",""Name"":""ASU Service - Engineering - CIDSE""}}},{""Parent"":{""Id"":""0PSd0000000r4bhGAA"",""Type"":""Profile"",""Label"":""00ed0000001A2QNAA0"",""PermissionSetGroupId"":null,""Profile"":{""attributes"":{""type"":""Profile"",""url"":""/services/data/v53.0/sobjects/Profile/00ed0000001A2QNAA0""},""Id"":""00ed0000001A2QNAA0"",""Name"":""ASU Service - Access ASU Outreach""}}},{""Parent"":{""Id"":""0PSd0000000r5c8GAA"",""Type"":""Profile"",""Label"":""00ed0000001A3CUAA0"",""PermissionSetGroupId"":null,""Profile"":{""attributes"":{""type"":""Profile"",""url"":""/services/data/v53.0/sobjects/Profile/00ed0000001A3CUAA0""},""Id"":""00ed0000001A3CUAA0"",""Name"":""ASU Service - New Student Programs""}}},{""Parent"":{""Id"":""0PSd0000000r6MUGAY"",""Type"":""Profile"",""Label"":""00ed0000001A3nIAAS"",""PermissionSetGroupId"":null,""Profile"":{""attributes"":{""type"":""Profile"",""url"":""/services/data/v53.0/sobjects/Profile/00ed0000001A3nIAAS""},""Id"":""00ed0000001A3nIAAS"",""Name"":""ASU Service - University Housing""}}},{""Parent"":{""Id"":""0PSd0000000r60sGAA"",""Type"":""Profile"",""Label"":""00ed0000001A3X8AAK"",""PermissionSetGroupId"":null,""Profile"":{""attributes"":{""type"":""Profile"",""url"":""/services/data/v53.0/sobjects/Profile/00ed0000001A3X8AAK""},""Id"":""00ed0000001A3X8AAK"",""Name"":""ASU Training - College of ASU""}}},{""Parent"":{""Id"":""0PSd0000000r60xGAA"",""Type"":""Profile"",""Label"":""00ed0000001A3XDAA0"",""PermissionSetGroupId"":null,""Profile"":{""attributes"":{""type"":""Profile"",""url"":""/services/data/v53.0/sobjects/Profile/00ed0000001A3XDAA0""},""Id"":""00ed0000001A3XDAA0"",""Name"":""ASU Training - Department of ASU""}}},{""Parent"":{""Id"":""0PSd0000000r6ggGAA"",""Type"":""Profile"",""Label"":""00ed0000001A41pAAC"",""PermissionSetGroupId"":null,""Profile"":{""attributes"":{""type"":""Profile"",""url"":""/services/data/v53.0/sobjects/Profile/00ed0000001A41pAAC""},""Id"":""00ed0000001A41pAAC"",""Name"":""ASU Service - Sustainability""}}},{""Parent"":{""Id"":""0PSd0000000r6pgGAA"",""Type"":""Profile"",""Label"":""00ed0000001A49IAAS"",""PermissionSetGroupId"":null,""Profile"":{""attributes"":{""type"":""Profile"",""url"":""/services/data/v53.0/sobjects/Profile/00ed0000001A49IAAS""},""Id"":""00ed0000001A49IAAS"",""Name"":""ASU Service - Teachers College""}}},{""Parent"":{""Id"":""0PSd0000000r7PNGAY"",""Type"":""Profile"",""Label"":""00ed0000001A4dEAAS"",""PermissionSetGroupId"":null,""Profile"":{""attributes"":{""type"":""Profile"",""url"":""/services/data/v53.0/sobjects/Profile/00ed0000001A4dEAAS""},""Id"":""00ed0000001A4dEAAS"",""Name"":""ASU Service - Public Service""}}},{""Parent"":{""Id"":""0PSd0000000r7C5GAI"",""Type"":""Profile"",""Label"":""00ed0000001A4OpAAK"",""PermissionSetGroupId"":null,""Profile"":{""attributes"":{""type"":""Profile"",""url"":""/services/data/v53.0/sobjects/Profile/00ed0000001A4OpAAK""},""Id"":""00ed0000001A4OpAAK"",""Name"":""ASU Service - Nursing""}}},{""Parent"":{""Id"":""0PSd0000000r7FiGAI"",""Type"":""Profile"",""Label"":""00ed0000001A4RAAA0"",""PermissionSetGroupId"":null,""Profile"":{""attributes"":{""type"":""Profile"",""url"":""/services/data/v53.0/sobjects/Profile/00ed0000001A4RAAA0""},""Id"":""00ed0000001A4RAAA0"",""Name"":""ASU Service - Health Solutions""}}},{""Parent"":{""Id"":""0PSd0000000r7nEGAQ"",""Type"":""Profile"",""Label"":""00ed0000001A4x8AAC"",""PermissionSetGroupId"":null,""Profile"":{""attributes"":{""type"":""Profile"",""url"":""/services/data/v53.0/sobjects/Profile/00ed0000001A4x8AAC""},""Id"":""00ed0000001A4x8AAC"",""Name"":""ASU Service - New College""}}},{""Parent"":{""Id"":""0PSd0000000r7tuGAA"",""Type"":""Profile"",""Label"":""00ed0000001A52VAAS"",""PermissionSetGroupId"":null,""Profile"":{""attributes"":{""type"":""Profile"",""url"":""/services/data/v53.0/sobjects/Profile/00ed0000001A52VAAS""},""Id"":""00ed0000001A52VAAS"",""Name"":""ASU Service - Universal Learner Courses""}}},{""Parent"":{""Id"":""0PSd0000000r7v8GAA"",""Type"":""Profile"",""Label"":""00ed0000001A53VAAS"",""PermissionSetGroupId"":null,""Profile"":{""attributes"":{""type"":""Profile"",""url"":""/services/data/v53.0/sobjects/Profile/00ed0000001A53VAAS""},""Id"":""00ed0000001A53VAAS"",""Name"":""ASU Service - LMS Support""}}},{""Parent"":{""Id"":""0PSd0000000r8fDGAQ"",""Type"":""Profile"",""Label"":""00ed0000001A5dbAAC"",""PermissionSetGroupId"":null,""Profile"":{""attributes"":{""type"":""Profile"",""url"":""/services/data/v53.0/sobjects/Profile/00ed0000001A5dbAAC""},""Id"":""00ed0000001A5dbAAC"",""Name"":""ASU Service - Academic Transfer Credit Solutions""}}},{""Parent"":{""Id"":""0PSd0000000r8gGGAQ"",""Type"":""Profile"",""Label"":""00ed0000001A5e5AAC"",""PermissionSetGroupId"":null,""Profile"":{""attributes"":{""type"":""Profile"",""url"":""/services/data/v53.0/sobjects/Profile/00ed0000001A5e5AAC""},""Id"":""00ed0000001A5e5AAC"",""Name"":""ASU Service - TC - Dean's Office""}}},{""Parent"":{""Id"":""0PSd0000000r8zQGAQ"",""Type"":""Profile"",""Label"":""00ed0000001A5pHAAS"",""PermissionSetGroupId"":null,""Profile"":{""attributes"":{""type"":""Profile"",""url"":""/services/data/v53.0/sobjects/Profile/00ed0000001A5pHAAS""},""Id"":""00ed0000001A5pHAAS"",""Name"":""ASU Service - TC - English""}}},{""Parent"":{""Id"":""0PSd0000000r8zVGAQ"",""Type"":""Profile"",""Label"":""00ed0000001A5pMAAS"",""PermissionSetGroupId"":null,""Profile"":{""attributes"":{""type"":""Profile"",""url"":""/services/data/v53.0/sobjects/Profile/00ed0000001A5pMAAS""},""Id"":""00ed0000001A5pMAAS"",""Name"":""ASU Service - TC - SILC""}}},{""Parent"":{""Id"":""0PSd0000000r8zaGAA"",""Type"":""Profile"",""Label"":""00ed0000001A5pRAAS"",""PermissionSetGroupId"":null,""Profile"":{""attributes"":{""type"":""Profile"",""url"":""/services/data/v53.0/sobjects/Profile/00ed0000001A5pRAAS""},""Id"":""00ed0000001A5pRAAS"",""Name"":""ASU Service - TC - SHPRS""}}},{""Parent"":{""Id"":""0PSd0000000r93BGAQ"",""Type"":""Profile"",""Label"":""00ed0000001A5rcAAC"",""PermissionSetGroupId"":null,""Profile"":{""attributes"":{""type"":""Profile"",""url"":""/services/data/v53.0/sobjects/Profile/00ed0000001A5rcAAC""},""Id"":""00ed0000001A5rcAAC"",""Name"":""ASU Service - TC - SESE""}}},{""Parent"":{""Id"":""0PSd0000000r92mGAA"",""Type"":""Profile"",""Label"":""00ed0000001A5rDAAS"",""PermissionSetGroupId"":null,""Profile"":{""attributes"":{""type"":""Profile"",""url"":""/services/data/v53.0/sobjects/Profile/00ed0000001A5rDAAS""},""Id"":""00ed0000001A5rDAAS"",""Name"":""ASU Service - TC - SOLS""}}},{""Parent"":{""Id"":""0PSd0000000r92rGAA"",""Type"":""Profile"",""Label"":""00ed0000001A5rIAAS"",""PermissionSetGroupId"":null,""Profile"":{""attributes"":{""type"":""Profile"",""url"":""/services/data/v53.0/sobjects/Profile/00ed0000001A5rIAAS""},""Id"":""00ed0000001A5rIAAS"",""Name"":""ASU Service - TC - SoMSS""}}},{""Parent"":{""Id"":""0PSd0000000r92wGAA"",""Type"":""Profile"",""Label"":""00ed0000001A5rNAAS"",""PermissionSetGroupId"":null,""Profile"":{""attributes"":{""type"":""Profile"",""url"":""/services/data/v53.0/sobjects/Profile/00ed0000001A5rNAAS""},""Id"":""00ed0000001A5rNAAS"",""Name"":""ASU Service - TC  - SMS""}}},{""Parent"":{""Id"":""0PSd0000000r931GAA"",""Type"":""Profile"",""Label"":""00ed0000001A5rSAAS"",""PermissionSetGroupId"":null,""Profile"":{""attributes"":{""type"":""Profile"",""url"":""/services/data/v53.0/sobjects/Profile/00ed0000001A5rSAAS""},""Id"":""00ed0000001A5rSAAS"",""Name"":""ASU Service - TC - Physics""}}},{""Parent"":{""Id"":""0PSd0000000r936GAA"",""Type"":""Profile"",""Label"":""00ed0000001A5rXAAS"",""PermissionSetGroupId"":null,""Profile"":{""attributes"":{""type"":""Profile"",""url"":""/services/data/v53.0/sobjects/Profile/00ed0000001A5rXAAS""},""Id"":""00ed0000001A5rXAAS"",""Name"":""ASU Service - TC - Psychology""}}},{""Parent"":{""Id"":""0PSd0000000r8PUGAY"",""Type"":""Profile"",""Label"":""00ed0000001A5S7AAK"",""PermissionSetGroupId"":null,""Profile"":{""attributes"":{""type"":""Profile"",""url"":""/services/data/v53.0/sobjects/Profile/00ed0000001A5S7AAK""},""Id"":""00ed0000001A5S7AAK"",""Name"":""ASU Service - Curricular Activities and Actions""}}},{""Parent"":{""Id"":""0PSd0000000r97mGAA"",""Type"":""Profile"",""Label"":""00ed0000001A5udAAC"",""PermissionSetGroupId"":null,""Profile"":{""attributes"":{""type"":""Profile"",""url"":""/services/data/v53.0/sobjects/Profile/00ed0000001A5udAAC""},""Id"":""00ed0000001A5udAAC"",""Name"":""ASU Service - TC - STS""}}},{""Parent"":{""Id"":""0PSd0000000r97SGAQ"",""Type"":""Profile"",""Label"":""00ed0000001A5uJAAS"",""PermissionSetGroupId"":null,""Profile"":{""attributes"":{""type"":""Profile"",""url"":""/services/data/v53.0/sobjects/Profile/00ed0000001A5uJAAS""},""Id"":""00ed0000001A5uJAAS"",""Name"":""ASU Service - TC - SGSUP""}}},{""Parent"":{""Id"":""0PSd0000000r97XGAQ"",""Type"":""Profile"",""Label"":""00ed0000001A5uOAAS"",""PermissionSetGroupId"":null,""Profile"":{""attributes"":{""type"":""Profile"",""url"":""/services/data/v53.0/sobjects/Profile/00ed0000001A5uOAAS""},""Id"":""00ed0000001A5uOAAS"",""Name"":""ASU Service - TC - HDSHC""}}},{""Parent"":{""Id"":""0PSd0000000r97cGAA"",""Type"":""Profile"",""Label"":""00ed0000001A5uTAAS"",""PermissionSetGroupId"":null,""Profile"":{""attributes"":{""type"":""Profile"",""url"":""/services/data/v53.0/sobjects/Profile/00ed0000001A5uTAAS""},""Id"":""00ed0000001A5uTAAS"",""Name"":""ASU Service - TC - SPGS""}}},{""Parent"":{""Id"":""0PSd0000000r97hGAA"",""Type"":""Profile"",""Label"":""00ed0000001A5uYAAS"",""PermissionSetGroupId"":null,""Profile"":{""attributes"":{""type"":""Profile"",""url"":""/services/data/v53.0/sobjects/Profile/00ed0000001A5uYAAS""},""Id"":""00ed0000001A5uYAAS"",""Name"":""ASU Service - TC - SHESC""}}},{""Parent"":{""Id"":""0PSd0000000r9AFGAY"",""Type"":""Profile"",""Label"":""00ed0000001A5vnAAC"",""PermissionSetGroupId"":null,""Profile"":{""attributes"":{""type"":""Profile"",""url"":""/services/data/v53.0/sobjects/Profile/00ed0000001A5vnAAC""},""Id"":""00ed0000001A5vnAAC"",""Name"":""ASU Service - Integrative Sciences and Arts""}}},{""Parent"":{""Id"":""0PSd0000000r8ZaGAI"",""Type"":""Profile"",""Label"":""00ed0000001A5ZRAA0"",""PermissionSetGroupId"":null,""Profile"":{""attributes"":{""type"":""Profile"",""url"":""/services/data/v53.0/sobjects/Profile/00ed0000001A5ZRAA0""},""Id"":""00ed0000001A5ZRAA0"",""Name"":""ASU Service - Global Education Office""}}},{""Parent"":{""Id"":""0PSd0000000rAdhGAE"",""Type"":""Profile"",""Label"":""00ed0000001A6alAAC"",""PermissionSetGroupId"":null,""Profile"":{""attributes"":{""type"":""Profile"",""url"":""/services/data/v53.0/sobjects/Profile/00ed0000001A6alAAC""},""Id"":""00ed0000001A6alAAC"",""Name"":""ASU Service - Student & Cultural Engagement""}}},{""Parent"":{""Id"":""0PSd0000000rAdmGAE"",""Type"":""Profile"",""Label"":""00ed0000001A6aqAAC"",""PermissionSetGroupId"":null,""Profile"":{""attributes"":{""type"":""Profile"",""url"":""/services/data/v53.0/sobjects/Profile/00ed0000001A6aqAAC""},""Id"":""00ed0000001A6aqAAC"",""Name"":""ASU Service - International Student Engagement""}}},{""Parent"":{""Id"":""0PSd0000000rAdrGAE"",""Type"":""Profile"",""Label"":""00ed0000001A6avAAC"",""PermissionSetGroupId"":null,""Profile"":{""attributes"":{""type"":""Profile"",""url"":""/services/data/v53.0/sobjects/Profile/00ed0000001A6avAAC""},""Id"":""00ed0000001A6avAAC"",""Name"":""ASU Service - Changemaker Central""}}},{""Parent"":{""Id"":""0PSd0000001o7EsGAI"",""Type"":""Profile"",""Label"":""00ed0000002FFRcAAO"",""PermissionSetGroupId"":null,""Profile"":{""attributes"":{""type"":""Profile"",""url"":""/services/data/v53.0/sobjects/Profile/00ed0000002FFRcAAO""},""Id"":""00ed0000002FFRcAAO"",""Name"":""ASU Recruitment - Freshman Recruiter (Temp Access to Org Wide)""}}},{""Parent"":{""Id"":""0PSd0000001o7ETGAY"",""Type"":""Profile"",""Label"":""00ed0000002FFRSAA4"",""PermissionSetGroupId"":null,""Profile"":{""attributes"":{""type"":""Profile"",""url"":""/services/data/v53.0/sobjects/Profile/00ed0000002FFRSAA4""},""Id"":""00ed0000002FFRSAA4"",""Name"":""ASU Service - Sun Devil Athletics""}}},{""Parent"":{""Id"":""0PSd0000001o7HmGAI"",""Type"":""Profile"",""Label"":""00ed0000002FFSLAA4"",""PermissionSetGroupId"":null,""Profile"":{""attributes"":{""type"":""Profile"",""url"":""/services/data/v53.0/sobjects/Profile/00ed0000002FFSLAA4""},""Id"":""00ed0000002FFSLAA4"",""Name"":""ASU Service - Office of the President (Temp Access to Org Wide)""}}},{""Parent"":{""Id"":""0PSd0000001o7VKGAY"",""Type"":""Profile"",""Label"":""00ed0000002FFY4AAO"",""PermissionSetGroupId"":null,""Profile"":{""attributes"":{""type"":""Profile"",""url"":""/services/data/v53.0/sobjects/Profile/00ed0000002FFY4AAO""},""Id"":""00ed0000002FFY4AAO"",""Name"":""ASU Service - ASU-USA Pathways""}}},{""Parent"":{""Id"":""0PSd0000001sK82GAE"",""Type"":""Profile"",""Label"":""00ed0000002JRvSAAW"",""PermissionSetGroupId"":null,""Profile"":{""attributes"":{""type"":""Profile"",""url"":""/services/data/v53.0/sobjects/Profile/00ed0000002JRvSAAW""},""Id"":""00ed0000002JRvSAAW"",""Name"":""ASU Service - First in the World Grant""}}},{""Parent"":{""Id"":""0PSd0000001sKJBGA2"",""Type"":""Profile"",""Label"":""00ed0000002JRyMAAW"",""PermissionSetGroupId"":null,""Profile"":{""attributes"":{""type"":""Profile"",""url"":""/services/data/v53.0/sobjects/Profile/00ed0000002JRyMAAW""},""Id"":""00ed0000002JRyMAAW"",""Name"":""ASU Service - ITCSS Library Services""}}},{""Parent"":{""Id"":""0PSd0000001sKNNGA2"",""Type"":""Profile"",""Label"":""00ed0000002JS0DAAW"",""PermissionSetGroupId"":null,""Profile"":{""attributes"":{""type"":""Profile"",""url"":""/services/data/v53.0/sobjects/Profile/00ed0000002JS0DAAW""},""Id"":""00ed0000002JS0DAAW"",""Name"":""ASU Service - Success Coach""}}},{""Parent"":{""Id"":""0PSd0000001sKO6GAM"",""Type"":""Profile"",""Label"":""00ed0000002JS0NAAW"",""PermissionSetGroupId"":null,""Profile"":{""attributes"":{""type"":""Profile"",""url"":""/services/data/v53.0/sobjects/Profile/00ed0000002JS0NAAW""},""Id"":""00ed0000002JS0NAAW"",""Name"":""ASU Service - TC - ISSR""}}},{""Parent"":{""Id"":""0PSd0000001jxObGAI"",""Type"":""Profile"",""Label"":""00ed0000002NelYAAS"",""PermissionSetGroupId"":null,""Profile"":{""attributes"":{""type"":""Profile"",""url"":""/services/data/v53.0/sobjects/Profile/00ed0000002NelYAAS""},""Id"":""00ed0000002NelYAAS"",""Name"":""ASU Service - Academic Partnerships""}}},{""Parent"":{""Id"":""0PSd0000001jxa8GAA"",""Type"":""Profile"",""Label"":""00ed0000002Neq4AAC"",""PermissionSetGroupId"":null,""Profile"":{""attributes"":{""type"":""Profile"",""url"":""/services/data/v53.0/sobjects/Profile/00ed0000002Neq4AAC""},""Id"":""00ed0000002Neq4AAC"",""Name"":""ASU Service - Student Accessibility and Inclusive Learning Services""}}},{""Parent"":{""Id"":""0PSd0000001jygbGAA"",""Type"":""Profile"",""Label"":""00ed0000002Nf7AAAS"",""PermissionSetGroupId"":null,""Profile"":{""attributes"":{""type"":""Profile"",""url"":""/services/data/v53.0/sobjects/Profile/00ed0000002Nf7AAAS""},""Id"":""00ed0000002Nf7AAAS"",""Name"":""ASU Recruitment - Business Intelligence""}}},{""Parent"":{""Id"":""0PSd0000000oWPgGAM"",""Type"":""Profile"",""Label"":""00ex00000018ozT_128_09_43_34_1"",""PermissionSetGroupId"":null,""Profile"":{""attributes"":{""type"":""Profile"",""url"":""/services/data/v53.0/sobjects/Profile/00ed00000017IobAAE""},""Id"":""00ed00000017IobAAE"",""Name"":""System Administrator""}}},{""Parent"":{""Id"":""0PS6T000001CZGsWAO"",""Type"":""Regular"",""Label"":""Role: EdPlus Coach Portal (Non-Success Coach)"",""PermissionSetGroupId"":null,""Profile"":null}}]"
"0660W000002qZJVQA2","CaseDetailWithClassification","[{""Parent"":{""Id"":""0PS0W000001CNqIWAW"",""Type"":""Profile"",""Label"":""00e0W000001hh6oQAA"",""PermissionSetGroupId"":null,""Profile"":{""attributes"":{""type"":""Profile"",""url"":""/services/data/v53.0/sobjects/Profile/00e0W000001hh6oQAA""},""Id"":""00e0W000001hh6oQAA"",""Name"":""ASU Service - MasterCard Program""}}},{""Parent"":{""Id"":""0PS0W000001CNy2WAG"",""Type"":""Profile"",""Label"":""00e0W000001hhAbQAI"",""PermissionSetGroupId"":null,""Profile"":{""attributes"":{""type"":""Profile"",""url"":""/services/data/v53.0/sobjects/Profile/00e0W000001hhAbQAI""},""Id"":""00e0W000001hhAbQAI"",""Name"":""ASU Service - Public Service Academy""}}},{""Parent"":{""Id"":""0PS0W000001COffWAG"",""Type"":""Profile"",""Label"":""00e0W000001hhfyQAA"",""PermissionSetGroupId"":null,""Profile"":{""attributes"":{""type"":""Profile"",""url"":""/services/data/v53.0/sobjects/Profile/00e0W000001hhfyQAA""},""Id"":""00e0W000001hhfyQAA"",""Name"":""ASU Service - Biosafety""}}},{""Parent"":{""Id"":""0PS0W000001CO7YWAW"",""Type"":""Profile"",""Label"":""00e0W000001hhI6QAI"",""PermissionSetGroupId"":null,""Profile"":{""attributes"":{""type"":""Profile"",""url"":""/services/data/v53.0/sobjects/Profile/00e0W000001hhI6QAI""},""Id"":""00e0W000001hhI6QAI"",""Name"":""ASU Service - New College Deans Office""}}},{""Parent"":{""Id"":""0PS0W000001CO8CWAW"",""Type"":""Profile"",""Label"":""00e0W000001hhIfQAI"",""PermissionSetGroupId"":null,""Profile"":{""attributes"":{""type"":""Profile"",""url"":""/services/data/v53.0/sobjects/Profile/00e0W000001hhIfQAI""},""Id"":""00e0W000001hhIfQAI"",""Name"":""ASU Service - Engineering - K12 Engineering Education""}}},{""Parent"":{""Id"":""0PS0W000001GgWMWA0"",""Type"":""Profile"",""Label"":""00e0W000001lvaCQAQ"",""PermissionSetGroupId"":null,""Profile"":{""attributes"":{""type"":""Profile"",""url"":""/services/data/v53.0/sobjects/Profile/00e0W000001lvaCQAQ""},""Id"":""00e0W000001lvaCQAQ"",""Name"":""ASU Service - University Events & Protocol""}}},{""Parent"":{""Id"":""0PS0W000001Gga4WAC"",""Type"":""Profile"",""Label"":""00e0W000001lvb5QAA"",""PermissionSetGroupId"":null,""Profile"":{""attributes"":{""type"":""Profile"",""url"":""/services/data/v53.0/sobjects/Profile/00e0W000001lvb5QAA""},""Id"":""00e0W000001lvb5QAA"",""Name"":""ASU Service - Psychology Research Advancement""}}},{""Parent"":{""Id"":""0PS0W000001GgbCWAS"",""Type"":""Profile"",""Label"":""00e0W000001lvbKQAQ"",""PermissionSetGroupId"":null,""Profile"":{""attributes"":{""type"":""Profile"",""url"":""/services/data/v53.0/sobjects/Profile/00e0W000001lvbKQAQ""},""Id"":""00e0W000001lvbKQAQ"",""Name"":""ASU Service - ASU Local""}}},{""Parent"":{""Id"":""0PS0W000001GgfJWAS"",""Type"":""Profile"",""Label"":""00e0W000001lvcIQAQ"",""PermissionSetGroupId"":null,""Profile"":{""attributes"":{""type"":""Profile"",""url"":""/services/data/v53.0/sobjects/Profile/00e0W000001lvcIQAQ""},""Id"":""00e0W000001lvcIQAQ"",""Name"":""ASU Service - The College - Interplanetary Initiatives""}}},{""Parent"":{""Id"":""0PS0W000001GgzxWAC"",""Type"":""Profile"",""Label"":""00e0W000001lvdaQAA"",""PermissionSetGroupId"":null,""Profile"":{""attributes"":{""type"":""Profile"",""url"":""/services/data/v53.0/sobjects/Profile/00e0W000001lvdaQAA""},""Id"":""00e0W000001lvdaQAA"",""Name"":""ASU Service - Watts Bridging Success""}}},{""Parent"":{""Id"":""0PS0W000001GftOWAS"",""Type"":""Profile"",""Label"":""00e0W000001lvOQQAY"",""PermissionSetGroupId"":null,""Profile"":{""attributes"":{""type"":""Profile"",""url"":""/services/data/v53.0/sobjects/Profile/00e0W000001lvOQQAY""},""Id"":""00e0W000001lvOQQAY"",""Name"":""ASU Service - ASU Family Programs""}}},{""Parent"":{""Id"":""0PS0W000001Gg0eWAC"",""Type"":""Profile"",""Label"":""00e0W000001lvQvQAI"",""PermissionSetGroupId"":null,""Profile"":{""attributes"":{""type"":""Profile"",""url"":""/services/data/v53.0/sobjects/Profile/00e0W000001lvQvQAI""},""Id"":""00e0W000001lvQvQAI"",""Name"":""ASU Service - TC SOLS Academic Integrity""}}},{""Parent"":{""Id"":""0PS0W000001GiExWAK"",""Type"":""Profile"",""Label"":""00e0W000001lvubQAA"",""PermissionSetGroupId"":null,""Profile"":{""attributes"":{""type"":""Profile"",""url"":""/services/data/v53.0/sobjects/Profile/00e0W000001lvubQAA""},""Id"":""00e0W000001lvubQAA"",""Name"":""ASU Service - DNASU Plasmid Repository""}}},{""Parent"":{""Id"":""0PS0W000001bgzVWAQ"",""Type"":""Profile"",""Label"":""00e0W000001yXmFQAU"",""PermissionSetGroupId"":null,""Profile"":{""attributes"":{""type"":""Profile"",""url"":""/services/data/v53.0/sobjects/Profile/00e0W000001yXmFQAU""},""Id"":""00e0W000001yXmFQAU"",""Name"":""ASU Recruitment - Team (ESISD)""}}},{""Parent"":{""Id"":""0PS0W000001P1NAWA0"",""Type"":""Profile"",""Label"":""00e0W0000022hBdQAI"",""PermissionSetGroupId"":null,""Profile"":{""attributes"":{""type"":""Profile"",""url"":""/services/data/v53.0/sobjects/Profile/00e0W0000022hBdQAI""},""Id"":""00e0W0000022hBdQAI"",""Name"":""ASU Service - Success Courses""}}},{""Parent"":{""Id"":""0PS0W000001fphCWAQ"",""Type"":""Profile"",""Label"":""00e0W0000026u4qQAA"",""PermissionSetGroupId"":null,""Profile"":{""attributes"":{""type"":""Profile"",""url"":""/services/data/v53.0/sobjects/Profile/00e0W0000026u4qQAA""},""Id"":""00e0W0000026u4qQAA"",""Name"":""ASU Service - Opportunities for Youth""}}},{""Parent"":{""Id"":""0PS0W000001KoULWA0"",""Type"":""Profile"",""Label"":""00e0W000002B4xjQAC"",""PermissionSetGroupId"":null,""Profile"":{""attributes"":{""type"":""Profile"",""url"":""/services/data/v53.0/sobjects/Profile/00e0W000002B4xjQAC""},""Id"":""00e0W000002B4xjQAC"",""Name"":""ASU Service - ATCS and Study Abroad""}}},{""Parent"":{""Id"":""0PS0W000001KpSQWA0"",""Type"":""Profile"",""Label"":""00e0W000002B5TBQA0"",""PermissionSetGroupId"":null,""Profile"":{""attributes"":{""type"":""Profile"",""url"":""/services/data/v53.0/sobjects/Profile/00e0W000002B5TBQA0""},""Id"":""00e0W000002B5TBQA0"",""Name"":""ASU Service - TC - SCETL""}}},{""Parent"":{""Id"":""0PS0W000001sbaPWAQ"",""Type"":""Profile"",""Label"":""00e0W000002JZOFQA4"",""PermissionSetGroupId"":null,""Profile"":{""attributes"":{""type"":""Profile"",""url"":""/services/data/v53.0/sobjects/Profile/00e0W000002JZOFQA4""},""Id"":""00e0W000002JZOFQA4"",""Name"":""ASU Service - Explore""}}},{""Parent"":{""Id"":""0PS0W000001sbktWAA"",""Type"":""Profile"",""Label"":""00e0W000002JZROQA4"",""PermissionSetGroupId"":null,""Profile"":{""attributes"":{""type"":""Profile"",""url"":""/services/data/v53.0/sobjects/Profile/00e0W000002JZROQA4""},""Id"":""00e0W000002JZROQA4"",""Name"":""ASU Service - College of Global Futures""}}},{""Parent"":{""Id"":""0PS0W000001jz1PWAQ"",""Type"":""Profile"",""Label"":""00e0W000002NfGqQAK"",""PermissionSetGroupId"":null,""Profile"":{""attributes"":{""type"":""Profile"",""url"":""/services/data/v53.0/sobjects/Profile/00e0W000002NfGqQAK""},""Id"":""00e0W000002NfGqQAK"",""Name"":""ASU Service - Enrollment Analysis""}}},{""Parent"":{""Id"":""0PS0W000001k9UOWAY"",""Type"":""Profile"",""Label"":""00e0W000002NjQ0QAK"",""PermissionSetGroupId"":null,""Profile"":{""attributes"":{""type"":""Profile"",""url"":""/services/data/v53.0/sobjects/Profile/00e0W000002NjQ0QAK""},""Id"":""00e0W000002NjQ0QAK"",""Name"":""ASU Service - International Students and Scholars Center SMS""}}},{""Parent"":{""Id"":""0PS6T000001CZe3WAG"",""Type"":""Profile"",""Label"":""00e6T000001hlA1QAI"",""PermissionSetGroupId"":null,""Profile"":{""attributes"":{""type"":""Profile"",""url"":""/services/data/v53.0/sobjects/Profile/00e6T000001hlA1QAI""},""Id"":""00e6T000001hlA1QAI"",""Name"":""ASU Service - Engineering - Poly HR""}}},{""Parent"":{""Id"":""0PS6T000001k9crWAA"",""Type"":""Profile"",""Label"":""00e6T000002NjQeQAK"",""PermissionSetGroupId"":null,""Profile"":{""attributes"":{""type"":""Profile"",""url"":""/services/data/v53.0/sobjects/Profile/00e6T000002NjQeQAK""},""Id"":""00e6T000002NjQeQAK"",""Name"":""ASU Service - Information Technology Support Hub""}}},{""Parent"":{""Id"":""0PS6T000001kAE8WAM"",""Type"":""Profile"",""Label"":""00e6T000002NjSuQAK"",""PermissionSetGroupId"":null,""Profile"":{""attributes"":{""type"":""Profile"",""url"":""/services/data/v53.0/sobjects/Profile/00e6T000002NjSuQAK""},""Id"":""00e6T000002NjSuQAK"",""Name"":""ASU Service - SMS API""}}},{""Parent"":{""Id"":""0PSd0000000H441GAC"",""Type"":""Profile"",""Label"":""00ed0000000jbjMAAQ"",""PermissionSetGroupId"":null,""Profile"":{""attributes"":{""type"":""Profile"",""url"":""/services/data/v53.0/sobjects/Profile/00ed0000000jbjMAAQ""},""Id"":""00ed0000000jbjMAAQ"",""Name"":""ASU Service - Design and the Arts""}}},{""Parent"":{""Id"":""0PSd0000000H4AQGA0"",""Type"":""Profile"",""Label"":""00ed0000000jbo2AAA"",""PermissionSetGroupId"":null,""Profile"":{""attributes"":{""type"":""Profile"",""url"":""/services/data/v53.0/sobjects/Profile/00ed0000000jbo2AAA""},""Id"":""00ed0000000jbo2AAA"",""Name"":""ASU Service - International Initiatives Graduate Education""}}},{""Parent"":{""Id"":""0PSd0000000H4BxGAK"",""Type"":""Profile"",""Label"":""00ed0000000jboMAAQ"",""PermissionSetGroupId"":null,""Profile"":{""attributes"":{""type"":""Profile"",""url"":""/services/data/v53.0/sobjects/Profile/00ed0000000jboMAAQ""},""Id"":""00ed0000000jboMAAQ"",""Name"":""ASU Service - W. P. Carey Business""}}},{""Parent"":{""Id"":""0PSd0000000H4C2GAK"",""Type"":""Profile"",""Label"":""00ed0000000jboRAAQ"",""PermissionSetGroupId"":null,""Profile"":{""attributes"":{""type"":""Profile"",""url"":""/services/data/v53.0/sobjects/Profile/00ed0000000jboRAAQ""},""Id"":""00ed0000000jboRAAQ"",""Name"":""ASU Service - Parking and Transit Services""}}},{""Parent"":{""Id"":""0PSd0000000H4C7GAK"",""Type"":""Profile"",""Label"":""00ed0000000jboWAAQ"",""PermissionSetGroupId"":null,""Profile"":{""attributes"":{""type"":""Profile"",""url"":""/services/data/v53.0/sobjects/Profile/00ed0000000jboWAAQ""},""Id"":""00ed0000000jboWAAQ"",""Name"":""ASU Service - First Year Success Center""}}},{""Parent"":{""Id"":""0PSd0000000H4J3GAK"",""Type"":""Profile"",""Label"":""00ed0000000jbqhAAA"",""PermissionSetGroupId"":null,""Profile"":{""attributes"":{""type"":""Profile"",""url"":""/services/data/v53.0/sobjects/Profile/00ed0000000jbqhAAA""},""Id"":""00ed0000000jbqhAAA"",""Name"":""ASU Service - Pat Tillman Veteran Center""}}},{""Parent"":{""Id"":""0PSd0000000H4J8GAK"",""Type"":""Profile"",""Label"":""00ed0000000jbqmAAA"",""PermissionSetGroupId"":null,""Profile"":{""attributes"":{""type"":""Profile"",""url"":""/services/data/v53.0/sobjects/Profile/00ed0000000jbqmAAA""},""Id"":""00ed0000000jbqmAAA"",""Name"":""ASU Service - Thunderbird""}}},{""Parent"":{""Id"":""0PSd0000000H4N0GAK"",""Type"":""Profile"",""Label"":""00ed0000000jbtHAAQ"",""PermissionSetGroupId"":null,""Profile"":{""attributes"":{""type"":""Profile"",""url"":""/services/data/v53.0/sobjects/Profile/00ed0000000jbtHAAQ""},""Id"":""00ed0000000jbtHAAQ"",""Name"":""ASU Service - EOSS""}}},{""Parent"":{""Id"":""0PSd0000000H4N5GAK"",""Type"":""Profile"",""Label"":""00ed0000000jbtMAAQ"",""PermissionSetGroupId"":null,""Profile"":{""attributes"":{""type"":""Profile"",""url"":""/services/data/v53.0/sobjects/Profile/00ed0000000jbtMAAQ""},""Id"":""00ed0000000jbtMAAQ"",""Name"":""ASU Service - Sun Devil Card Services""}}},{""Parent"":{""Id"":""0PSd0000000H4NAGA0"",""Type"":""Profile"",""Label"":""00ed0000000jbtRAAQ"",""PermissionSetGroupId"":null,""Profile"":{""attributes"":{""type"":""Profile"",""url"":""/services/data/v53.0/sobjects/Profile/00ed0000000jbtRAAQ""},""Id"":""00ed0000000jbtRAAQ"",""Name"":""ASU Service - Career Services""}}},{""Parent"":{""Id"":""0PSd0000000H4PVGA0"",""Type"":""Profile"",""Label"":""00ed0000000jbu5AAA"",""PermissionSetGroupId"":null,""Profile"":{""attributes"":{""type"":""Profile"",""url"":""/services/data/v53.0/sobjects/Profile/00ed0000000jbu5AAA""},""Id"":""00ed0000000jbu5AAA"",""Name"":""ASU Service - University Academic Success Programs""}}},{""Parent"":{""Id"":""0PSd0000000H4PaGAK"",""Type"":""Profile"",""Label"":""00ed0000000jbuAAAQ"",""PermissionSetGroupId"":null,""Profile"":{""attributes"":{""type"":""Profile"",""url"":""/services/data/v53.0/sobjects/Profile/00ed0000000jbuAAAQ""},""Id"":""00ed0000000jbuAAAQ"",""Name"":""ASU Service - Honors""}}},{""Parent"":{""Id"":""0PSd0000000H4QTGA0"",""Type"":""Profile"",""Label"":""00ed0000000jbujAAA"",""PermissionSetGroupId"":null,""Profile"":{""attributes"":{""type"":""Profile"",""url"":""/services/data/v53.0/sobjects/Profile/00ed0000000jbujAAA""},""Id"":""00ed0000000jbujAAA"",""Name"":""ASU Service - Journalism""}}},{""Parent"":{""Id"":""0PSd0000000H4QYGA0"",""Type"":""Profile"",""Label"":""00ed0000000jbuoAAA"",""PermissionSetGroupId"":null,""Profile"":{""attributes"":{""type"":""Profile"",""url"":""/services/data/v53.0/sobjects/Profile/00ed0000000jbuoAAA""},""Id"":""00ed0000000jbuoAAA"",""Name"":""ASU Service - Office of the University Provost""}}},{""Parent"":{""Id"":""0PSd0000000H3g5GAC"",""Type"":""Profile"",""Label"":""00ed0000000jbV9AAI"",""PermissionSetGroupId"":null,""Profile"":{""attributes"":{""type"":""Profile"",""url"":""/services/data/v53.0/sobjects/Profile/00ed0000000jbV9AAI""},""Id"":""00ed0000000jbV9AAI"",""Name"":""ASU Service - TC - AIS""}}},{""Parent"":{""Id"":""0PSd0000000H3gAGAS"",""Type"":""Profile"",""Label"":""00ed0000000jbVEAAY"",""PermissionSetGroupId"":null,""Profile"":{""attributes"":{""type"":""Profile"",""url"":""/services/data/v53.0/sobjects/Profile/00ed0000000jbVEAAY""},""Id"":""00ed0000000jbVEAAY"",""Name"":""ASU Service - TC  - The Sanford School""}}},{""Parent"":{""Id"":""0PSd0000000H3gFGAS"",""Type"":""Profile"",""Label"":""00ed0000000jbVJAAY"",""PermissionSetGroupId"":null,""Profile"":{""attributes"":{""type"":""Profile"",""url"":""/services/data/v53.0/sobjects/Profile/00ed0000000jbVJAAY""},""Id"":""00ed0000000jbVJAAY"",""Name"":""ASU Service - TC - SST""}}},{""Parent"":{""Id"":""0PSd0000000H3gKGAS"",""Type"":""Profile"",""Label"":""00ed0000000jbVOAAY"",""PermissionSetGroupId"":null,""Profile"":{""attributes"":{""type"":""Profile"",""url"":""/services/data/v53.0/sobjects/Profile/00ed0000000jbVOAAY""},""Id"":""00ed0000000jbVOAAY"",""Name"":""ASU Service - TC - Army ROTC""}}},{""Parent"":{""Id"":""0PSd0000000H4ThGAK"",""Type"":""Profile"",""Label"":""00ed0000000jbwGAAQ"",""PermissionSetGroupId"":null,""Profile"":{""attributes"":{""type"":""Profile"",""url"":""/services/data/v53.0/sobjects/Profile/00ed0000000jbwGAAQ""},""Id"":""00ed0000000jbwGAAQ"",""Name"":""ASU Service - ASU Salesforce Support""}}},{""Parent"":{""Id"":""0PSd0000000H4WlGAK"",""Type"":""Profile"",""Label"":""00ed0000000jbyCAAQ"",""PermissionSetGroupId"":null,""Profile"":{""attributes"":{""type"":""Profile"",""url"":""/services/data/v53.0/sobjects/Profile/00ed0000000jbyCAAQ""},""Id"":""00ed0000000jbyCAAQ"",""Name"":""ASU Service - International Students and Scholars Center""}}},{""Parent"":{""Id"":""0PSd0000000H4XoGAK"",""Type"":""Profile"",""Label"":""00ed0000000jbylAAA"",""PermissionSetGroupId"":null,""Profile"":{""attributes"":{""type"":""Profile"",""url"":""/services/data/v53.0/sobjects/Profile/00ed0000000jbylAAA""},""Id"":""00ed0000000jbylAAA"",""Name"":""ASU Recruitment - Graduate Recruiter""}}},{""Parent"":{""Id"":""0PSd0000000H4ZLGA0"",""Type"":""Profile"",""Label"":""00ed0000000jbz0AAA"",""PermissionSetGroupId"":null,""Profile"":{""attributes"":{""type"":""Profile"",""url"":""/services/data/v53.0/sobjects/Profile/00ed0000000jbz0AAA""},""Id"":""00ed0000000jbz0AAA"",""Name"":""ASU Service - School for the Future of Innovation in Society""}}},{""Parent"":{""Id"":""0PSd0000000H4ZQGA0"",""Type"":""Profile"",""Label"":""00ed0000000jbz5AAA"",""PermissionSetGroupId"":null,""Profile"":{""attributes"":{""type"":""Profile"",""url"":""/services/data/v53.0/sobjects/Profile/00ed0000000jbz5AAA""},""Id"":""00ed0000000jbz5AAA"",""Name"":""ASU Service - American Indian Student Support Services""}}},{""Parent"":{""Id"":""0PSd0000000H4hyGAC"",""Type"":""Profile"",""Label"":""00ed0000000jc4eAAA"",""PermissionSetGroupId"":null,""Profile"":{""attributes"":{""type"":""Profile"",""url"":""/services/data/v53.0/sobjects/Profile/00ed0000000jc4eAAA""},""Id"":""00ed0000000jc4eAAA"",""Name"":""ASU Service - ASU Wellness""}}},{""Parent"":{""Id"":""0PSd0000000H4i3GAC"",""Type"":""Profile"",""Label"":""00ed0000000jc4jAAA"",""PermissionSetGroupId"":null,""Profile"":{""attributes"":{""type"":""Profile"",""url"":""/services/data/v53.0/sobjects/Profile/00ed0000000jc4jAAA""},""Id"":""00ed0000000jc4jAAA"",""Name"":""ASU Service - Student Engagement""}}},{""Parent"":{""Id"":""0PSd0000000H4i8GAC"",""Type"":""Profile"",""Label"":""00ed0000000jc4oAAA"",""PermissionSetGroupId"":null,""Profile"":{""attributes"":{""type"":""Profile"",""url"":""/services/data/v53.0/sobjects/Profile/00ed0000000jc4oAAA""},""Id"":""00ed0000000jc4oAAA"",""Name"":""ASU Service - TRIO""}}},{""Parent"":{""Id"":""0PSd0000000H4iXGAS"",""Type"":""Profile"",""Label"":""00ed0000000jc5DAAQ"",""PermissionSetGroupId"":null,""Profile"":{""attributes"":{""type"":""Profile"",""url"":""/services/data/v53.0/sobjects/Profile/00ed0000000jc5DAAQ""},""Id"":""00ed0000000jc5DAAQ"",""Name"":""ASU Service - TC - Air Force ROTC""}}},{""Parent"":{""Id"":""0PSd0000000H4icGAC"",""Type"":""Profile"",""Label"":""00ed0000000jc5IAAQ"",""PermissionSetGroupId"":null,""Profile"":{""attributes"":{""type"":""Profile"",""url"":""/services/data/v53.0/sobjects/Profile/00ed0000000jc5IAAQ""},""Id"":""00ed0000000jc5IAAQ"",""Name"":""ASU Service - TC - Navy ROTC""}}},{""Parent"":{""Id"":""0PSd0000000H4rKGAS"",""Type"":""Profile"",""Label"":""00ed0000000jc9PAAQ"",""PermissionSetGroupId"":null,""Profile"":{""attributes"":{""type"":""Profile"",""url"":""/services/data/v53.0/sobjects/Profile/00ed0000000jc9PAAQ""},""Id"":""00ed0000000jc9PAAQ"",""Name"":""ASU Service - Fraternity & Sorority Life""}}},{""Parent"":{""Id"":""0PSd0000000H4rPGAS"",""Type"":""Profile"",""Label"":""00ed0000000jc9UAAQ"",""PermissionSetGroupId"":null,""Profile"":{""attributes"":{""type"":""Profile"",""url"":""/services/data/v53.0/sobjects/Profile/00ed0000000jc9UAAQ""},""Id"":""00ed0000000jc9UAAQ"",""Name"":""ASU Service - Dean of Students""}}},{""Parent"":{""Id"":""0PSd0000000H4wyGAC"",""Type"":""Profile"",""Label"":""00ed0000000jcCOAAY"",""PermissionSetGroupId"":null,""Profile"":{""attributes"":{""type"":""Profile"",""url"":""/services/data/v53.0/sobjects/Profile/00ed0000000jcCOAAY""},""Id"":""00ed0000000jcCOAAY"",""Name"":""ASU Service - Enterprise Marketing Hub""}}},{""Parent"":{""Id"":""0PSd0000000H4x3GAC"",""Type"":""Profile"",""Label"":""00ed0000000jcCTAAY"",""PermissionSetGroupId"":null,""Profile"":{""attributes"":{""type"":""Profile"",""url"":""/services/data/v53.0/sobjects/Profile/00ed0000000jcCTAAY""},""Id"":""00ed0000000jcCTAAY"",""Name"":""ASU Service - Print Anywhere Tier 2""}}},{""Parent"":{""Id"":""0PSd0000000H4x8GAC"",""Type"":""Profile"",""Label"":""00ed0000000jcCYAAY"",""PermissionSetGroupId"":null,""Profile"":{""attributes"":{""type"":""Profile"",""url"":""/services/data/v53.0/sobjects/Profile/00ed0000000jcCYAAY""},""Id"":""00ed0000000jcCYAAY"",""Name"":""ASU Service - Sun Devil Fitness""}}},{""Parent"":{""Id"":""0PSd0000000H523GAC"",""Type"":""Profile"",""Label"":""00ed0000000jcFDAAY"",""PermissionSetGroupId"":null,""Profile"":{""attributes"":{""type"":""Profile"",""url"":""/services/data/v53.0/sobjects/Profile/00ed0000000jcFDAAY""},""Id"":""00ed0000000jcFDAAY"",""Name"":""ASU Service - MU Information Desk""}}},{""Parent"":{""Id"":""0PSd0000000H55HGAS"",""Type"":""Profile"",""Label"":""00ed0000000jcGQAAY"",""PermissionSetGroupId"":null,""Profile"":{""attributes"":{""type"":""Profile"",""url"":""/services/data/v53.0/sobjects/Profile/00ed0000000jcGQAAY""},""Id"":""00ed0000000jcGQAAY"",""Name"":""ASU Service - Sun Devil Dining""}}},{""Parent"":{""Id"":""0PSd0000000H5zBGAS"",""Type"":""Profile"",""Label"":""00ed0000000jcPXAAY"",""PermissionSetGroupId"":null,""Profile"":{""attributes"":{""type"":""Profile"",""url"":""/services/data/v53.0/sobjects/Profile/00ed0000000jcPXAAY""},""Id"":""00ed0000000jcPXAAY"",""Name"":""ASU Service - Student Government""}}},{""Parent"":{""Id"":""0PSd0000000H6BWGA0"",""Type"":""Profile"",""Label"":""00ed0000000jcWYAAY"",""PermissionSetGroupId"":null,""Profile"":{""attributes"":{""type"":""Profile"",""url"":""/services/data/v53.0/sobjects/Profile/00ed0000000jcWYAAY""},""Id"":""00ed0000000jcWYAAY"",""Name"":""ASU Service - Strategic Initiatives""}}},{""Parent"":{""Id"":""0PSd0000000qjenGAA"",""Type"":""Profile"",""Label"":""00ed00000019invAAA"",""PermissionSetGroupId"":null,""Profile"":{""attributes"":{""type"":""Profile"",""url"":""/services/data/v53.0/sobjects/Profile/00ed00000019invAAA""},""Id"":""00ed00000019invAAA"",""Name"":""ASU Read Only""}}},{""Parent"":{""Id"":""0PSd0000000qzaSGAQ"",""Type"":""Profile"",""Label"":""00ed00000019yBlAAI"",""PermissionSetGroupId"":null,""Profile"":{""attributes"":{""type"":""Profile"",""url"":""/services/data/v53.0/sobjects/Profile/00ed00000019yBlAAI""},""Id"":""00ed00000019yBlAAI"",""Name"":""ASU Service - Financial Aid""}}},{""Parent"":{""Id"":""0PSd0000000qzawGAA"",""Type"":""Profile"",""Label"":""00ed00000019yC5AAI"",""PermissionSetGroupId"":null,""Profile"":{""attributes"":{""type"":""Profile"",""url"":""/services/data/v53.0/sobjects/Profile/00ed00000019yC5AAI""},""Id"":""00ed00000019yC5AAI"",""Name"":""ASU Service - Registrar""}}},{""Parent"":{""Id"":""0PSd0000000qzb1GAA"",""Type"":""Profile"",""Label"":""00ed00000019yCAAAY"",""PermissionSetGroupId"":null,""Profile"":{""attributes"":{""type"":""Profile"",""url"":""/services/data/v53.0/sobjects/Profile/00ed00000019yCAAAY""},""Id"":""00ed00000019yCAAAY"",""Name"":""ASU Service - Student Business Services""}}},{""Parent"":{""Id"":""0PSd0000000qzl5GAA"",""Type"":""Profile"",""Label"":""00ed00000019yKBAAY"",""PermissionSetGroupId"":null,""Profile"":{""attributes"":{""type"":""Profile"",""url"":""/services/data/v53.0/sobjects/Profile/00ed00000019yKBAAY""},""Id"":""00ed00000019yKBAAY"",""Name"":""ASU View All Data""}}},{""Parent"":{""Id"":""0PSd0000000r0cAGAQ"",""Type"":""Profile"",""Label"":""00ed00000019z62AAA"",""PermissionSetGroupId"":null,""Profile"":{""attributes"":{""type"":""Profile"",""url"":""/services/data/v53.0/sobjects/Profile/00ed00000019z62AAA""},""Id"":""00ed00000019z62AAA"",""Name"":""ASU Service - ASU Online""}}},{""Parent"":{""Id"":""0PSd0000000r0cFGAQ"",""Type"":""Profile"",""Label"":""00ed00000019z67AAA"",""PermissionSetGroupId"":null,""Profile"":{""attributes"":{""type"":""Profile"",""url"":""/services/data/v53.0/sobjects/Profile/00ed00000019z67AAA""},""Id"":""00ed00000019z67AAA"",""Name"":""ASU Service - ESM Online""}}},{""Parent"":{""Id"":""0PSd0000000r0cKGAQ"",""Type"":""Profile"",""Label"":""00ed00000019z6CAAQ"",""PermissionSetGroupId"":null,""Profile"":{""attributes"":{""type"":""Profile"",""url"":""/services/data/v53.0/sobjects/Profile/00ed00000019z6CAAQ""},""Id"":""00ed00000019z6CAAQ"",""Name"":""ASU Service - Help Desk""}}},{""Parent"":{""Id"":""0PSd0000000r0qtGAA"",""Type"":""Profile"",""Label"":""00ed00000019zIqAAI"",""PermissionSetGroupId"":null,""Profile"":{""attributes"":{""type"":""Profile"",""url"":""/services/data/v53.0/sobjects/Profile/00ed00000019zIqAAI""},""Id"":""00ed00000019zIqAAI"",""Name"":""ASU Service - W. P. Carey Tech Services""}}},{""Parent"":{""Id"":""0PSd0000000r1SFGAY"",""Type"":""Profile"",""Label"":""00ed00000019zqdAAA"",""PermissionSetGroupId"":null,""Profile"":{""attributes"":{""type"":""Profile"",""url"":""/services/data/v53.0/sobjects/Profile/00ed00000019zqdAAA""},""Id"":""00ed00000019zqdAAA"",""Name"":""ASU Service - Tech Studio""}}},{""Parent"":{""Id"":""0PSd0000000r1SKGAY"",""Type"":""Profile"",""Label"":""00ed00000019zqiAAA"",""PermissionSetGroupId"":null,""Profile"":{""attributes"":{""type"":""Profile"",""url"":""/services/data/v53.0/sobjects/Profile/00ed00000019zqiAAA""},""Id"":""00ed00000019zqiAAA"",""Name"":""ASU Service - Engineering IT""}}},{""Parent"":{""Id"":""0PSd0000000r1SAGAY"",""Type"":""Profile"",""Label"":""00ed00000019zqYAAQ"",""PermissionSetGroupId"":null,""Profile"":{""attributes"":{""type"":""Profile"",""url"":""/services/data/v53.0/sobjects/Profile/00ed00000019zqYAAQ""},""Id"":""00ed00000019zqYAAQ"",""Name"":""ASU Service - Identity Management""}}},{""Parent"":{""Id"":""0PSd0000000r2e7GAA"",""Type"":""Profile"",""Label"":""00ed0000001A0pMAAS"",""PermissionSetGroupId"":null,""Profile"":{""attributes"":{""type"":""Profile"",""url"":""/services/data/v53.0/sobjects/Profile/00ed0000001A0pMAAS""},""Id"":""00ed0000001A0pMAAS"",""Name"":""ASU Service - Student Success Innovations""}}},{""Parent"":{""Id"":""0PSd0000000r2eCGAQ"",""Type"":""Profile"",""Label"":""00ed0000001A0pRAAS"",""PermissionSetGroupId"":null,""Profile"":{""attributes"":{""type"":""Profile"",""url"":""/services/data/v53.0/sobjects/Profile/00ed0000001A0pRAAS""},""Id"":""00ed0000001A0pRAAS"",""Name"":""ASU Service - Office of the President""}}},{""Parent"":{""Id"":""0PSd0000000r28IGAQ"",""Type"":""Profile"",""Label"":""00ed0000001A0PwAAK"",""PermissionSetGroupId"":null,""Profile"":{""attributes"":{""type"":""Profile"",""url"":""/services/data/v53.0/sobjects/Profile/00ed0000001A0PwAAK""},""Id"":""00ed0000001A0PwAAK"",""Name"":""ASU Service - Library Services(ARCHIVE)""}}},{""Parent"":{""Id"":""0PSd0000000r3amGAA"",""Type"":""Profile"",""Label"":""00ed0000001A1eqAAC"",""PermissionSetGroupId"":null,""Profile"":{""attributes"":{""type"":""Profile"",""url"":""/services/data/v53.0/sobjects/Profile/00ed0000001A1eqAAC""},""Id"":""00ed0000001A1eqAAC"",""Name"":""ASU Service - Integrated Services""}}},{""Parent"":{""Id"":""0PSd0000000r39YGAQ"",""Type"":""Profile"",""Label"":""00ed0000001A1GfAAK"",""PermissionSetGroupId"":null,""Profile"":{""attributes"":{""type"":""Profile"",""url"":""/services/data/v53.0/sobjects/Profile/00ed0000001A1GfAAK""},""Id"":""00ed0000001A1GfAAK"",""Name"":""ASU Service - TEMPLATE""}}},{""Parent"":{""Id"":""0PSd0000000r3KbGAI"",""Type"":""Profile"",""Label"":""00ed0000001A1OlAAK"",""PermissionSetGroupId"":null,""Profile"":{""attributes"":{""type"":""Profile"",""url"":""/services/data/v53.0/sobjects/Profile/00ed0000001A1OlAAK""},""Id"":""00ed0000001A1OlAAK"",""Name"":""ASU Service - Graduate College""}}},{""Parent"":{""Id"":""0PSd0000000r3syGAA"",""Type"":""Profile"",""Label"":""00ed0000001A1s3AAC"",""PermissionSetGroupId"":null,""Profile"":{""attributes"":{""type"":""Profile"",""url"":""/services/data/v53.0/sobjects/Profile/00ed0000001A1s3AAC""},""Id"":""00ed0000001A1s3AAC"",""Name"":""ASU Recruitment - Applicant Services""}}},{""Parent"":{""Id"":""0PSd0000000r3t3GAA"",""Type"":""Profile"",""Label"":""00ed0000001A1s8AAC"",""PermissionSetGroupId"":null,""Profile"":{""attributes"":{""type"":""Profile"",""url"":""/services/data/v53.0/sobjects/Profile/00ed0000001A1s8AAC""},""Id"":""00ed0000001A1s8AAC"",""Name"":""ASU Recruitment - Business Operations""}}},{""Parent"":{""Id"":""0PSd0000000r3t8GAA"",""Type"":""Profile"",""Label"":""00ed0000001A1sDAAS"",""PermissionSetGroupId"":null,""Profile"":{""attributes"":{""type"":""Profile"",""url"":""/services/data/v53.0/sobjects/Profile/00ed0000001A1sDAAS""},""Id"":""00ed0000001A1sDAAS"",""Name"":""ASU Recruitment - Freshman Recruiter""}}},{""Parent"":{""Id"":""0PSd0000000r3tcGAA"",""Type"":""Profile"",""Label"":""00ed0000001A1shAAC"",""PermissionSetGroupId"":null,""Profile"":{""attributes"":{""type"":""Profile"",""url"":""/services/data/v53.0/sobjects/Profile/00ed0000001A1shAAC""},""Id"":""00ed0000001A1shAAC"",""Name"":""ASU Recruitment - Admission Services""}}},{""Parent"":{""Id"":""0PSd0000000r3tDGAQ"",""Type"":""Profile"",""Label"":""00ed0000001A1sIAAS"",""PermissionSetGroupId"":null,""Profile"":{""attributes"":{""type"":""Profile"",""url"":""/services/data/v53.0/sobjects/Profile/00ed0000001A1sIAAS""},""Id"":""00ed0000001A1sIAAS"",""Name"":""ASU Recruitment - Transfer Recruiter""}}},{""Parent"":{""Id"":""0PSd0000000r3tIGAQ"",""Type"":""Profile"",""Label"":""00ed0000001A1sNAAS"",""PermissionSetGroupId"":null,""Profile"":{""attributes"":{""type"":""Profile"",""url"":""/services/data/v53.0/sobjects/Profile/00ed0000001A1sNAAS""},""Id"":""00ed0000001A1sNAAS"",""Name"":""ASU Recruitment - International Recruiter""}}},{""Parent"":{""Id"":""0PSd0000000r3tNGAQ"",""Type"":""Profile"",""Label"":""00ed0000001A1sSAAS"",""PermissionSetGroupId"":null,""Profile"":{""attributes"":{""type"":""Profile"",""url"":""/services/data/v53.0/sobjects/Profile/00ed0000001A1sSAAS""},""Id"":""00ed0000001A1sSAAS"",""Name"":""ASU Recruitment - Events""}}},{""Parent"":{""Id"":""0PSd0000000r3tSGAQ"",""Type"":""Profile"",""Label"":""00ed0000001A1sXAAS"",""PermissionSetGroupId"":null,""Profile"":{""attributes"":{""type"":""Profile"",""url"":""/services/data/v53.0/sobjects/Profile/00ed0000001A1sXAAS""},""Id"":""00ed0000001A1sXAAS"",""Name"":""ASU Recruitment - Havasu""}}},{""Parent"":{""Id"":""0PSd0000000r453GAA"",""Type"":""Profile"",""Label"":""00ed0000001A204AAC"",""PermissionSetGroupId"":null,""Profile"":{""attributes"":{""type"":""Profile"",""url"":""/services/data/v53.0/sobjects/Profile/00ed0000001A204AAC""},""Id"":""00ed0000001A204AAC"",""Name"":""ASU Recruitment - Leads (ESISD)""}}},{""Parent"":{""Id"":""0PSd0000000r4s2GAA"",""Type"":""Profile"",""Label"":""00ed0000001A2dLAAS"",""PermissionSetGroupId"":null,""Profile"":{""attributes"":{""type"":""Profile"",""url"":""/services/data/v53.0/sobjects/Profile/00ed0000001A2dLAAS""},""Id"":""00ed0000001A2dLAAS"",""Name"":""ASU Service - Engineering - Dean's Office""}}},{""Parent"":{""Id"":""0PSd0000000r4tZGAQ"",""Type"":""Profile"",""Label"":""00ed0000001A2eaAAC"",""PermissionSetGroupId"":null,""Profile"":{""attributes"":{""type"":""Profile"",""url"":""/services/data/v53.0/sobjects/Profile/00ed0000001A2eaAAC""},""Id"":""00ed0000001A2eaAAC"",""Name"":""ASU Service - Engineering - GOEE""}}},{""Parent"":{""Id"":""0PSd0000000r4teGAA"",""Type"":""Profile"",""Label"":""00ed0000001A2efAAC"",""PermissionSetGroupId"":null,""Profile"":{""attributes"":{""type"":""Profile"",""url"":""/services/data/v53.0/sobjects/Profile/00ed0000001A2efAAC""},""Id"":""00ed0000001A2efAAC"",""Name"":""ASU Service - Engineering - Poly""}}},{""Parent"":{""Id"":""0PSd0000000r4tjGAA"",""Type"":""Profile"",""Label"":""00ed0000001A2ekAAC"",""PermissionSetGroupId"":null,""Profile"":{""attributes"":{""type"":""Profile"",""url"":""/services/data/v53.0/sobjects/Profile/00ed0000001A2ekAAC""},""Id"":""00ed0000001A2ekAAC"",""Name"":""ASU Service - Engineering - SBHSE""}}},{""Parent"":{""Id"":""0PSd0000000r4toGAA"",""Type"":""Profile"",""Label"":""00ed0000001A2epAAC"",""PermissionSetGroupId"":null,""Profile"":{""attributes"":{""type"":""Profile"",""url"":""/services/data/v53.0/sobjects/Profile/00ed0000001A2epAAC""},""Id"":""00ed0000001A2epAAC"",""Name"":""ASU Service - Engineering - SEMTE""}}},{""Parent"":{""Id"":""0PSd0000000r4ttGAA"",""Type"":""Profile"",""Label"":""00ed0000001A2euAAC"",""PermissionSetGroupId"":null,""Profile"":{""attributes"":{""type"":""Profile"",""url"":""/services/data/v53.0/sobjects/Profile/00ed0000001A2euAAC""},""Id"":""00ed0000001A2euAAC"",""Name"":""ASU Service - Engineering - SSEBE""}}},{""Parent"":{""Id"":""0PSd0000000r4tUGAQ"",""Type"":""Profile"",""Label"":""00ed0000001A2eVAAS"",""PermissionSetGroupId"":null,""Profile"":{""attributes"":{""type"":""Profile"",""url"":""/services/data/v53.0/sobjects/Profile/00ed0000001A2eVAAS""},""Id"":""00ed0000001A2eVAAS"",""Name"":""ASU Service - Engineering - ECEE""}}},{""Parent"":{""Id"":""0PSd0000000r4tyGAA"",""Type"":""Profile"",""Label"":""00ed0000001A2ezAAC"",""PermissionSetGroupId"":null,""Profile"":{""attributes"":{""type"":""Profile"",""url"":""/services/data/v53.0/sobjects/Profile/00ed0000001A2ezAAC""},""Id"":""00ed0000001A2ezAAC"",""Name"":""ASU Service - Engineering - CIDSE""}}},{""Parent"":{""Id"":""0PSd0000000r4bhGAA"",""Type"":""Profile"",""Label"":""00ed0000001A2QNAA0"",""PermissionSetGroupId"":null,""Profile"":{""attributes"":{""type"":""Profile"",""url"":""/services/data/v53.0/sobjects/Profile/00ed0000001A2QNAA0""},""Id"":""00ed0000001A2QNAA0"",""Name"":""ASU Service - Access ASU Outreach""}}},{""Parent"":{""Id"":""0PSd0000000r5c8GAA"",""Type"":""Profile"",""Label"":""00ed0000001A3CUAA0"",""PermissionSetGroupId"":null,""Profile"":{""attributes"":{""type"":""Profile"",""url"":""/services/data/v53.0/sobjects/Profile/00ed0000001A3CUAA0""},""Id"":""00ed0000001A3CUAA0"",""Name"":""ASU Service - New Student Programs""}}},{""Parent"":{""Id"":""0PSd0000000r6MUGAY"",""Type"":""Profile"",""Label"":""00ed0000001A3nIAAS"",""PermissionSetGroupId"":null,""Profile"":{""attributes"":{""type"":""Profile"",""url"":""/services/data/v53.0/sobjects/Profile/00ed0000001A3nIAAS""},""Id"":""00ed0000001A3nIAAS"",""Name"":""ASU Service - University Housing""}}},{""Parent"":{""Id"":""0PSd0000000r60sGAA"",""Type"":""Profile"",""Label"":""00ed0000001A3X8AAK"",""PermissionSetGroupId"":null,""Profile"":{""attributes"":{""type"":""Profile"",""url"":""/services/data/v53.0/sobjects/Profile/00ed0000001A3X8AAK""},""Id"":""00ed0000001A3X8AAK"",""Name"":""ASU Training - College of ASU""}}},{""Parent"":{""Id"":""0PSd0000000r60xGAA"",""Type"":""Profile"",""Label"":""00ed0000001A3XDAA0"",""PermissionSetGroupId"":null,""Profile"":{""attributes"":{""type"":""Profile"",""url"":""/services/data/v53.0/sobjects/Profile/00ed0000001A3XDAA0""},""Id"":""00ed0000001A3XDAA0"",""Name"":""ASU Training - Department of ASU""}}},{""Parent"":{""Id"":""0PSd0000000r6ggGAA"",""Type"":""Profile"",""Label"":""00ed0000001A41pAAC"",""PermissionSetGroupId"":null,""Profile"":{""attributes"":{""type"":""Profile"",""url"":""/services/data/v53.0/sobjects/Profile/00ed0000001A41pAAC""},""Id"":""00ed0000001A41pAAC"",""Name"":""ASU Service - Sustainability""}}},{""Parent"":{""Id"":""0PSd0000000r6pgGAA"",""Type"":""Profile"",""Label"":""00ed0000001A49IAAS"",""PermissionSetGroupId"":null,""Profile"":{""attributes"":{""type"":""Profile"",""url"":""/services/data/v53.0/sobjects/Profile/00ed0000001A49IAAS""},""Id"":""00ed0000001A49IAAS"",""Name"":""ASU Service - Teachers College""}}},{""Parent"":{""Id"":""0PSd0000000r7PNGAY"",""Type"":""Profile"",""Label"":""00ed0000001A4dEAAS"",""PermissionSetGroupId"":null,""Profile"":{""attributes"":{""type"":""Profile"",""url"":""/services/data/v53.0/sobjects/Profile/00ed0000001A4dEAAS""},""Id"":""00ed0000001A4dEAAS"",""Name"":""ASU Service - Public Service""}}},{""Parent"":{""Id"":""0PSd0000000r7C5GAI"",""Type"":""Profile"",""Label"":""00ed0000001A4OpAAK"",""PermissionSetGroupId"":null,""Profile"":{""attributes"":{""type"":""Profile"",""url"":""/services/data/v53.0/sobjects/Profile/00ed0000001A4OpAAK""},""Id"":""00ed0000001A4OpAAK"",""Name"":""ASU Service - Nursing""}}},{""Parent"":{""Id"":""0PSd0000000r7FiGAI"",""Type"":""Profile"",""Label"":""00ed0000001A4RAAA0"",""PermissionSetGroupId"":null,""Profile"":{""attributes"":{""type"":""Profile"",""url"":""/services/data/v53.0/sobjects/Profile/00ed0000001A4RAAA0""},""Id"":""00ed0000001A4RAAA0"",""Name"":""ASU Service - Health Solutions""}}},{""Parent"":{""Id"":""0PSd0000000r7nEGAQ"",""Type"":""Profile"",""Label"":""00ed0000001A4x8AAC"",""PermissionSetGroupId"":null,""Profile"":{""attributes"":{""type"":""Profile"",""url"":""/services/data/v53.0/sobjects/Profile/00ed0000001A4x8AAC""},""Id"":""00ed0000001A4x8AAC"",""Name"":""ASU Service - New College""}}},{""Parent"":{""Id"":""0PSd0000000r7tuGAA"",""Type"":""Profile"",""Label"":""00ed0000001A52VAAS"",""PermissionSetGroupId"":null,""Profile"":{""attributes"":{""type"":""Profile"",""url"":""/services/data/v53.0/sobjects/Profile/00ed0000001A52VAAS""},""Id"":""00ed0000001A52VAAS"",""Name"":""ASU Service - Universal Learner Courses""}}},{""Parent"":{""Id"":""0PSd0000000r7v8GAA"",""Type"":""Profile"",""Label"":""00ed0000001A53VAAS"",""PermissionSetGroupId"":null,""Profile"":{""attributes"":{""type"":""Profile"",""url"":""/services/data/v53.0/sobjects/Profile/00ed0000001A53VAAS""},""Id"":""00ed0000001A53VAAS"",""Name"":""ASU Service - LMS Support""}}},{""Parent"":{""Id"":""0PSd0000000r8fDGAQ"",""Type"":""Profile"",""Label"":""00ed0000001A5dbAAC"",""PermissionSetGroupId"":null,""Profile"":{""attributes"":{""type"":""Profile"",""url"":""/services/data/v53.0/sobjects/Profile/00ed0000001A5dbAAC""},""Id"":""00ed0000001A5dbAAC"",""Name"":""ASU Service - Academic Transfer Credit Solutions""}}},{""Parent"":{""Id"":""0PSd0000000r8gGGAQ"",""Type"":""Profile"",""Label"":""00ed0000001A5e5AAC"",""PermissionSetGroupId"":null,""Profile"":{""attributes"":{""type"":""Profile"",""url"":""/services/data/v53.0/sobjects/Profile/00ed0000001A5e5AAC""},""Id"":""00ed0000001A5e5AAC"",""Name"":""ASU Service - TC - Dean's Office""}}},{""Parent"":{""Id"":""0PSd0000000r8zQGAQ"",""Type"":""Profile"",""Label"":""00ed0000001A5pHAAS"",""PermissionSetGroupId"":null,""Profile"":{""attributes"":{""type"":""Profile"",""url"":""/services/data/v53.0/sobjects/Profile/00ed0000001A5pHAAS""},""Id"":""00ed0000001A5pHAAS"",""Name"":""ASU Service - TC - English""}}},{""Parent"":{""Id"":""0PSd0000000r8zVGAQ"",""Type"":""Profile"",""Label"":""00ed0000001A5pMAAS"",""PermissionSetGroupId"":null,""Profile"":{""attributes"":{""type"":""Profile"",""url"":""/services/data/v53.0/sobjects/Profile/00ed0000001A5pMAAS""},""Id"":""00ed0000001A5pMAAS"",""Name"":""ASU Service - TC - SILC""}}},{""Parent"":{""Id"":""0PSd0000000r8zaGAA"",""Type"":""Profile"",""Label"":""00ed0000001A5pRAAS"",""PermissionSetGroupId"":null,""Profile"":{""attributes"":{""type"":""Profile"",""url"":""/services/data/v53.0/sobjects/Profile/00ed0000001A5pRAAS""},""Id"":""00ed0000001A5pRAAS"",""Name"":""ASU Service - TC - SHPRS""}}},{""Parent"":{""Id"":""0PSd0000000r93BGAQ"",""Type"":""Profile"",""Label"":""00ed0000001A5rcAAC"",""PermissionSetGroupId"":null,""Profile"":{""attributes"":{""type"":""Profile"",""url"":""/services/data/v53.0/sobjects/Profile/00ed0000001A5rcAAC""},""Id"":""00ed0000001A5rcAAC"",""Name"":""ASU Service - TC - SESE""}}},{""Parent"":{""Id"":""0PSd0000000r92mGAA"",""Type"":""Profile"",""Label"":""00ed0000001A5rDAAS"",""PermissionSetGroupId"":null,""Profile"":{""attributes"":{""type"":""Profile"",""url"":""/services/data/v53.0/sobjects/Profile/00ed0000001A5rDAAS""},""Id"":""00ed0000001A5rDAAS"",""Name"":""ASU Service - TC - SOLS""}}},{""Parent"":{""Id"":""0PSd0000000r92rGAA"",""Type"":""Profile"",""Label"":""00ed0000001A5rIAAS"",""PermissionSetGroupId"":null,""Profile"":{""attributes"":{""type"":""Profile"",""url"":""/services/data/v53.0/sobjects/Profile/00ed0000001A5rIAAS""},""Id"":""00ed0000001A5rIAAS"",""Name"":""ASU Service - TC - SoMSS""}}},{""Parent"":{""Id"":""0PSd0000000r92wGAA"",""Type"":""Profile"",""Label"":""00ed0000001A5rNAAS"",""PermissionSetGroupId"":null,""Profile"":{""attributes"":{""type"":""Profile"",""url"":""/services/data/v53.0/sobjects/Profile/00ed0000001A5rNAAS""},""Id"":""00ed0000001A5rNAAS"",""Name"":""ASU Service - TC  - SMS""}}},{""Parent"":{""Id"":""0PSd0000000r931GAA"",""Type"":""Profile"",""Label"":""00ed0000001A5rSAAS"",""PermissionSetGroupId"":null,""Profile"":{""attributes"":{""type"":""Profile"",""url"":""/services/data/v53.0/sobjects/Profile/00ed0000001A5rSAAS""},""Id"":""00ed0000001A5rSAAS"",""Name"":""ASU Service - TC - Physics""}}},{""Parent"":{""Id"":""0PSd0000000r936GAA"",""Type"":""Profile"",""Label"":""00ed0000001A5rXAAS"",""PermissionSetGroupId"":null,""Profile"":{""attributes"":{""type"":""Profile"",""url"":""/services/data/v53.0/sobjects/Profile/00ed0000001A5rXAAS""},""Id"":""00ed0000001A5rXAAS"",""Name"":""ASU Service - TC - Psychology""}}},{""Parent"":{""Id"":""0PSd0000000r8PUGAY"",""Type"":""Profile"",""Label"":""00ed0000001A5S7AAK"",""PermissionSetGroupId"":null,""Profile"":{""attributes"":{""type"":""Profile"",""url"":""/services/data/v53.0/sobjects/Profile/00ed0000001A5S7AAK""},""Id"":""00ed0000001A5S7AAK"",""Name"":""ASU Service - Curricular Activities and Actions""}}},{""Parent"":{""Id"":""0PSd0000000r97mGAA"",""Type"":""Profile"",""Label"":""00ed0000001A5udAAC"",""PermissionSetGroupId"":null,""Profile"":{""attributes"":{""type"":""Profile"",""url"":""/services/data/v53.0/sobjects/Profile/00ed0000001A5udAAC""},""Id"":""00ed0000001A5udAAC"",""Name"":""ASU Service - TC - STS""}}},{""Parent"":{""Id"":""0PSd0000000r97SGAQ"",""Type"":""Profile"",""Label"":""00ed0000001A5uJAAS"",""PermissionSetGroupId"":null,""Profile"":{""attributes"":{""type"":""Profile"",""url"":""/services/data/v53.0/sobjects/Profile/00ed0000001A5uJAAS""},""Id"":""00ed0000001A5uJAAS"",""Name"":""ASU Service - TC - SGSUP""}}},{""Parent"":{""Id"":""0PSd0000000r97XGAQ"",""Type"":""Profile"",""Label"":""00ed0000001A5uOAAS"",""PermissionSetGroupId"":null,""Profile"":{""attributes"":{""type"":""Profile"",""url"":""/services/data/v53.0/sobjects/Profile/00ed0000001A5uOAAS""},""Id"":""00ed0000001A5uOAAS"",""Name"":""ASU Service - TC - HDSHC""}}},{""Parent"":{""Id"":""0PSd0000000r97cGAA"",""Type"":""Profile"",""Label"":""00ed0000001A5uTAAS"",""PermissionSetGroupId"":null,""Profile"":{""attributes"":{""type"":""Profile"",""url"":""/services/data/v53.0/sobjects/Profile/00ed0000001A5uTAAS""},""Id"":""00ed0000001A5uTAAS"",""Name"":""ASU Service - TC - SPGS""}}},{""Parent"":{""Id"":""0PSd0000000r97hGAA"",""Type"":""Profile"",""Label"":""00ed0000001A5uYAAS"",""PermissionSetGroupId"":null,""Profile"":{""attributes"":{""type"":""Profile"",""url"":""/services/data/v53.0/sobjects/Profile/00ed0000001A5uYAAS""},""Id"":""00ed0000001A5uYAAS"",""Name"":""ASU Service - TC - SHESC""}}},{""Parent"":{""Id"":""0PSd0000000r9AFGAY"",""Type"":""Profile"",""Label"":""00ed0000001A5vnAAC"",""PermissionSetGroupId"":null,""Profile"":{""attributes"":{""type"":""Profile"",""url"":""/services/data/v53.0/sobjects/Profile/00ed0000001A5vnAAC""},""Id"":""00ed0000001A5vnAAC"",""Name"":""ASU Service - Integrative Sciences and Arts""}}},{""Parent"":{""Id"":""0PSd0000000r8ZaGAI"",""Type"":""Profile"",""Label"":""00ed0000001A5ZRAA0"",""PermissionSetGroupId"":null,""Profile"":{""attributes"":{""type"":""Profile"",""url"":""/services/data/v53.0/sobjects/Profile/00ed0000001A5ZRAA0""},""Id"":""00ed0000001A5ZRAA0"",""Name"":""ASU Service - Global Education Office""}}},{""Parent"":{""Id"":""0PSd0000000rAdhGAE"",""Type"":""Profile"",""Label"":""00ed0000001A6alAAC"",""PermissionSetGroupId"":null,""Profile"":{""attributes"":{""type"":""Profile"",""url"":""/services/data/v53.0/sobjects/Profile/00ed0000001A6alAAC""},""Id"":""00ed0000001A6alAAC"",""Name"":""ASU Service - Student & Cultural Engagement""}}},{""Parent"":{""Id"":""0PSd0000000rAdmGAE"",""Type"":""Profile"",""Label"":""00ed0000001A6aqAAC"",""PermissionSetGroupId"":null,""Profile"":{""attributes"":{""type"":""Profile"",""url"":""/services/data/v53.0/sobjects/Profile/00ed0000001A6aqAAC""},""Id"":""00ed0000001A6aqAAC"",""Name"":""ASU Service - International Student Engagement""}}},{""Parent"":{""Id"":""0PSd0000000rAdrGAE"",""Type"":""Profile"",""Label"":""00ed0000001A6avAAC"",""PermissionSetGroupId"":null,""Profile"":{""attributes"":{""type"":""Profile"",""url"":""/services/data/v53.0/sobjects/Profile/00ed0000001A6avAAC""},""Id"":""00ed0000001A6avAAC"",""Name"":""ASU Service - Changemaker Central""}}},{""Parent"":{""Id"":""0PSd0000001o7EsGAI"",""Type"":""Profile"",""Label"":""00ed0000002FFRcAAO"",""PermissionSetGroupId"":null,""Profile"":{""attributes"":{""type"":""Profile"",""url"":""/services/data/v53.0/sobjects/Profile/00ed0000002FFRcAAO""},""Id"":""00ed0000002FFRcAAO"",""Name"":""ASU Recruitment - Freshman Recruiter (Temp Access to Org Wide)""}}},{""Parent"":{""Id"":""0PSd0000001o7ETGAY"",""Type"":""Profile"",""Label"":""00ed0000002FFRSAA4"",""PermissionSetGroupId"":null,""Profile"":{""attributes"":{""type"":""Profile"",""url"":""/services/data/v53.0/sobjects/Profile/00ed0000002FFRSAA4""},""Id"":""00ed0000002FFRSAA4"",""Name"":""ASU Service - Sun Devil Athletics""}}},{""Parent"":{""Id"":""0PSd0000001o7HmGAI"",""Type"":""Profile"",""Label"":""00ed0000002FFSLAA4"",""PermissionSetGroupId"":null,""Profile"":{""attributes"":{""type"":""Profile"",""url"":""/services/data/v53.0/sobjects/Profile/00ed0000002FFSLAA4""},""Id"":""00ed0000002FFSLAA4"",""Name"":""ASU Service - Office of the President (Temp Access to Org Wide)""}}},{""Parent"":{""Id"":""0PSd0000001o7VKGAY"",""Type"":""Profile"",""Label"":""00ed0000002FFY4AAO"",""PermissionSetGroupId"":null,""Profile"":{""attributes"":{""type"":""Profile"",""url"":""/services/data/v53.0/sobjects/Profile/00ed0000002FFY4AAO""},""Id"":""00ed0000002FFY4AAO"",""Name"":""ASU Service - ASU-USA Pathways""}}},{""Parent"":{""Id"":""0PSd0000001sK82GAE"",""Type"":""Profile"",""Label"":""00ed0000002JRvSAAW"",""PermissionSetGroupId"":null,""Profile"":{""attributes"":{""type"":""Profile"",""url"":""/services/data/v53.0/sobjects/Profile/00ed0000002JRvSAAW""},""Id"":""00ed0000002JRvSAAW"",""Name"":""ASU Service - First in the World Grant""}}},{""Parent"":{""Id"":""0PSd0000001sKJBGA2"",""Type"":""Profile"",""Label"":""00ed0000002JRyMAAW"",""PermissionSetGroupId"":null,""Profile"":{""attributes"":{""type"":""Profile"",""url"":""/services/data/v53.0/sobjects/Profile/00ed0000002JRyMAAW""},""Id"":""00ed0000002JRyMAAW"",""Name"":""ASU Service - ITCSS Library Services""}}},{""Parent"":{""Id"":""0PSd0000001sKNNGA2"",""Type"":""Profile"",""Label"":""00ed0000002JS0DAAW"",""PermissionSetGroupId"":null,""Profile"":{""attributes"":{""type"":""Profile"",""url"":""/services/data/v53.0/sobjects/Profile/00ed0000002JS0DAAW""},""Id"":""00ed0000002JS0DAAW"",""Name"":""ASU Service - Success Coach""}}},{""Parent"":{""Id"":""0PSd0000001sKO6GAM"",""Type"":""Profile"",""Label"":""00ed0000002JS0NAAW"",""PermissionSetGroupId"":null,""Profile"":{""attributes"":{""type"":""Profile"",""url"":""/services/data/v53.0/sobjects/Profile/00ed0000002JS0NAAW""},""Id"":""00ed0000002JS0NAAW"",""Name"":""ASU Service - TC - ISSR""}}},{""Parent"":{""Id"":""0PSd0000001jxObGAI"",""Type"":""Profile"",""Label"":""00ed0000002NelYAAS"",""PermissionSetGroupId"":null,""Profile"":{""attributes"":{""type"":""Profile"",""url"":""/services/data/v53.0/sobjects/Profile/00ed0000002NelYAAS""},""Id"":""00ed0000002NelYAAS"",""Name"":""ASU Service - Academic Partnerships""}}},{""Parent"":{""Id"":""0PSd0000001jxa8GAA"",""Type"":""Profile"",""Label"":""00ed0000002Neq4AAC"",""PermissionSetGroupId"":null,""Profile"":{""attributes"":{""type"":""Profile"",""url"":""/services/data/v53.0/sobjects/Profile/00ed0000002Neq4AAC""},""Id"":""00ed0000002Neq4AAC"",""Name"":""ASU Service - Student Accessibility and Inclusive Learning Services""}}},{""Parent"":{""Id"":""0PSd0000001jygbGAA"",""Type"":""Profile"",""Label"":""00ed0000002Nf7AAAS"",""PermissionSetGroupId"":null,""Profile"":{""attributes"":{""type"":""Profile"",""url"":""/services/data/v53.0/sobjects/Profile/00ed0000002Nf7AAAS""},""Id"":""00ed0000002Nf7AAAS"",""Name"":""ASU Recruitment - Business Intelligence""}}},{""Parent"":{""Id"":""0PSd0000000oWPgGAM"",""Type"":""Profile"",""Label"":""00ex00000018ozT_128_09_43_34_1"",""PermissionSetGroupId"":null,""Profile"":{""attributes"":{""type"":""Profile"",""url"":""/services/data/v53.0/sobjects/Profile/00ed00000017IobAAE""},""Id"":""00ed00000017IobAAE"",""Name"":""System Administrator""}}},{""Parent"":{""Id"":""0PS6T000001CZGsWAO"",""Type"":""Regular"",""Label"":""Role: EdPlus Coach Portal (Non-Success Coach)"",""PermissionSetGroupId"":null,""Profile"":null}}]"
"066d0000002yg7LAAQ","CaseListTransfer","[{""Parent"":{""Id"":""0PSd0000000qzl5GAA"",""Type"":""Profile"",""Label"":""00ed00000019yKBAAY"",""PermissionSetGroupId"":null,""Profile"":{""attributes"":{""type"":""Profile"",""url"":""/services/data/v53.0/sobjects/Profile/00ed00000019yKBAAY""},""Id"":""00ed00000019yKBAAY"",""Name"":""ASU View All Data""}}},{""Parent"":{""Id"":""0PSd0000000oWPgGAM"",""Type"":""Profile"",""Label"":""00ex00000018ozT_128_09_43_34_1"",""PermissionSetGroupId"":null,""Profile"":{""attributes"":{""type"":""Profile"",""url"":""/services/data/v53.0/sobjects/Profile/00ed00000017IobAAE""},""Id"":""00ed00000017IobAAE"",""Name"":""System Administrator""}}},{""Parent"":{""Id"":""0PS6T000001k9tcWAA"",""Type"":""Group"",""Label"":""Case Management Manager"",""PermissionSetGroupId"":""0PG6T000000GmekWAC"",""Profile"":null}},{""Parent"":{""Id"":""0PSd0000001jwyTGAQ"",""Type"":""Regular"",""Label"":""Case: Mass Transfer Records"",""PermissionSetGroupId"":null,""Profile"":null}}]"
"066d0000002AgUoAAK","CaseShowAllAttachments","[{""Parent"":{""Id"":""0PS0W000001CNqIWAW"",""Type"":""Profile"",""Label"":""00e0W000001hh6oQAA"",""PermissionSetGroupId"":null,""Profile"":{""attributes"":{""type"":""Profile"",""url"":""/services/data/v53.0/sobjects/Profile/00e0W000001hh6oQAA""},""Id"":""00e0W000001hh6oQAA"",""Name"":""ASU Service - MasterCard Program""}}},{""Parent"":{""Id"":""0PS0W000001CNy2WAG"",""Type"":""Profile"",""Label"":""00e0W000001hhAbQAI"",""PermissionSetGroupId"":null,""Profile"":{""attributes"":{""type"":""Profile"",""url"":""/services/data/v53.0/sobjects/Profile/00e0W000001hhAbQAI""},""Id"":""00e0W000001hhAbQAI"",""Name"":""ASU Service - Public Service Academy""}}},{""Parent"":{""Id"":""0PS0W000001COffWAG"",""Type"":""Profile"",""Label"":""00e0W000001hhfyQAA"",""PermissionSetGroupId"":null,""Profile"":{""attributes"":{""type"":""Profile"",""url"":""/services/data/v53.0/sobjects/Profile/00e0W000001hhfyQAA""},""Id"":""00e0W000001hhfyQAA"",""Name"":""ASU Service - Biosafety""}}},{""Parent"":{""Id"":""0PS0W000001CO7YWAW"",""Type"":""Profile"",""Label"":""00e0W000001hhI6QAI"",""PermissionSetGroupId"":null,""Profile"":{""attributes"":{""type"":""Profile"",""url"":""/services/data/v53.0/sobjects/Profile/00e0W000001hhI6QAI""},""Id"":""00e0W000001hhI6QAI"",""Name"":""ASU Service - New College Deans Office""}}},{""Parent"":{""Id"":""0PS0W000001CO8CWAW"",""Type"":""Profile"",""Label"":""00e0W000001hhIfQAI"",""PermissionSetGroupId"":null,""Profile"":{""attributes"":{""type"":""Profile"",""url"":""/services/data/v53.0/sobjects/Profile/00e0W000001hhIfQAI""},""Id"":""00e0W000001hhIfQAI"",""Name"":""ASU Service - Engineering - K12 Engineering Education""}}},{""Parent"":{""Id"":""0PS0W000001GgWMWA0"",""Type"":""Profile"",""Label"":""00e0W000001lvaCQAQ"",""PermissionSetGroupId"":null,""Profile"":{""attributes"":{""type"":""Profile"",""url"":""/services/data/v53.0/sobjects/Profile/00e0W000001lvaCQAQ""},""Id"":""00e0W000001lvaCQAQ"",""Name"":""ASU Service - University Events & Protocol""}}},{""Parent"":{""Id"":""0PS0W000001Gga4WAC"",""Type"":""Profile"",""Label"":""00e0W000001lvb5QAA"",""PermissionSetGroupId"":null,""Profile"":{""attributes"":{""type"":""Profile"",""url"":""/services/data/v53.0/sobjects/Profile/00e0W000001lvb5QAA""},""Id"":""00e0W000001lvb5QAA"",""Name"":""ASU Service - Psychology Research Advancement""}}},{""Parent"":{""Id"":""0PS0W000001GgbCWAS"",""Type"":""Profile"",""Label"":""00e0W000001lvbKQAQ"",""PermissionSetGroupId"":null,""Profile"":{""attributes"":{""type"":""Profile"",""url"":""/services/data/v53.0/sobjects/Profile/00e0W000001lvbKQAQ""},""Id"":""00e0W000001lvbKQAQ"",""Name"":""ASU Service - ASU Local""}}},{""Parent"":{""Id"":""0PS0W000001GgfJWAS"",""Type"":""Profile"",""Label"":""00e0W000001lvcIQAQ"",""PermissionSetGroupId"":null,""Profile"":{""attributes"":{""type"":""Profile"",""url"":""/services/data/v53.0/sobjects/Profile/00e0W000001lvcIQAQ""},""Id"":""00e0W000001lvcIQAQ"",""Name"":""ASU Service - The College - Interplanetary Initiatives""}}},{""Parent"":{""Id"":""0PS0W000001GgzxWAC"",""Type"":""Profile"",""Label"":""00e0W000001lvdaQAA"",""PermissionSetGroupId"":null,""Profile"":{""attributes"":{""type"":""Profile"",""url"":""/services/data/v53.0/sobjects/Profile/00e0W000001lvdaQAA""},""Id"":""00e0W000001lvdaQAA"",""Name"":""ASU Service - Watts Bridging Success""}}},{""Parent"":{""Id"":""0PS0W000001GftOWAS"",""Type"":""Profile"",""Label"":""00e0W000001lvOQQAY"",""PermissionSetGroupId"":null,""Profile"":{""attributes"":{""type"":""Profile"",""url"":""/services/data/v53.0/sobjects/Profile/00e0W000001lvOQQAY""},""Id"":""00e0W000001lvOQQAY"",""Name"":""ASU Service - ASU Family Programs""}}},{""Parent"":{""Id"":""0PS0W000001Gg0eWAC"",""Type"":""Profile"",""Label"":""00e0W000001lvQvQAI"",""PermissionSetGroupId"":null,""Profile"":{""attributes"":{""type"":""Profile"",""url"":""/services/data/v53.0/sobjects/Profile/00e0W000001lvQvQAI""},""Id"":""00e0W000001lvQvQAI"",""Name"":""ASU Service - TC SOLS Academic Integrity""}}},{""Parent"":{""Id"":""0PS0W000001GiExWAK"",""Type"":""Profile"",""Label"":""00e0W000001lvubQAA"",""PermissionSetGroupId"":null,""Profile"":{""attributes"":{""type"":""Profile"",""url"":""/services/data/v53.0/sobjects/Profile/00e0W000001lvubQAA""},""Id"":""00e0W000001lvubQAA"",""Name"":""ASU Service - DNASU Plasmid Repository""}}},{""Parent"":{""Id"":""0PS0W000001bgzVWAQ"",""Type"":""Profile"",""Label"":""00e0W000001yXmFQAU"",""PermissionSetGroupId"":null,""Profile"":{""attributes"":{""type"":""Profile"",""url"":""/services/data/v53.0/sobjects/Profile/00e0W000001yXmFQAU""},""Id"":""00e0W000001yXmFQAU"",""Name"":""ASU Recruitment - Team (ESISD)""}}},{""Parent"":{""Id"":""0PS0W000001P1NAWA0"",""Type"":""Profile"",""Label"":""00e0W0000022hBdQAI"",""PermissionSetGroupId"":null,""Profile"":{""attributes"":{""type"":""Profile"",""url"":""/services/data/v53.0/sobjects/Profile/00e0W0000022hBdQAI""},""Id"":""00e0W0000022hBdQAI"",""Name"":""ASU Service - Success Courses""}}},{""Parent"":{""Id"":""0PS0W000001fphCWAQ"",""Type"":""Profile"",""Label"":""00e0W0000026u4qQAA"",""PermissionSetGroupId"":null,""Profile"":{""attributes"":{""type"":""Profile"",""url"":""/services/data/v53.0/sobjects/Profile/00e0W0000026u4qQAA""},""Id"":""00e0W0000026u4qQAA"",""Name"":""ASU Service - Opportunities for Youth""}}},{""Parent"":{""Id"":""0PS0W000001KoULWA0"",""Type"":""Profile"",""Label"":""00e0W000002B4xjQAC"",""PermissionSetGroupId"":null,""Profile"":{""attributes"":{""type"":""Profile"",""url"":""/services/data/v53.0/sobjects/Profile/00e0W000002B4xjQAC""},""Id"":""00e0W000002B4xjQAC"",""Name"":""ASU Service - ATCS and Study Abroad""}}},{""Parent"":{""Id"":""0PS0W000001KpSQWA0"",""Type"":""Profile"",""Label"":""00e0W000002B5TBQA0"",""PermissionSetGroupId"":null,""Profile"":{""attributes"":{""type"":""Profile"",""url"":""/services/data/v53.0/sobjects/Profile/00e0W000002B5TBQA0""},""Id"":""00e0W000002B5TBQA0"",""Name"":""ASU Service - TC - SCETL""}}},{""Parent"":{""Id"":""0PS0W000001sasmWAA"",""Type"":""Profile"",""Label"":""00e0W000002JZG1QAO"",""PermissionSetGroupId"":null,""Profile"":{""attributes"":{""type"":""Profile"",""url"":""/services/data/v53.0/sobjects/Profile/00e0W000002JZG1QAO""},""Id"":""00e0W000002JZG1QAO"",""Name"":""API User - Ed Plus Org""}}},{""Parent"":{""Id"":""0PS0W000001sbaPWAQ"",""Type"":""Profile"",""Label"":""00e0W000002JZOFQA4"",""PermissionSetGroupId"":null,""Profile"":{""attributes"":{""type"":""Profile"",""url"":""/services/data/v53.0/sobjects/Profile/00e0W000002JZOFQA4""},""Id"":""00e0W000002JZOFQA4"",""Name"":""ASU Service - Explore""}}},{""Parent"":{""Id"":""0PS0W000001sbktWAA"",""Type"":""Profile"",""Label"":""00e0W000002JZROQA4"",""PermissionSetGroupId"":null,""Profile"":{""attributes"":{""type"":""Profile"",""url"":""/services/data/v53.0/sobjects/Profile/00e0W000002JZROQA4""},""Id"":""00e0W000002JZROQA4"",""Name"":""ASU Service - College of Global Futures""}}},{""Parent"":{""Id"":""0PS0W000001jz1PWAQ"",""Type"":""Profile"",""Label"":""00e0W000002NfGqQAK"",""PermissionSetGroupId"":null,""Profile"":{""attributes"":{""type"":""Profile"",""url"":""/services/data/v53.0/sobjects/Profile/00e0W000002NfGqQAK""},""Id"":""00e0W000002NfGqQAK"",""Name"":""ASU Service - Enrollment Analysis""}}},{""Parent"":{""Id"":""0PS0W000001k9UOWAY"",""Type"":""Profile"",""Label"":""00e0W000002NjQ0QAK"",""PermissionSetGroupId"":null,""Profile"":{""attributes"":{""type"":""Profile"",""url"":""/services/data/v53.0/sobjects/Profile/00e0W000002NjQ0QAK""},""Id"":""00e0W000002NjQ0QAK"",""Name"":""ASU Service - International Students and Scholars Center SMS""}}},{""Parent"":{""Id"":""0PS6T000001CZe3WAG"",""Type"":""Profile"",""Label"":""00e6T000001hlA1QAI"",""PermissionSetGroupId"":null,""Profile"":{""attributes"":{""type"":""Profile"",""url"":""/services/data/v53.0/sobjects/Profile/00e6T000001hlA1QAI""},""Id"":""00e6T000001hlA1QAI"",""Name"":""ASU Service - Engineering - Poly HR""}}},{""Parent"":{""Id"":""0PS6T000001k9crWAA"",""Type"":""Profile"",""Label"":""00e6T000002NjQeQAK"",""PermissionSetGroupId"":null,""Profile"":{""attributes"":{""type"":""Profile"",""url"":""/services/data/v53.0/sobjects/Profile/00e6T000002NjQeQAK""},""Id"":""00e6T000002NjQeQAK"",""Name"":""ASU Service - Information Technology Support Hub""}}},{""Parent"":{""Id"":""0PS6T000001kAE8WAM"",""Type"":""Profile"",""Label"":""00e6T000002NjSuQAK"",""PermissionSetGroupId"":null,""Profile"":{""attributes"":{""type"":""Profile"",""url"":""/services/data/v53.0/sobjects/Profile/00e6T000002NjSuQAK""},""Id"":""00e6T000002NjSuQAK"",""Name"":""ASU Service - SMS API""}}},{""Parent"":{""Id"":""0PSd0000000H441GAC"",""Type"":""Profile"",""Label"":""00ed0000000jbjMAAQ"",""PermissionSetGroupId"":null,""Profile"":{""attributes"":{""type"":""Profile"",""url"":""/services/data/v53.0/sobjects/Profile/00ed0000000jbjMAAQ""},""Id"":""00ed0000000jbjMAAQ"",""Name"":""ASU Service - Design and the Arts""}}},{""Parent"":{""Id"":""0PSd0000000H4AQGA0"",""Type"":""Profile"",""Label"":""00ed0000000jbo2AAA"",""PermissionSetGroupId"":null,""Profile"":{""attributes"":{""type"":""Profile"",""url"":""/services/data/v53.0/sobjects/Profile/00ed0000000jbo2AAA""},""Id"":""00ed0000000jbo2AAA"",""Name"":""ASU Service - International Initiatives Graduate Education""}}},{""Parent"":{""Id"":""0PSd0000000H4BxGAK"",""Type"":""Profile"",""Label"":""00ed0000000jboMAAQ"",""PermissionSetGroupId"":null,""Profile"":{""attributes"":{""type"":""Profile"",""url"":""/services/data/v53.0/sobjects/Profile/00ed0000000jboMAAQ""},""Id"":""00ed0000000jboMAAQ"",""Name"":""ASU Service - W. P. Carey Business""}}},{""Parent"":{""Id"":""0PSd0000000H4C2GAK"",""Type"":""Profile"",""Label"":""00ed0000000jboRAAQ"",""PermissionSetGroupId"":null,""Profile"":{""attributes"":{""type"":""Profile"",""url"":""/services/data/v53.0/sobjects/Profile/00ed0000000jboRAAQ""},""Id"":""00ed0000000jboRAAQ"",""Name"":""ASU Service - Parking and Transit Services""}}},{""Parent"":{""Id"":""0PSd0000000H4C7GAK"",""Type"":""Profile"",""Label"":""00ed0000000jboWAAQ"",""PermissionSetGroupId"":null,""Profile"":{""attributes"":{""type"":""Profile"",""url"":""/services/data/v53.0/sobjects/Profile/00ed0000000jboWAAQ""},""Id"":""00ed0000000jboWAAQ"",""Name"":""ASU Service - First Year Success Center""}}},{""Parent"":{""Id"":""0PSd0000000H4J3GAK"",""Type"":""Profile"",""Label"":""00ed0000000jbqhAAA"",""PermissionSetGroupId"":null,""Profile"":{""attributes"":{""type"":""Profile"",""url"":""/services/data/v53.0/sobjects/Profile/00ed0000000jbqhAAA""},""Id"":""00ed0000000jbqhAAA"",""Name"":""ASU Service - Pat Tillman Veteran Center""}}},{""Parent"":{""Id"":""0PSd0000000H4J8GAK"",""Type"":""Profile"",""Label"":""00ed0000000jbqmAAA"",""PermissionSetGroupId"":null,""Profile"":{""attributes"":{""type"":""Profile"",""url"":""/services/data/v53.0/sobjects/Profile/00ed0000000jbqmAAA""},""Id"":""00ed0000000jbqmAAA"",""Name"":""ASU Service - Thunderbird""}}},{""Parent"":{""Id"":""0PSd0000000H4N0GAK"",""Type"":""Profile"",""Label"":""00ed0000000jbtHAAQ"",""PermissionSetGroupId"":null,""Profile"":{""attributes"":{""type"":""Profile"",""url"":""/services/data/v53.0/sobjects/Profile/00ed0000000jbtHAAQ""},""Id"":""00ed0000000jbtHAAQ"",""Name"":""ASU Service - EOSS""}}},{""Parent"":{""Id"":""0PSd0000000H4N5GAK"",""Type"":""Profile"",""Label"":""00ed0000000jbtMAAQ"",""PermissionSetGroupId"":null,""Profile"":{""attributes"":{""type"":""Profile"",""url"":""/services/data/v53.0/sobjects/Profile/00ed0000000jbtMAAQ""},""Id"":""00ed0000000jbtMAAQ"",""Name"":""ASU Service - Sun Devil Card Services""}}},{""Parent"":{""Id"":""0PSd0000000H4NAGA0"",""Type"":""Profile"",""Label"":""00ed0000000jbtRAAQ"",""PermissionSetGroupId"":null,""Profile"":{""attributes"":{""type"":""Profile"",""url"":""/services/data/v53.0/sobjects/Profile/00ed0000000jbtRAAQ""},""Id"":""00ed0000000jbtRAAQ"",""Name"":""ASU Service - Career Services""}}},{""Parent"":{""Id"":""0PSd0000000H4PVGA0"",""Type"":""Profile"",""Label"":""00ed0000000jbu5AAA"",""PermissionSetGroupId"":null,""Profile"":{""attributes"":{""type"":""Profile"",""url"":""/services/data/v53.0/sobjects/Profile/00ed0000000jbu5AAA""},""Id"":""00ed0000000jbu5AAA"",""Name"":""ASU Service - University Academic Success Programs""}}},{""Parent"":{""Id"":""0PSd0000000H4PaGAK"",""Type"":""Profile"",""Label"":""00ed0000000jbuAAAQ"",""PermissionSetGroupId"":null,""Profile"":{""attributes"":{""type"":""Profile"",""url"":""/services/data/v53.0/sobjects/Profile/00ed0000000jbuAAAQ""},""Id"":""00ed0000000jbuAAAQ"",""Name"":""ASU Service - Honors""}}},{""Parent"":{""Id"":""0PSd0000000H4QTGA0"",""Type"":""Profile"",""Label"":""00ed0000000jbujAAA"",""PermissionSetGroupId"":null,""Profile"":{""attributes"":{""type"":""Profile"",""url"":""/services/data/v53.0/sobjects/Profile/00ed0000000jbujAAA""},""Id"":""00ed0000000jbujAAA"",""Name"":""ASU Service - Journalism""}}},{""Parent"":{""Id"":""0PSd0000000H4QYGA0"",""Type"":""Profile"",""Label"":""00ed0000000jbuoAAA"",""PermissionSetGroupId"":null,""Profile"":{""attributes"":{""type"":""Profile"",""url"":""/services/data/v53.0/sobjects/Profile/00ed0000000jbuoAAA""},""Id"":""00ed0000000jbuoAAA"",""Name"":""ASU Service - Office of the University Provost""}}},{""Parent"":{""Id"":""0PSd0000000H3g5GAC"",""Type"":""Profile"",""Label"":""00ed0000000jbV9AAI"",""PermissionSetGroupId"":null,""Profile"":{""attributes"":{""type"":""Profile"",""url"":""/services/data/v53.0/sobjects/Profile/00ed0000000jbV9AAI""},""Id"":""00ed0000000jbV9AAI"",""Name"":""ASU Service - TC - AIS""}}},{""Parent"":{""Id"":""0PSd0000000H3gAGAS"",""Type"":""Profile"",""Label"":""00ed0000000jbVEAAY"",""PermissionSetGroupId"":null,""Profile"":{""attributes"":{""type"":""Profile"",""url"":""/services/data/v53.0/sobjects/Profile/00ed0000000jbVEAAY""},""Id"":""00ed0000000jbVEAAY"",""Name"":""ASU Service - TC  - The Sanford School""}}},{""Parent"":{""Id"":""0PSd0000000H3gFGAS"",""Type"":""Profile"",""Label"":""00ed0000000jbVJAAY"",""PermissionSetGroupId"":null,""Profile"":{""attributes"":{""type"":""Profile"",""url"":""/services/data/v53.0/sobjects/Profile/00ed0000000jbVJAAY""},""Id"":""00ed0000000jbVJAAY"",""Name"":""ASU Service - TC - SST""}}},{""Parent"":{""Id"":""0PSd0000000H3gKGAS"",""Type"":""Profile"",""Label"":""00ed0000000jbVOAAY"",""PermissionSetGroupId"":null,""Profile"":{""attributes"":{""type"":""Profile"",""url"":""/services/data/v53.0/sobjects/Profile/00ed0000000jbVOAAY""},""Id"":""00ed0000000jbVOAAY"",""Name"":""ASU Service - TC - Army ROTC""}}},{""Parent"":{""Id"":""0PSd0000000H4ThGAK"",""Type"":""Profile"",""Label"":""00ed0000000jbwGAAQ"",""PermissionSetGroupId"":null,""Profile"":{""attributes"":{""type"":""Profile"",""url"":""/services/data/v53.0/sobjects/Profile/00ed0000000jbwGAAQ""},""Id"":""00ed0000000jbwGAAQ"",""Name"":""ASU Service - ASU Salesforce Support""}}},{""Parent"":{""Id"":""0PSd0000000H4WlGAK"",""Type"":""Profile"",""Label"":""00ed0000000jbyCAAQ"",""PermissionSetGroupId"":null,""Profile"":{""attributes"":{""type"":""Profile"",""url"":""/services/data/v53.0/sobjects/Profile/00ed0000000jbyCAAQ""},""Id"":""00ed0000000jbyCAAQ"",""Name"":""ASU Service - International Students and Scholars Center""}}},{""Parent"":{""Id"":""0PSd0000000H4XoGAK"",""Type"":""Profile"",""Label"":""00ed0000000jbylAAA"",""PermissionSetGroupId"":null,""Profile"":{""attributes"":{""type"":""Profile"",""url"":""/services/data/v53.0/sobjects/Profile/00ed0000000jbylAAA""},""Id"":""00ed0000000jbylAAA"",""Name"":""ASU Recruitment - Graduate Recruiter""}}},{""Parent"":{""Id"":""0PSd0000000H4ZLGA0"",""Type"":""Profile"",""Label"":""00ed0000000jbz0AAA"",""PermissionSetGroupId"":null,""Profile"":{""attributes"":{""type"":""Profile"",""url"":""/services/data/v53.0/sobjects/Profile/00ed0000000jbz0AAA""},""Id"":""00ed0000000jbz0AAA"",""Name"":""ASU Service - School for the Future of Innovation in Society""}}},{""Parent"":{""Id"":""0PSd0000000H4ZQGA0"",""Type"":""Profile"",""Label"":""00ed0000000jbz5AAA"",""PermissionSetGroupId"":null,""Profile"":{""attributes"":{""type"":""Profile"",""url"":""/services/data/v53.0/sobjects/Profile/00ed0000000jbz5AAA""},""Id"":""00ed0000000jbz5AAA"",""Name"":""ASU Service - American Indian Student Support Services""}}},{""Parent"":{""Id"":""0PSd0000000H4hyGAC"",""Type"":""Profile"",""Label"":""00ed0000000jc4eAAA"",""PermissionSetGroupId"":null,""Profile"":{""attributes"":{""type"":""Profile"",""url"":""/services/data/v53.0/sobjects/Profile/00ed0000000jc4eAAA""},""Id"":""00ed0000000jc4eAAA"",""Name"":""ASU Service - ASU Wellness""}}},{""Parent"":{""Id"":""0PSd0000000H4i3GAC"",""Type"":""Profile"",""Label"":""00ed0000000jc4jAAA"",""PermissionSetGroupId"":null,""Profile"":{""attributes"":{""type"":""Profile"",""url"":""/services/data/v53.0/sobjects/Profile/00ed0000000jc4jAAA""},""Id"":""00ed0000000jc4jAAA"",""Name"":""ASU Service - Student Engagement""}}},{""Parent"":{""Id"":""0PSd0000000H4i8GAC"",""Type"":""Profile"",""Label"":""00ed0000000jc4oAAA"",""PermissionSetGroupId"":null,""Profile"":{""attributes"":{""type"":""Profile"",""url"":""/services/data/v53.0/sobjects/Profile/00ed0000000jc4oAAA""},""Id"":""00ed0000000jc4oAAA"",""Name"":""ASU Service - TRIO""}}},{""Parent"":{""Id"":""0PSd0000000H4iXGAS"",""Type"":""Profile"",""Label"":""00ed0000000jc5DAAQ"",""PermissionSetGroupId"":null,""Profile"":{""attributes"":{""type"":""Profile"",""url"":""/services/data/v53.0/sobjects/Profile/00ed0000000jc5DAAQ""},""Id"":""00ed0000000jc5DAAQ"",""Name"":""ASU Service - TC - Air Force ROTC""}}},{""Parent"":{""Id"":""0PSd0000000H4icGAC"",""Type"":""Profile"",""Label"":""00ed0000000jc5IAAQ"",""PermissionSetGroupId"":null,""Profile"":{""attributes"":{""type"":""Profile"",""url"":""/services/data/v53.0/sobjects/Profile/00ed0000000jc5IAAQ""},""Id"":""00ed0000000jc5IAAQ"",""Name"":""ASU Service - TC - Navy ROTC""}}},{""Parent"":{""Id"":""0PSd0000000H4rKGAS"",""Type"":""Profile"",""Label"":""00ed0000000jc9PAAQ"",""PermissionSetGroupId"":null,""Profile"":{""attributes"":{""type"":""Profile"",""url"":""/services/data/v53.0/sobjects/Profile/00ed0000000jc9PAAQ""},""Id"":""00ed0000000jc9PAAQ"",""Name"":""ASU Service - Fraternity & Sorority Life""}}},{""Parent"":{""Id"":""0PSd0000000H4rPGAS"",""Type"":""Profile"",""Label"":""00ed0000000jc9UAAQ"",""PermissionSetGroupId"":null,""Profile"":{""attributes"":{""type"":""Profile"",""url"":""/services/data/v53.0/sobjects/Profile/00ed0000000jc9UAAQ""},""Id"":""00ed0000000jc9UAAQ"",""Name"":""ASU Service - Dean of Students""}}},{""Parent"":{""Id"":""0PSd0000000H4wyGAC"",""Type"":""Profile"",""Label"":""00ed0000000jcCOAAY"",""PermissionSetGroupId"":null,""Profile"":{""attributes"":{""type"":""Profile"",""url"":""/services/data/v53.0/sobjects/Profile/00ed0000000jcCOAAY""},""Id"":""00ed0000000jcCOAAY"",""Name"":""ASU Service - Enterprise Marketing Hub""}}},{""Parent"":{""Id"":""0PSd0000000H4x3GAC"",""Type"":""Profile"",""Label"":""00ed0000000jcCTAAY"",""PermissionSetGroupId"":null,""Profile"":{""attributes"":{""type"":""Profile"",""url"":""/services/data/v53.0/sobjects/Profile/00ed0000000jcCTAAY""},""Id"":""00ed0000000jcCTAAY"",""Name"":""ASU Service - Print Anywhere Tier 2""}}},{""Parent"":{""Id"":""0PSd0000000H4x8GAC"",""Type"":""Profile"",""Label"":""00ed0000000jcCYAAY"",""PermissionSetGroupId"":null,""Profile"":{""attributes"":{""type"":""Profile"",""url"":""/services/data/v53.0/sobjects/Profile/00ed0000000jcCYAAY""},""Id"":""00ed0000000jcCYAAY"",""Name"":""ASU Service - Sun Devil Fitness""}}},{""Parent"":{""Id"":""0PSd0000000H523GAC"",""Type"":""Profile"",""Label"":""00ed0000000jcFDAAY"",""PermissionSetGroupId"":null,""Profile"":{""attributes"":{""type"":""Profile"",""url"":""/services/data/v53.0/sobjects/Profile/00ed0000000jcFDAAY""},""Id"":""00ed0000000jcFDAAY"",""Name"":""ASU Service - MU Information Desk""}}},{""Parent"":{""Id"":""0PSd0000000H55HGAS"",""Type"":""Profile"",""Label"":""00ed0000000jcGQAAY"",""PermissionSetGroupId"":null,""Profile"":{""attributes"":{""type"":""Profile"",""url"":""/services/data/v53.0/sobjects/Profile/00ed0000000jcGQAAY""},""Id"":""00ed0000000jcGQAAY"",""Name"":""ASU Service - Sun Devil Dining""}}},{""Parent"":{""Id"":""0PSd0000000H5zBGAS"",""Type"":""Profile"",""Label"":""00ed0000000jcPXAAY"",""PermissionSetGroupId"":null,""Profile"":{""attributes"":{""type"":""Profile"",""url"":""/services/data/v53.0/sobjects/Profile/00ed0000000jcPXAAY""},""Id"":""00ed0000000jcPXAAY"",""Name"":""ASU Service - Student Government""}}},{""Parent"":{""Id"":""0PSd0000000H6BWGA0"",""Type"":""Profile"",""Label"":""00ed0000000jcWYAAY"",""PermissionSetGroupId"":null,""Profile"":{""attributes"":{""type"":""Profile"",""url"":""/services/data/v53.0/sobjects/Profile/00ed0000000jcWYAAY""},""Id"":""00ed0000000jcWYAAY"",""Name"":""ASU Service - Strategic Initiatives""}}},{""Parent"":{""Id"":""0PSd0000000qieNGAQ"",""Type"":""Profile"",""Label"":""00ed00000019hzBAAQ"",""PermissionSetGroupId"":null,""Profile"":{""attributes"":{""type"":""Profile"",""url"":""/services/data/v53.0/sobjects/Profile/00ed00000019hzBAAQ""},""Id"":""00ed00000019hzBAAQ"",""Name"":""Customer Community Login User""}}},{""Parent"":{""Id"":""0PSd0000000qjenGAA"",""Type"":""Profile"",""Label"":""00ed00000019invAAA"",""PermissionSetGroupId"":null,""Profile"":{""attributes"":{""type"":""Profile"",""url"":""/services/data/v53.0/sobjects/Profile/00ed00000019invAAA""},""Id"":""00ed00000019invAAA"",""Name"":""ASU Read Only""}}},{""Parent"":{""Id"":""0PSd0000000qu4sGAA"",""Type"":""Profile"",""Label"":""00ed00000019t5vAAA"",""PermissionSetGroupId"":null,""Profile"":{""attributes"":{""type"":""Profile"",""url"":""/services/data/v53.0/sobjects/Profile/00ed00000019t5vAAA""},""Id"":""00ed00000019t5vAAA"",""Name"":""ASU Knowledge User""}}},{""Parent"":{""Id"":""0PSd0000000qujbGAA"",""Type"":""Profile"",""Label"":""00ed00000019te6AAA"",""PermissionSetGroupId"":null,""Profile"":{""attributes"":{""type"":""Profile"",""url"":""/services/data/v53.0/sobjects/Profile/00ed00000019te6AAA""},""Id"":""00ed00000019te6AAA"",""Name"":""Force.com - App Subscription User""}}},{""Parent"":{""Id"":""0PSd0000000qUhbGAE"",""Type"":""Profile"",""Label"":""00ed00000019TqNAAU"",""PermissionSetGroupId"":null,""Profile"":{""attributes"":{""type"":""Profile"",""url"":""/services/data/v53.0/sobjects/Profile/00ed00000019TqNAAU""},""Id"":""00ed00000019TqNAAU"",""Name"":""ASU Marketing User""}}},{""Parent"":{""Id"":""0PSd0000000qzaSGAQ"",""Type"":""Profile"",""Label"":""00ed00000019yBlAAI"",""PermissionSetGroupId"":null,""Profile"":{""attributes"":{""type"":""Profile"",""url"":""/services/data/v53.0/sobjects/Profile/00ed00000019yBlAAI""},""Id"":""00ed00000019yBlAAI"",""Name"":""ASU Service - Financial Aid""}}},{""Parent"":{""Id"":""0PSd0000000qzawGAA"",""Type"":""Profile"",""Label"":""00ed00000019yC5AAI"",""PermissionSetGroupId"":null,""Profile"":{""attributes"":{""type"":""Profile"",""url"":""/services/data/v53.0/sobjects/Profile/00ed00000019yC5AAI""},""Id"":""00ed00000019yC5AAI"",""Name"":""ASU Service - Registrar""}}},{""Parent"":{""Id"":""0PSd0000000qzb1GAA"",""Type"":""Profile"",""Label"":""00ed00000019yCAAAY"",""PermissionSetGroupId"":null,""Profile"":{""attributes"":{""type"":""Profile"",""url"":""/services/data/v53.0/sobjects/Profile/00ed00000019yCAAAY""},""Id"":""00ed00000019yCAAAY"",""Name"":""ASU Service - Student Business Services""}}},{""Parent"":{""Id"":""0PSd0000000qzbkGAA"",""Type"":""Profile"",""Label"":""00ed00000019yCpAAI"",""PermissionSetGroupId"":null,""Profile"":{""attributes"":{""type"":""Profile"",""url"":""/services/data/v53.0/sobjects/Profile/00ed00000019yCpAAI""},""Id"":""00ed00000019yCpAAI"",""Name"":""ASU Chatter User""}}},{""Parent"":{""Id"":""0PSd0000000qzl5GAA"",""Type"":""Profile"",""Label"":""00ed00000019yKBAAY"",""PermissionSetGroupId"":null,""Profile"":{""attributes"":{""type"":""Profile"",""url"":""/services/data/v53.0/sobjects/Profile/00ed00000019yKBAAY""},""Id"":""00ed00000019yKBAAY"",""Name"":""ASU View All Data""}}},{""Parent"":{""Id"":""0PSd0000000r0bvGAA"",""Type"":""Profile"",""Label"":""00ed00000019z5nAAA"",""PermissionSetGroupId"":null,""Profile"":{""attributes"":{""type"":""Profile"",""url"":""/services/data/v53.0/sobjects/Profile/00ed00000019z5nAAA""},""Id"":""00ed00000019z5nAAA"",""Name"":""ASU Community""}}},{""Parent"":{""Id"":""0PSd0000000r0c0GAA"",""Type"":""Profile"",""Label"":""00ed00000019z5sAAA"",""PermissionSetGroupId"":null,""Profile"":{""attributes"":{""type"":""Profile"",""url"":""/services/data/v53.0/sobjects/Profile/00ed00000019z5sAAA""},""Id"":""00ed00000019z5sAAA"",""Name"":""ASU Community CAP""}}},{""Parent"":{""Id"":""0PSd0000000r0cAGAQ"",""Type"":""Profile"",""Label"":""00ed00000019z62AAA"",""PermissionSetGroupId"":null,""Profile"":{""attributes"":{""type"":""Profile"",""url"":""/services/data/v53.0/sobjects/Profile/00ed00000019z62AAA""},""Id"":""00ed00000019z62AAA"",""Name"":""ASU Service - ASU Online""}}},{""Parent"":{""Id"":""0PSd0000000r0cFGAQ"",""Type"":""Profile"",""Label"":""00ed00000019z67AAA"",""PermissionSetGroupId"":null,""Profile"":{""attributes"":{""type"":""Profile"",""url"":""/services/data/v53.0/sobjects/Profile/00ed00000019z67AAA""},""Id"":""00ed00000019z67AAA"",""Name"":""ASU Service - ESM Online""}}},{""Parent"":{""Id"":""0PSd0000000r0cKGAQ"",""Type"":""Profile"",""Label"":""00ed00000019z6CAAQ"",""PermissionSetGroupId"":null,""Profile"":{""attributes"":{""type"":""Profile"",""url"":""/services/data/v53.0/sobjects/Profile/00ed00000019z6CAAQ""},""Id"":""00ed00000019z6CAAQ"",""Name"":""ASU Service - Help Desk""}}},{""Parent"":{""Id"":""0PSd0000000r0qtGAA"",""Type"":""Profile"",""Label"":""00ed00000019zIqAAI"",""PermissionSetGroupId"":null,""Profile"":{""attributes"":{""type"":""Profile"",""url"":""/services/data/v53.0/sobjects/Profile/00ed00000019zIqAAI""},""Id"":""00ed00000019zIqAAI"",""Name"":""ASU Service - W. P. Carey Tech Services""}}},{""Parent"":{""Id"":""0PSd0000000r1SFGAY"",""Type"":""Profile"",""Label"":""00ed00000019zqdAAA"",""PermissionSetGroupId"":null,""Profile"":{""attributes"":{""type"":""Profile"",""url"":""/services/data/v53.0/sobjects/Profile/00ed00000019zqdAAA""},""Id"":""00ed00000019zqdAAA"",""Name"":""ASU Service - Tech Studio""}}},{""Parent"":{""Id"":""0PSd0000000r1SKGAY"",""Type"":""Profile"",""Label"":""00ed00000019zqiAAA"",""PermissionSetGroupId"":null,""Profile"":{""attributes"":{""type"":""Profile"",""url"":""/services/data/v53.0/sobjects/Profile/00ed00000019zqiAAA""},""Id"":""00ed00000019zqiAAA"",""Name"":""ASU Service - Engineering IT""}}},{""Parent"":{""Id"":""0PSd0000000r1SAGAY"",""Type"":""Profile"",""Label"":""00ed00000019zqYAAQ"",""PermissionSetGroupId"":null,""Profile"":{""attributes"":{""type"":""Profile"",""url"":""/services/data/v53.0/sobjects/Profile/00ed00000019zqYAAQ""},""Id"":""00ed00000019zqYAAQ"",""Name"":""ASU Service - Identity Management""}}},{""Parent"":{""Id"":""0PSd0000000r2e7GAA"",""Type"":""Profile"",""Label"":""00ed0000001A0pMAAS"",""PermissionSetGroupId"":null,""Profile"":{""attributes"":{""type"":""Profile"",""url"":""/services/data/v53.0/sobjects/Profile/00ed0000001A0pMAAS""},""Id"":""00ed0000001A0pMAAS"",""Name"":""ASU Service - Student Success Innovations""}}},{""Parent"":{""Id"":""0PSd0000000r2eCGAQ"",""Type"":""Profile"",""Label"":""00ed0000001A0pRAAS"",""PermissionSetGroupId"":null,""Profile"":{""attributes"":{""type"":""Profile"",""url"":""/services/data/v53.0/sobjects/Profile/00ed0000001A0pRAAS""},""Id"":""00ed0000001A0pRAAS"",""Name"":""ASU Service - Office of the President""}}},{""Parent"":{""Id"":""0PSd0000000r28IGAQ"",""Type"":""Profile"",""Label"":""00ed0000001A0PwAAK"",""PermissionSetGroupId"":null,""Profile"":{""attributes"":{""type"":""Profile"",""url"":""/services/data/v53.0/sobjects/Profile/00ed0000001A0PwAAK""},""Id"":""00ed0000001A0PwAAK"",""Name"":""ASU Service - Library Services(ARCHIVE)""}}},{""Parent"":{""Id"":""0PSd0000000r3amGAA"",""Type"":""Profile"",""Label"":""00ed0000001A1eqAAC"",""PermissionSetGroupId"":null,""Profile"":{""attributes"":{""type"":""Profile"",""url"":""/services/data/v53.0/sobjects/Profile/00ed0000001A1eqAAC""},""Id"":""00ed0000001A1eqAAC"",""Name"":""ASU Service - Integrated Services""}}},{""Parent"":{""Id"":""0PSd0000000r39YGAQ"",""Type"":""Profile"",""Label"":""00ed0000001A1GfAAK"",""PermissionSetGroupId"":null,""Profile"":{""attributes"":{""type"":""Profile"",""url"":""/services/data/v53.0/sobjects/Profile/00ed0000001A1GfAAK""},""Id"":""00ed0000001A1GfAAK"",""Name"":""ASU Service - TEMPLATE""}}},{""Parent"":{""Id"":""0PSd0000000r3KbGAI"",""Type"":""Profile"",""Label"":""00ed0000001A1OlAAK"",""PermissionSetGroupId"":null,""Profile"":{""attributes"":{""type"":""Profile"",""url"":""/services/data/v53.0/sobjects/Profile/00ed0000001A1OlAAK""},""Id"":""00ed0000001A1OlAAK"",""Name"":""ASU Service - Graduate College""}}},{""Parent"":{""Id"":""0PSd0000000r3syGAA"",""Type"":""Profile"",""Label"":""00ed0000001A1s3AAC"",""PermissionSetGroupId"":null,""Profile"":{""attributes"":{""type"":""Profile"",""url"":""/services/data/v53.0/sobjects/Profile/00ed0000001A1s3AAC""},""Id"":""00ed0000001A1s3AAC"",""Name"":""ASU Recruitment - Applicant Services""}}},{""Parent"":{""Id"":""0PSd0000000r3t3GAA"",""Type"":""Profile"",""Label"":""00ed0000001A1s8AAC"",""PermissionSetGroupId"":null,""Profile"":{""attributes"":{""type"":""Profile"",""url"":""/services/data/v53.0/sobjects/Profile/00ed0000001A1s8AAC""},""Id"":""00ed0000001A1s8AAC"",""Name"":""ASU Recruitment - Business Operations""}}},{""Parent"":{""Id"":""0PSd0000000r3t8GAA"",""Type"":""Profile"",""Label"":""00ed0000001A1sDAAS"",""PermissionSetGroupId"":null,""Profile"":{""attributes"":{""type"":""Profile"",""url"":""/services/data/v53.0/sobjects/Profile/00ed0000001A1sDAAS""},""Id"":""00ed0000001A1sDAAS"",""Name"":""ASU Recruitment - Freshman Recruiter""}}},{""Parent"":{""Id"":""0PSd0000000r3tcGAA"",""Type"":""Profile"",""Label"":""00ed0000001A1shAAC"",""PermissionSetGroupId"":null,""Profile"":{""attributes"":{""type"":""Profile"",""url"":""/services/data/v53.0/sobjects/Profile/00ed0000001A1shAAC""},""Id"":""00ed0000001A1shAAC"",""Name"":""ASU Recruitment - Admission Services""}}},{""Parent"":{""Id"":""0PSd0000000r3tDGAQ"",""Type"":""Profile"",""Label"":""00ed0000001A1sIAAS"",""PermissionSetGroupId"":null,""Profile"":{""attributes"":{""type"":""Profile"",""url"":""/services/data/v53.0/sobjects/Profile/00ed0000001A1sIAAS""},""Id"":""00ed0000001A1sIAAS"",""Name"":""ASU Recruitment - Transfer Recruiter""}}},{""Parent"":{""Id"":""0PSd0000000r3tIGAQ"",""Type"":""Profile"",""Label"":""00ed0000001A1sNAAS"",""PermissionSetGroupId"":null,""Profile"":{""attributes"":{""type"":""Profile"",""url"":""/services/data/v53.0/sobjects/Profile/00ed0000001A1sNAAS""},""Id"":""00ed0000001A1sNAAS"",""Name"":""ASU Recruitment - International Recruiter""}}},{""Parent"":{""Id"":""0PSd0000000r3tNGAQ"",""Type"":""Profile"",""Label"":""00ed0000001A1sSAAS"",""PermissionSetGroupId"":null,""Profile"":{""attributes"":{""type"":""Profile"",""url"":""/services/data/v53.0/sobjects/Profile/00ed0000001A1sSAAS""},""Id"":""00ed0000001A1sSAAS"",""Name"":""ASU Recruitment - Events""}}},{""Parent"":{""Id"":""0PSd0000000r3tSGAQ"",""Type"":""Profile"",""Label"":""00ed0000001A1sXAAS"",""PermissionSetGroupId"":null,""Profile"":{""attributes"":{""type"":""Profile"",""url"":""/services/data/v53.0/sobjects/Profile/00ed0000001A1sXAAS""},""Id"":""00ed0000001A1sXAAS"",""Name"":""ASU Recruitment - Havasu""}}},{""Parent"":{""Id"":""0PSd0000000r453GAA"",""Type"":""Profile"",""Label"":""00ed0000001A204AAC"",""PermissionSetGroupId"":null,""Profile"":{""attributes"":{""type"":""Profile"",""url"":""/services/data/v53.0/sobjects/Profile/00ed0000001A204AAC""},""Id"":""00ed0000001A204AAC"",""Name"":""ASU Recruitment - Leads (ESISD)""}}},{""Parent"":{""Id"":""0PSd0000000r49zGAA"",""Type"":""Profile"",""Label"":""00ed0000001A24iAAC"",""PermissionSetGroupId"":null,""Profile"":{""attributes"":{""type"":""Profile"",""url"":""/services/data/v53.0/sobjects/Profile/00ed0000001A24iAAC""},""Id"":""00ed0000001A24iAAC"",""Name"":""ASU Corporate Relations""}}},{""Parent"":{""Id"":""0PSd0000000r4s2GAA"",""Type"":""Profile"",""Label"":""00ed0000001A2dLAAS"",""PermissionSetGroupId"":null,""Profile"":{""attributes"":{""type"":""Profile"",""url"":""/services/data/v53.0/sobjects/Profile/00ed0000001A2dLAAS""},""Id"":""00ed0000001A2dLAAS"",""Name"":""ASU Service - Engineering - Dean's Office""}}},{""Parent"":{""Id"":""0PSd0000000r4tZGAQ"",""Type"":""Profile"",""Label"":""00ed0000001A2eaAAC"",""PermissionSetGroupId"":null,""Profile"":{""attributes"":{""type"":""Profile"",""url"":""/services/data/v53.0/sobjects/Profile/00ed0000001A2eaAAC""},""Id"":""00ed0000001A2eaAAC"",""Name"":""ASU Service - Engineering - GOEE""}}},{""Parent"":{""Id"":""0PSd0000000r4teGAA"",""Type"":""Profile"",""Label"":""00ed0000001A2efAAC"",""PermissionSetGroupId"":null,""Profile"":{""attributes"":{""type"":""Profile"",""url"":""/services/data/v53.0/sobjects/Profile/00ed0000001A2efAAC""},""Id"":""00ed0000001A2efAAC"",""Name"":""ASU Service - Engineering - Poly""}}},{""Parent"":{""Id"":""0PSd0000000r4tjGAA"",""Type"":""Profile"",""Label"":""00ed0000001A2ekAAC"",""PermissionSetGroupId"":null,""Profile"":{""attributes"":{""type"":""Profile"",""url"":""/services/data/v53.0/sobjects/Profile/00ed0000001A2ekAAC""},""Id"":""00ed0000001A2ekAAC"",""Name"":""ASU Service - Engineering - SBHSE""}}},{""Parent"":{""Id"":""0PSd0000000r4toGAA"",""Type"":""Profile"",""Label"":""00ed0000001A2epAAC"",""PermissionSetGroupId"":null,""Profile"":{""attributes"":{""type"":""Profile"",""url"":""/services/data/v53.0/sobjects/Profile/00ed0000001A2epAAC""},""Id"":""00ed0000001A2epAAC"",""Name"":""ASU Service - Engineering - SEMTE""}}},{""Parent"":{""Id"":""0PSd0000000r4ttGAA"",""Type"":""Profile"",""Label"":""00ed0000001A2euAAC"",""PermissionSetGroupId"":null,""Profile"":{""attributes"":{""type"":""Profile"",""url"":""/services/data/v53.0/sobjects/Profile/00ed0000001A2euAAC""},""Id"":""00ed0000001A2euAAC"",""Name"":""ASU Service - Engineering - SSEBE""}}},{""Parent"":{""Id"":""0PSd0000000r4tUGAQ"",""Type"":""Profile"",""Label"":""00ed0000001A2eVAAS"",""PermissionSetGroupId"":null,""Profile"":{""attributes"":{""type"":""Profile"",""url"":""/services/data/v53.0/sobjects/Profile/00ed0000001A2eVAAS""},""Id"":""00ed0000001A2eVAAS"",""Name"":""ASU Service - Engineering - ECEE""}}},{""Parent"":{""Id"":""0PSd0000000r4tyGAA"",""Type"":""Profile"",""Label"":""00ed0000001A2ezAAC"",""PermissionSetGroupId"":null,""Profile"":{""attributes"":{""type"":""Profile"",""url"":""/services/data/v53.0/sobjects/Profile/00ed0000001A2ezAAC""},""Id"":""00ed0000001A2ezAAC"",""Name"":""ASU Service - Engineering - CIDSE""}}},{""Parent"":{""Id"":""0PSd0000000r4bhGAA"",""Type"":""Profile"",""Label"":""00ed0000001A2QNAA0"",""PermissionSetGroupId"":null,""Profile"":{""attributes"":{""type"":""Profile"",""url"":""/services/data/v53.0/sobjects/Profile/00ed0000001A2QNAA0""},""Id"":""00ed0000001A2QNAA0"",""Name"":""ASU Service - Access ASU Outreach""}}},{""Parent"":{""Id"":""0PSd0000000r5c8GAA"",""Type"":""Profile"",""Label"":""00ed0000001A3CUAA0"",""PermissionSetGroupId"":null,""Profile"":{""attributes"":{""type"":""Profile"",""url"":""/services/data/v53.0/sobjects/Profile/00ed0000001A3CUAA0""},""Id"":""00ed0000001A3CUAA0"",""Name"":""ASU Service - New Student Programs""}}},{""Parent"":{""Id"":""0PSd0000000r6MUGAY"",""Type"":""Profile"",""Label"":""00ed0000001A3nIAAS"",""PermissionSetGroupId"":null,""Profile"":{""attributes"":{""type"":""Profile"",""url"":""/services/data/v53.0/sobjects/Profile/00ed0000001A3nIAAS""},""Id"":""00ed0000001A3nIAAS"",""Name"":""ASU Service - University Housing""}}},{""Parent"":{""Id"":""0PSd0000000r60sGAA"",""Type"":""Profile"",""Label"":""00ed0000001A3X8AAK"",""PermissionSetGroupId"":null,""Profile"":{""attributes"":{""type"":""Profile"",""url"":""/services/data/v53.0/sobjects/Profile/00ed0000001A3X8AAK""},""Id"":""00ed0000001A3X8AAK"",""Name"":""ASU Training - College of ASU""}}},{""Parent"":{""Id"":""0PSd0000000r60xGAA"",""Type"":""Profile"",""Label"":""00ed0000001A3XDAA0"",""PermissionSetGroupId"":null,""Profile"":{""attributes"":{""type"":""Profile"",""url"":""/services/data/v53.0/sobjects/Profile/00ed0000001A3XDAA0""},""Id"":""00ed0000001A3XDAA0"",""Name"":""ASU Training - Department of ASU""}}},{""Parent"":{""Id"":""0PSd0000000r6ggGAA"",""Type"":""Profile"",""Label"":""00ed0000001A41pAAC"",""PermissionSetGroupId"":null,""Profile"":{""attributes"":{""type"":""Profile"",""url"":""/services/data/v53.0/sobjects/Profile/00ed0000001A41pAAC""},""Id"":""00ed0000001A41pAAC"",""Name"":""ASU Service - Sustainability""}}},{""Parent"":{""Id"":""0PSd0000000r6pgGAA"",""Type"":""Profile"",""Label"":""00ed0000001A49IAAS"",""PermissionSetGroupId"":null,""Profile"":{""attributes"":{""type"":""Profile"",""url"":""/services/data/v53.0/sobjects/Profile/00ed0000001A49IAAS""},""Id"":""00ed0000001A49IAAS"",""Name"":""ASU Service - Teachers College""}}},{""Parent"":{""Id"":""0PSd0000000r7PNGAY"",""Type"":""Profile"",""Label"":""00ed0000001A4dEAAS"",""PermissionSetGroupId"":null,""Profile"":{""attributes"":{""type"":""Profile"",""url"":""/services/data/v53.0/sobjects/Profile/00ed0000001A4dEAAS""},""Id"":""00ed0000001A4dEAAS"",""Name"":""ASU Service - Public Service""}}},{""Parent"":{""Id"":""0PSd0000000r7C5GAI"",""Type"":""Profile"",""Label"":""00ed0000001A4OpAAK"",""PermissionSetGroupId"":null,""Profile"":{""attributes"":{""type"":""Profile"",""url"":""/services/data/v53.0/sobjects/Profile/00ed0000001A4OpAAK""},""Id"":""00ed0000001A4OpAAK"",""Name"":""ASU Service - Nursing""}}},{""Parent"":{""Id"":""0PSd0000000r7FiGAI"",""Type"":""Profile"",""Label"":""00ed0000001A4RAAA0"",""PermissionSetGroupId"":null,""Profile"":{""attributes"":{""type"":""Profile"",""url"":""/services/data/v53.0/sobjects/Profile/00ed0000001A4RAAA0""},""Id"":""00ed0000001A4RAAA0"",""Name"":""ASU Service - Health Solutions""}}},{""Parent"":{""Id"":""0PSd0000000r7nEGAQ"",""Type"":""Profile"",""Label"":""00ed0000001A4x8AAC"",""PermissionSetGroupId"":null,""Profile"":{""attributes"":{""type"":""Profile"",""url"":""/services/data/v53.0/sobjects/Profile/00ed0000001A4x8AAC""},""Id"":""00ed0000001A4x8AAC"",""Name"":""ASU Service - New College""}}},{""Parent"":{""Id"":""0PSd0000000r7tuGAA"",""Type"":""Profile"",""Label"":""00ed0000001A52VAAS"",""PermissionSetGroupId"":null,""Profile"":{""attributes"":{""type"":""Profile"",""url"":""/services/data/v53.0/sobjects/Profile/00ed0000001A52VAAS""},""Id"":""00ed0000001A52VAAS"",""Name"":""ASU Service - Universal Learner Courses""}}},{""Parent"":{""Id"":""0PSd0000000r7v8GAA"",""Type"":""Profile"",""Label"":""00ed0000001A53VAAS"",""PermissionSetGroupId"":null,""Profile"":{""attributes"":{""type"":""Profile"",""url"":""/services/data/v53.0/sobjects/Profile/00ed0000001A53VAAS""},""Id"":""00ed0000001A53VAAS"",""Name"":""ASU Service - LMS Support""}}},{""Parent"":{""Id"":""0PSd0000000r8fDGAQ"",""Type"":""Profile"",""Label"":""00ed0000001A5dbAAC"",""PermissionSetGroupId"":null,""Profile"":{""attributes"":{""type"":""Profile"",""url"":""/services/data/v53.0/sobjects/Profile/00ed0000001A5dbAAC""},""Id"":""00ed0000001A5dbAAC"",""Name"":""ASU Service - Academic Transfer Credit Solutions""}}},{""Parent"":{""Id"":""0PSd0000000r8gGGAQ"",""Type"":""Profile"",""Label"":""00ed0000001A5e5AAC"",""PermissionSetGroupId"":null,""Profile"":{""attributes"":{""type"":""Profile"",""url"":""/services/data/v53.0/sobjects/Profile/00ed0000001A5e5AAC""},""Id"":""00ed0000001A5e5AAC"",""Name"":""ASU Service - TC - Dean's Office""}}},{""Parent"":{""Id"":""0PSd0000000r8zQGAQ"",""Type"":""Profile"",""Label"":""00ed0000001A5pHAAS"",""PermissionSetGroupId"":null,""Profile"":{""attributes"":{""type"":""Profile"",""url"":""/services/data/v53.0/sobjects/Profile/00ed0000001A5pHAAS""},""Id"":""00ed0000001A5pHAAS"",""Name"":""ASU Service - TC - English""}}},{""Parent"":{""Id"":""0PSd0000000r8zVGAQ"",""Type"":""Profile"",""Label"":""00ed0000001A5pMAAS"",""PermissionSetGroupId"":null,""Profile"":{""attributes"":{""type"":""Profile"",""url"":""/services/data/v53.0/sobjects/Profile/00ed0000001A5pMAAS""},""Id"":""00ed0000001A5pMAAS"",""Name"":""ASU Service - TC - SILC""}}},{""Parent"":{""Id"":""0PSd0000000r8zaGAA"",""Type"":""Profile"",""Label"":""00ed0000001A5pRAAS"",""PermissionSetGroupId"":null,""Profile"":{""attributes"":{""type"":""Profile"",""url"":""/services/data/v53.0/sobjects/Profile/00ed0000001A5pRAAS""},""Id"":""00ed0000001A5pRAAS"",""Name"":""ASU Service - TC - SHPRS""}}},{""Parent"":{""Id"":""0PSd0000000r93BGAQ"",""Type"":""Profile"",""Label"":""00ed0000001A5rcAAC"",""PermissionSetGroupId"":null,""Profile"":{""attributes"":{""type"":""Profile"",""url"":""/services/data/v53.0/sobjects/Profile/00ed0000001A5rcAAC""},""Id"":""00ed0000001A5rcAAC"",""Name"":""ASU Service - TC - SESE""}}},{""Parent"":{""Id"":""0PSd0000000r92mGAA"",""Type"":""Profile"",""Label"":""00ed0000001A5rDAAS"",""PermissionSetGroupId"":null,""Profile"":{""attributes"":{""type"":""Profile"",""url"":""/services/data/v53.0/sobjects/Profile/00ed0000001A5rDAAS""},""Id"":""00ed0000001A5rDAAS"",""Name"":""ASU Service - TC - SOLS""}}},{""Parent"":{""Id"":""0PSd0000000r92rGAA"",""Type"":""Profile"",""Label"":""00ed0000001A5rIAAS"",""PermissionSetGroupId"":null,""Profile"":{""attributes"":{""type"":""Profile"",""url"":""/services/data/v53.0/sobjects/Profile/00ed0000001A5rIAAS""},""Id"":""00ed0000001A5rIAAS"",""Name"":""ASU Service - TC - SoMSS""}}},{""Parent"":{""Id"":""0PSd0000000r92wGAA"",""Type"":""Profile"",""Label"":""00ed0000001A5rNAAS"",""PermissionSetGroupId"":null,""Profile"":{""attributes"":{""type"":""Profile"",""url"":""/services/data/v53.0/sobjects/Profile/00ed0000001A5rNAAS""},""Id"":""00ed0000001A5rNAAS"",""Name"":""ASU Service - TC  - SMS""}}},{""Parent"":{""Id"":""0PSd0000000r931GAA"",""Type"":""Profile"",""Label"":""00ed0000001A5rSAAS"",""PermissionSetGroupId"":null,""Profile"":{""attributes"":{""type"":""Profile"",""url"":""/services/data/v53.0/sobjects/Profile/00ed0000001A5rSAAS""},""Id"":""00ed0000001A5rSAAS"",""Name"":""ASU Service - TC - Physics""}}},{""Parent"":{""Id"":""0PSd0000000r936GAA"",""Type"":""Profile"",""Label"":""00ed0000001A5rXAAS"",""PermissionSetGroupId"":null,""Profile"":{""attributes"":{""type"":""Profile"",""url"":""/services/data/v53.0/sobjects/Profile/00ed0000001A5rXAAS""},""Id"":""00ed0000001A5rXAAS"",""Name"":""ASU Service - TC - Psychology""}}},{""Parent"":{""Id"":""0PSd0000000r8PUGAY"",""Type"":""Profile"",""Label"":""00ed0000001A5S7AAK"",""PermissionSetGroupId"":null,""Profile"":{""attributes"":{""type"":""Profile"",""url"":""/services/data/v53.0/sobjects/Profile/00ed0000001A5S7AAK""},""Id"":""00ed0000001A5S7AAK"",""Name"":""ASU Service - Curricular Activities and Actions""}}},{""Parent"":{""Id"":""0PSd0000000r8QpGAI"",""Type"":""Profile"",""Label"":""00ed0000001A5T8AAK"",""PermissionSetGroupId"":null,""Profile"":{""attributes"":{""type"":""Profile"",""url"":""/services/data/v53.0/sobjects/Profile/00ed0000001A5T8AAK""},""Id"":""00ed0000001A5T8AAK"",""Name"":""ASU Chatter Marketing Cloud User""}}},{""Parent"":{""Id"":""0PSd0000000r97mGAA"",""Type"":""Profile"",""Label"":""00ed0000001A5udAAC"",""PermissionSetGroupId"":null,""Profile"":{""attributes"":{""type"":""Profile"",""url"":""/services/data/v53.0/sobjects/Profile/00ed0000001A5udAAC""},""Id"":""00ed0000001A5udAAC"",""Name"":""ASU Service - TC - STS""}}},{""Parent"":{""Id"":""0PSd0000000r97SGAQ"",""Type"":""Profile"",""Label"":""00ed0000001A5uJAAS"",""PermissionSetGroupId"":null,""Profile"":{""attributes"":{""type"":""Profile"",""url"":""/services/data/v53.0/sobjects/Profile/00ed0000001A5uJAAS""},""Id"":""00ed0000001A5uJAAS"",""Name"":""ASU Service - TC - SGSUP""}}},{""Parent"":{""Id"":""0PSd0000000r97XGAQ"",""Type"":""Profile"",""Label"":""00ed0000001A5uOAAS"",""PermissionSetGroupId"":null,""Profile"":{""attributes"":{""type"":""Profile"",""url"":""/services/data/v53.0/sobjects/Profile/00ed0000001A5uOAAS""},""Id"":""00ed0000001A5uOAAS"",""Name"":""ASU Service - TC - HDSHC""}}},{""Parent"":{""Id"":""0PSd0000000r97cGAA"",""Type"":""Profile"",""Label"":""00ed0000001A5uTAAS"",""PermissionSetGroupId"":null,""Profile"":{""attributes"":{""type"":""Profile"",""url"":""/services/data/v53.0/sobjects/Profile/00ed0000001A5uTAAS""},""Id"":""00ed0000001A5uTAAS"",""Name"":""ASU Service - TC - SPGS""}}},{""Parent"":{""Id"":""0PSd0000000r97hGAA"",""Type"":""Profile"",""Label"":""00ed0000001A5uYAAS"",""PermissionSetGroupId"":null,""Profile"":{""attributes"":{""type"":""Profile"",""url"":""/services/data/v53.0/sobjects/Profile/00ed0000001A5uYAAS""},""Id"":""00ed0000001A5uYAAS"",""Name"":""ASU Service - TC - SHESC""}}},{""Parent"":{""Id"":""0PSd0000000r9AFGAY"",""Type"":""Profile"",""Label"":""00ed0000001A5vnAAC"",""PermissionSetGroupId"":null,""Profile"":{""attributes"":{""type"":""Profile"",""url"":""/services/data/v53.0/sobjects/Profile/00ed0000001A5vnAAC""},""Id"":""00ed0000001A5vnAAC"",""Name"":""ASU Service - Integrative Sciences and Arts""}}},{""Parent"":{""Id"":""0PSd0000000r8ZaGAI"",""Type"":""Profile"",""Label"":""00ed0000001A5ZRAA0"",""PermissionSetGroupId"":null,""Profile"":{""attributes"":{""type"":""Profile"",""url"":""/services/data/v53.0/sobjects/Profile/00ed0000001A5ZRAA0""},""Id"":""00ed0000001A5ZRAA0"",""Name"":""ASU Service - Global Education Office""}}},{""Parent"":{""Id"":""0PSd0000000rAdhGAE"",""Type"":""Profile"",""Label"":""00ed0000001A6alAAC"",""PermissionSetGroupId"":null,""Profile"":{""attributes"":{""type"":""Profile"",""url"":""/services/data/v53.0/sobjects/Profile/00ed0000001A6alAAC""},""Id"":""00ed0000001A6alAAC"",""Name"":""ASU Service - Student & Cultural Engagement""}}},{""Parent"":{""Id"":""0PSd0000000rAdmGAE"",""Type"":""Profile"",""Label"":""00ed0000001A6aqAAC"",""PermissionSetGroupId"":null,""Profile"":{""attributes"":{""type"":""Profile"",""url"":""/services/data/v53.0/sobjects/Profile/00ed0000001A6aqAAC""},""Id"":""00ed0000001A6aqAAC"",""Name"":""ASU Service - International Student Engagement""}}},{""Parent"":{""Id"":""0PSd0000000rAdrGAE"",""Type"":""Profile"",""Label"":""00ed0000001A6avAAC"",""PermissionSetGroupId"":null,""Profile"":{""attributes"":{""type"":""Profile"",""url"":""/services/data/v53.0/sobjects/Profile/00ed0000001A6avAAC""},""Id"":""00ed0000001A6avAAC"",""Name"":""ASU Service - Changemaker Central""}}},{""Parent"":{""Id"":""0PSd0000001o7EsGAI"",""Type"":""Profile"",""Label"":""00ed0000002FFRcAAO"",""PermissionSetGroupId"":null,""Profile"":{""attributes"":{""type"":""Profile"",""url"":""/services/data/v53.0/sobjects/Profile/00ed0000002FFRcAAO""},""Id"":""00ed0000002FFRcAAO"",""Name"":""ASU Recruitment - Freshman Recruiter (Temp Access to Org Wide)""}}},{""Parent"":{""Id"":""0PSd0000001o7ETGAY"",""Type"":""Profile"",""Label"":""00ed0000002FFRSAA4"",""PermissionSetGroupId"":null,""Profile"":{""attributes"":{""type"":""Profile"",""url"":""/services/data/v53.0/sobjects/Profile/00ed0000002FFRSAA4""},""Id"":""00ed0000002FFRSAA4"",""Name"":""ASU Service - Sun Devil Athletics""}}},{""Parent"":{""Id"":""0PSd0000001o7HmGAI"",""Type"":""Profile"",""Label"":""00ed0000002FFSLAA4"",""PermissionSetGroupId"":null,""Profile"":{""attributes"":{""type"":""Profile"",""url"":""/services/data/v53.0/sobjects/Profile/00ed0000002FFSLAA4""},""Id"":""00ed0000002FFSLAA4"",""Name"":""ASU Service - Office of the President (Temp Access to Org Wide)""}}},{""Parent"":{""Id"":""0PSd0000001o7VKGAY"",""Type"":""Profile"",""Label"":""00ed0000002FFY4AAO"",""PermissionSetGroupId"":null,""Profile"":{""attributes"":{""type"":""Profile"",""url"":""/services/data/v53.0/sobjects/Profile/00ed0000002FFY4AAO""},""Id"":""00ed0000002FFY4AAO"",""Name"":""ASU Service - ASU-USA Pathways""}}},{""Parent"":{""Id"":""0PSd0000001sK82GAE"",""Type"":""Profile"",""Label"":""00ed0000002JRvSAAW"",""PermissionSetGroupId"":null,""Profile"":{""attributes"":{""type"":""Profile"",""url"":""/services/data/v53.0/sobjects/Profile/00ed0000002JRvSAAW""},""Id"":""00ed0000002JRvSAAW"",""Name"":""ASU Service - First in the World Grant""}}},{""Parent"":{""Id"":""0PSd0000001sKJBGA2"",""Type"":""Profile"",""Label"":""00ed0000002JRyMAAW"",""PermissionSetGroupId"":null,""Profile"":{""attributes"":{""type"":""Profile"",""url"":""/services/data/v53.0/sobjects/Profile/00ed0000002JRyMAAW""},""Id"":""00ed0000002JRyMAAW"",""Name"":""ASU Service - ITCSS Library Services""}}},{""Parent"":{""Id"":""0PSd0000001sKNNGA2"",""Type"":""Profile"",""Label"":""00ed0000002JS0DAAW"",""PermissionSetGroupId"":null,""Profile"":{""attributes"":{""type"":""Profile"",""url"":""/services/data/v53.0/sobjects/Profile/00ed0000002JS0DAAW""},""Id"":""00ed0000002JS0DAAW"",""Name"":""ASU Service - Success Coach""}}},{""Parent"":{""Id"":""0PSd0000001sKO6GAM"",""Type"":""Profile"",""Label"":""00ed0000002JS0NAAW"",""PermissionSetGroupId"":null,""Profile"":{""attributes"":{""type"":""Profile"",""url"":""/services/data/v53.0/sobjects/Profile/00ed0000002JS0NAAW""},""Id"":""00ed0000002JS0NAAW"",""Name"":""ASU Service - TC - ISSR""}}},{""Parent"":{""Id"":""0PSd0000001jxObGAI"",""Type"":""Profile"",""Label"":""00ed0000002NelYAAS"",""PermissionSetGroupId"":null,""Profile"":{""attributes"":{""type"":""Profile"",""url"":""/services/data/v53.0/sobjects/Profile/00ed0000002NelYAAS""},""Id"":""00ed0000002NelYAAS"",""Name"":""ASU Service - Academic Partnerships""}}},{""Parent"":{""Id"":""0PSd0000001jxa8GAA"",""Type"":""Profile"",""Label"":""00ed0000002Neq4AAC"",""PermissionSetGroupId"":null,""Profile"":{""attributes"":{""type"":""Profile"",""url"":""/services/data/v53.0/sobjects/Profile/00ed0000002Neq4AAC""},""Id"":""00ed0000002Neq4AAC"",""Name"":""ASU Service - Student Accessibility and Inclusive Learning Services""}}},{""Parent"":{""Id"":""0PSd0000001jygbGAA"",""Type"":""Profile"",""Label"":""00ed0000002Nf7AAAS"",""PermissionSetGroupId"":null,""Profile"":{""attributes"":{""type"":""Profile"",""url"":""/services/data/v53.0/sobjects/Profile/00ed0000002Nf7AAAS""},""Id"":""00ed0000002Nf7AAAS"",""Name"":""ASU Recruitment - Business Intelligence""}}},{""Parent"":{""Id"":""0PSd0000000oWPgGAM"",""Type"":""Profile"",""Label"":""00ex00000018ozT_128_09_43_34_1"",""PermissionSetGroupId"":null,""Profile"":{""attributes"":{""type"":""Profile"",""url"":""/services/data/v53.0/sobjects/Profile/00ed00000017IobAAE""},""Id"":""00ed00000017IobAAE"",""Name"":""System Administrator""}}},{""Parent"":{""Id"":""0PSd0000000oWPnGAM"",""Type"":""Profile"",""Label"":""00ex00000018ozV_128_09_43_34_3"",""PermissionSetGroupId"":null,""Profile"":{""attributes"":{""type"":""Profile"",""url"":""/services/data/v53.0/sobjects/Profile/00ed00000017IogAAE""},""Id"":""00ed00000017IogAAE"",""Name"":""Standard User""}}},{""Parent"":{""Id"":""0PSd0000000oWPqGAM"",""Type"":""Profile"",""Label"":""00ex00000018ozX_128_09_43_34_5"",""PermissionSetGroupId"":null,""Profile"":{""attributes"":{""type"":""Profile"",""url"":""/services/data/v53.0/sobjects/Profile/00ed00000017IoiAAE""},""Id"":""00ed00000017IoiAAE"",""Name"":""Solution Manager""}}},{""Parent"":{""Id"":""0PSd0000000oWPpGAM"",""Type"":""Profile"",""Label"":""00ex00000018ozY_128_09_43_34_6"",""PermissionSetGroupId"":null,""Profile"":{""attributes"":{""type"":""Profile"",""url"":""/services/data/v53.0/sobjects/Profile/00ed00000017IojAAE""},""Id"":""00ed00000017IojAAE"",""Name"":""Marketing User""}}},{""Parent"":{""Id"":""0PSd0000000oWPmGAM"",""Type"":""Profile"",""Label"":""00ex00000018ozZ_128_09_43_34_7"",""PermissionSetGroupId"":null,""Profile"":{""attributes"":{""type"":""Profile"",""url"":""/services/data/v53.0/sobjects/Profile/00ed00000017IokAAE""},""Id"":""00ed00000017IokAAE"",""Name"":""Contract Manager""}}},{""Parent"":{""Id"":""0PSd0000000quKmGAI"",""Type"":""Regular"",""Label"":""Additional Administrator Permissions"",""PermissionSetGroupId"":null,""Profile"":null}},{""Parent"":{""Id"":""0PS6T000001CZGsWAO"",""Type"":""Regular"",""Label"":""Role: EdPlus Coach Portal (Non-Success Coach)"",""PermissionSetGroupId"":null,""Profile"":null}}]"
"066d0000002BDFyAAO","CaseTransfer","[{""Parent"":{""Id"":""0PS0W000001CNqIWAW"",""Type"":""Profile"",""Label"":""00e0W000001hh6oQAA"",""PermissionSetGroupId"":null,""Profile"":{""attributes"":{""type"":""Profile"",""url"":""/services/data/v53.0/sobjects/Profile/00e0W000001hh6oQAA""},""Id"":""00e0W000001hh6oQAA"",""Name"":""ASU Service - MasterCard Program""}}},{""Parent"":{""Id"":""0PS0W000001CNy2WAG"",""Type"":""Profile"",""Label"":""00e0W000001hhAbQAI"",""PermissionSetGroupId"":null,""Profile"":{""attributes"":{""type"":""Profile"",""url"":""/services/data/v53.0/sobjects/Profile/00e0W000001hhAbQAI""},""Id"":""00e0W000001hhAbQAI"",""Name"":""ASU Service - Public Service Academy""}}},{""Parent"":{""Id"":""0PS0W000001COffWAG"",""Type"":""Profile"",""Label"":""00e0W000001hhfyQAA"",""PermissionSetGroupId"":null,""Profile"":{""attributes"":{""type"":""Profile"",""url"":""/services/data/v53.0/sobjects/Profile/00e0W000001hhfyQAA""},""Id"":""00e0W000001hhfyQAA"",""Name"":""ASU Service - Biosafety""}}},{""Parent"":{""Id"":""0PS0W000001CO7YWAW"",""Type"":""Profile"",""Label"":""00e0W000001hhI6QAI"",""PermissionSetGroupId"":null,""Profile"":{""attributes"":{""type"":""Profile"",""url"":""/services/data/v53.0/sobjects/Profile/00e0W000001hhI6QAI""},""Id"":""00e0W000001hhI6QAI"",""Name"":""ASU Service - New College Deans Office""}}},{""Parent"":{""Id"":""0PS0W000001CO8CWAW"",""Type"":""Profile"",""Label"":""00e0W000001hhIfQAI"",""PermissionSetGroupId"":null,""Profile"":{""attributes"":{""type"":""Profile"",""url"":""/services/data/v53.0/sobjects/Profile/00e0W000001hhIfQAI""},""Id"":""00e0W000001hhIfQAI"",""Name"":""ASU Service - Engineering - K12 Engineering Education""}}},{""Parent"":{""Id"":""0PS0W000001GgWMWA0"",""Type"":""Profile"",""Label"":""00e0W000001lvaCQAQ"",""PermissionSetGroupId"":null,""Profile"":{""attributes"":{""type"":""Profile"",""url"":""/services/data/v53.0/sobjects/Profile/00e0W000001lvaCQAQ""},""Id"":""00e0W000001lvaCQAQ"",""Name"":""ASU Service - University Events & Protocol""}}},{""Parent"":{""Id"":""0PS0W000001Gga4WAC"",""Type"":""Profile"",""Label"":""00e0W000001lvb5QAA"",""PermissionSetGroupId"":null,""Profile"":{""attributes"":{""type"":""Profile"",""url"":""/services/data/v53.0/sobjects/Profile/00e0W000001lvb5QAA""},""Id"":""00e0W000001lvb5QAA"",""Name"":""ASU Service - Psychology Research Advancement""}}},{""Parent"":{""Id"":""0PS0W000001GgbCWAS"",""Type"":""Profile"",""Label"":""00e0W000001lvbKQAQ"",""PermissionSetGroupId"":null,""Profile"":{""attributes"":{""type"":""Profile"",""url"":""/services/data/v53.0/sobjects/Profile/00e0W000001lvbKQAQ""},""Id"":""00e0W000001lvbKQAQ"",""Name"":""ASU Service - ASU Local""}}},{""Parent"":{""Id"":""0PS0W000001GgfJWAS"",""Type"":""Profile"",""Label"":""00e0W000001lvcIQAQ"",""PermissionSetGroupId"":null,""Profile"":{""attributes"":{""type"":""Profile"",""url"":""/services/data/v53.0/sobjects/Profile/00e0W000001lvcIQAQ""},""Id"":""00e0W000001lvcIQAQ"",""Name"":""ASU Service - The College - Interplanetary Initiatives""}}},{""Parent"":{""Id"":""0PS0W000001GgzxWAC"",""Type"":""Profile"",""Label"":""00e0W000001lvdaQAA"",""PermissionSetGroupId"":null,""Profile"":{""attributes"":{""type"":""Profile"",""url"":""/services/data/v53.0/sobjects/Profile/00e0W000001lvdaQAA""},""Id"":""00e0W000001lvdaQAA"",""Name"":""ASU Service - Watts Bridging Success""}}},{""Parent"":{""Id"":""0PS0W000001GftOWAS"",""Type"":""Profile"",""Label"":""00e0W000001lvOQQAY"",""PermissionSetGroupId"":null,""Profile"":{""attributes"":{""type"":""Profile"",""url"":""/services/data/v53.0/sobjects/Profile/00e0W000001lvOQQAY""},""Id"":""00e0W000001lvOQQAY"",""Name"":""ASU Service - ASU Family Programs""}}},{""Parent"":{""Id"":""0PS0W000001Gg0eWAC"",""Type"":""Profile"",""Label"":""00e0W000001lvQvQAI"",""PermissionSetGroupId"":null,""Profile"":{""attributes"":{""type"":""Profile"",""url"":""/services/data/v53.0/sobjects/Profile/00e0W000001lvQvQAI""},""Id"":""00e0W000001lvQvQAI"",""Name"":""ASU Service - TC SOLS Academic Integrity""}}},{""Parent"":{""Id"":""0PS0W000001GiExWAK"",""Type"":""Profile"",""Label"":""00e0W000001lvubQAA"",""PermissionSetGroupId"":null,""Profile"":{""attributes"":{""type"":""Profile"",""url"":""/services/data/v53.0/sobjects/Profile/00e0W000001lvubQAA""},""Id"":""00e0W000001lvubQAA"",""Name"":""ASU Service - DNASU Plasmid Repository""}}},{""Parent"":{""Id"":""0PS0W000001bgzVWAQ"",""Type"":""Profile"",""Label"":""00e0W000001yXmFQAU"",""PermissionSetGroupId"":null,""Profile"":{""attributes"":{""type"":""Profile"",""url"":""/services/data/v53.0/sobjects/Profile/00e0W000001yXmFQAU""},""Id"":""00e0W000001yXmFQAU"",""Name"":""ASU Recruitment - Team (ESISD)""}}},{""Parent"":{""Id"":""0PS0W000001P1NAWA0"",""Type"":""Profile"",""Label"":""00e0W0000022hBdQAI"",""PermissionSetGroupId"":null,""Profile"":{""attributes"":{""type"":""Profile"",""url"":""/services/data/v53.0/sobjects/Profile/00e0W0000022hBdQAI""},""Id"":""00e0W0000022hBdQAI"",""Name"":""ASU Service - Success Courses""}}},{""Parent"":{""Id"":""0PS0W000001fphCWAQ"",""Type"":""Profile"",""Label"":""00e0W0000026u4qQAA"",""PermissionSetGroupId"":null,""Profile"":{""attributes"":{""type"":""Profile"",""url"":""/services/data/v53.0/sobjects/Profile/00e0W0000026u4qQAA""},""Id"":""00e0W0000026u4qQAA"",""Name"":""ASU Service - Opportunities for Youth""}}},{""Parent"":{""Id"":""0PS0W000001KoULWA0"",""Type"":""Profile"",""Label"":""00e0W000002B4xjQAC"",""PermissionSetGroupId"":null,""Profile"":{""attributes"":{""type"":""Profile"",""url"":""/services/data/v53.0/sobjects/Profile/00e0W000002B4xjQAC""},""Id"":""00e0W000002B4xjQAC"",""Name"":""ASU Service - ATCS and Study Abroad""}}},{""Parent"":{""Id"":""0PS0W000001KpSQWA0"",""Type"":""Profile"",""Label"":""00e0W000002B5TBQA0"",""PermissionSetGroupId"":null,""Profile"":{""attributes"":{""type"":""Profile"",""url"":""/services/data/v53.0/sobjects/Profile/00e0W000002B5TBQA0""},""Id"":""00e0W000002B5TBQA0"",""Name"":""ASU Service - TC - SCETL""}}},{""Parent"":{""Id"":""0PS0W000001sbaPWAQ"",""Type"":""Profile"",""Label"":""00e0W000002JZOFQA4"",""PermissionSetGroupId"":null,""Profile"":{""attributes"":{""type"":""Profile"",""url"":""/services/data/v53.0/sobjects/Profile/00e0W000002JZOFQA4""},""Id"":""00e0W000002JZOFQA4"",""Name"":""ASU Service - Explore""}}},{""Parent"":{""Id"":""0PS0W000001sbktWAA"",""Type"":""Profile"",""Label"":""00e0W000002JZROQA4"",""PermissionSetGroupId"":null,""Profile"":{""attributes"":{""type"":""Profile"",""url"":""/services/data/v53.0/sobjects/Profile/00e0W000002JZROQA4""},""Id"":""00e0W000002JZROQA4"",""Name"":""ASU Service - College of Global Futures""}}},{""Parent"":{""Id"":""0PS0W000001jz1PWAQ"",""Type"":""Profile"",""Label"":""00e0W000002NfGqQAK"",""PermissionSetGroupId"":null,""Profile"":{""attributes"":{""type"":""Profile"",""url"":""/services/data/v53.0/sobjects/Profile/00e0W000002NfGqQAK""},""Id"":""00e0W000002NfGqQAK"",""Name"":""ASU Service - Enrollment Analysis""}}},{""Parent"":{""Id"":""0PS0W000001k9UOWAY"",""Type"":""Profile"",""Label"":""00e0W000002NjQ0QAK"",""PermissionSetGroupId"":null,""Profile"":{""attributes"":{""type"":""Profile"",""url"":""/services/data/v53.0/sobjects/Profile/00e0W000002NjQ0QAK""},""Id"":""00e0W000002NjQ0QAK"",""Name"":""ASU Service - International Students and Scholars Center SMS""}}},{""Parent"":{""Id"":""0PS6T000001CZe3WAG"",""Type"":""Profile"",""Label"":""00e6T000001hlA1QAI"",""PermissionSetGroupId"":null,""Profile"":{""attributes"":{""type"":""Profile"",""url"":""/services/data/v53.0/sobjects/Profile/00e6T000001hlA1QAI""},""Id"":""00e6T000001hlA1QAI"",""Name"":""ASU Service - Engineering - Poly HR""}}},{""Parent"":{""Id"":""0PS6T000001k9crWAA"",""Type"":""Profile"",""Label"":""00e6T000002NjQeQAK"",""PermissionSetGroupId"":null,""Profile"":{""attributes"":{""type"":""Profile"",""url"":""/services/data/v53.0/sobjects/Profile/00e6T000002NjQeQAK""},""Id"":""00e6T000002NjQeQAK"",""Name"":""ASU Service - Information Technology Support Hub""}}},{""Parent"":{""Id"":""0PS6T000001kAE8WAM"",""Type"":""Profile"",""Label"":""00e6T000002NjSuQAK"",""PermissionSetGroupId"":null,""Profile"":{""attributes"":{""type"":""Profile"",""url"":""/services/data/v53.0/sobjects/Profile/00e6T000002NjSuQAK""},""Id"":""00e6T000002NjSuQAK"",""Name"":""ASU Service - SMS API""}}},{""Parent"":{""Id"":""0PSd0000000H441GAC"",""Type"":""Profile"",""Label"":""00ed0000000jbjMAAQ"",""PermissionSetGroupId"":null,""Profile"":{""attributes"":{""type"":""Profile"",""url"":""/services/data/v53.0/sobjects/Profile/00ed0000000jbjMAAQ""},""Id"":""00ed0000000jbjMAAQ"",""Name"":""ASU Service - Design and the Arts""}}},{""Parent"":{""Id"":""0PSd0000000H4AQGA0"",""Type"":""Profile"",""Label"":""00ed0000000jbo2AAA"",""PermissionSetGroupId"":null,""Profile"":{""attributes"":{""type"":""Profile"",""url"":""/services/data/v53.0/sobjects/Profile/00ed0000000jbo2AAA""},""Id"":""00ed0000000jbo2AAA"",""Name"":""ASU Service - International Initiatives Graduate Education""}}},{""Parent"":{""Id"":""0PSd0000000H4BxGAK"",""Type"":""Profile"",""Label"":""00ed0000000jboMAAQ"",""PermissionSetGroupId"":null,""Profile"":{""attributes"":{""type"":""Profile"",""url"":""/services/data/v53.0/sobjects/Profile/00ed0000000jboMAAQ""},""Id"":""00ed0000000jboMAAQ"",""Name"":""ASU Service - W. P. Carey Business""}}},{""Parent"":{""Id"":""0PSd0000000H4C2GAK"",""Type"":""Profile"",""Label"":""00ed0000000jboRAAQ"",""PermissionSetGroupId"":null,""Profile"":{""attributes"":{""type"":""Profile"",""url"":""/services/data/v53.0/sobjects/Profile/00ed0000000jboRAAQ""},""Id"":""00ed0000000jboRAAQ"",""Name"":""ASU Service - Parking and Transit Services""}}},{""Parent"":{""Id"":""0PSd0000000H4C7GAK"",""Type"":""Profile"",""Label"":""00ed0000000jboWAAQ"",""PermissionSetGroupId"":null,""Profile"":{""attributes"":{""type"":""Profile"",""url"":""/services/data/v53.0/sobjects/Profile/00ed0000000jboWAAQ""},""Id"":""00ed0000000jboWAAQ"",""Name"":""ASU Service - First Year Success Center""}}},{""Parent"":{""Id"":""0PSd0000000H4J3GAK"",""Type"":""Profile"",""Label"":""00ed0000000jbqhAAA"",""PermissionSetGroupId"":null,""Profile"":{""attributes"":{""type"":""Profile"",""url"":""/services/data/v53.0/sobjects/Profile/00ed0000000jbqhAAA""},""Id"":""00ed0000000jbqhAAA"",""Name"":""ASU Service - Pat Tillman Veteran Center""}}},{""Parent"":{""Id"":""0PSd0000000H4J8GAK"",""Type"":""Profile"",""Label"":""00ed0000000jbqmAAA"",""PermissionSetGroupId"":null,""Profile"":{""attributes"":{""type"":""Profile"",""url"":""/services/data/v53.0/sobjects/Profile/00ed0000000jbqmAAA""},""Id"":""00ed0000000jbqmAAA"",""Name"":""ASU Service - Thunderbird""}}},{""Parent"":{""Id"":""0PSd0000000H4N0GAK"",""Type"":""Profile"",""Label"":""00ed0000000jbtHAAQ"",""PermissionSetGroupId"":null,""Profile"":{""attributes"":{""type"":""Profile"",""url"":""/services/data/v53.0/sobjects/Profile/00ed0000000jbtHAAQ""},""Id"":""00ed0000000jbtHAAQ"",""Name"":""ASU Service - EOSS""}}},{""Parent"":{""Id"":""0PSd0000000H4N5GAK"",""Type"":""Profile"",""Label"":""00ed0000000jbtMAAQ"",""PermissionSetGroupId"":null,""Profile"":{""attributes"":{""type"":""Profile"",""url"":""/services/data/v53.0/sobjects/Profile/00ed0000000jbtMAAQ""},""Id"":""00ed0000000jbtMAAQ"",""Name"":""ASU Service - Sun Devil Card Services""}}},{""Parent"":{""Id"":""0PSd0000000H4NAGA0"",""Type"":""Profile"",""Label"":""00ed0000000jbtRAAQ"",""PermissionSetGroupId"":null,""Profile"":{""attributes"":{""type"":""Profile"",""url"":""/services/data/v53.0/sobjects/Profile/00ed0000000jbtRAAQ""},""Id"":""00ed0000000jbtRAAQ"",""Name"":""ASU Service - Career Services""}}},{""Parent"":{""Id"":""0PSd0000000H4PVGA0"",""Type"":""Profile"",""Label"":""00ed0000000jbu5AAA"",""PermissionSetGroupId"":null,""Profile"":{""attributes"":{""type"":""Profile"",""url"":""/services/data/v53.0/sobjects/Profile/00ed0000000jbu5AAA""},""Id"":""00ed0000000jbu5AAA"",""Name"":""ASU Service - University Academic Success Programs""}}},{""Parent"":{""Id"":""0PSd0000000H4PaGAK"",""Type"":""Profile"",""Label"":""00ed0000000jbuAAAQ"",""PermissionSetGroupId"":null,""Profile"":{""attributes"":{""type"":""Profile"",""url"":""/services/data/v53.0/sobjects/Profile/00ed0000000jbuAAAQ""},""Id"":""00ed0000000jbuAAAQ"",""Name"":""ASU Service - Honors""}}},{""Parent"":{""Id"":""0PSd0000000H4QTGA0"",""Type"":""Profile"",""Label"":""00ed0000000jbujAAA"",""PermissionSetGroupId"":null,""Profile"":{""attributes"":{""type"":""Profile"",""url"":""/services/data/v53.0/sobjects/Profile/00ed0000000jbujAAA""},""Id"":""00ed0000000jbujAAA"",""Name"":""ASU Service - Journalism""}}},{""Parent"":{""Id"":""0PSd0000000H4QYGA0"",""Type"":""Profile"",""Label"":""00ed0000000jbuoAAA"",""PermissionSetGroupId"":null,""Profile"":{""attributes"":{""type"":""Profile"",""url"":""/services/data/v53.0/sobjects/Profile/00ed0000000jbuoAAA""},""Id"":""00ed0000000jbuoAAA"",""Name"":""ASU Service - Office of the University Provost""}}},{""Parent"":{""Id"":""0PSd0000000H3g5GAC"",""Type"":""Profile"",""Label"":""00ed0000000jbV9AAI"",""PermissionSetGroupId"":null,""Profile"":{""attributes"":{""type"":""Profile"",""url"":""/services/data/v53.0/sobjects/Profile/00ed0000000jbV9AAI""},""Id"":""00ed0000000jbV9AAI"",""Name"":""ASU Service - TC - AIS""}}},{""Parent"":{""Id"":""0PSd0000000H3gAGAS"",""Type"":""Profile"",""Label"":""00ed0000000jbVEAAY"",""PermissionSetGroupId"":null,""Profile"":{""attributes"":{""type"":""Profile"",""url"":""/services/data/v53.0/sobjects/Profile/00ed0000000jbVEAAY""},""Id"":""00ed0000000jbVEAAY"",""Name"":""ASU Service - TC  - The Sanford School""}}},{""Parent"":{""Id"":""0PSd0000000H3gFGAS"",""Type"":""Profile"",""Label"":""00ed0000000jbVJAAY"",""PermissionSetGroupId"":null,""Profile"":{""attributes"":{""type"":""Profile"",""url"":""/services/data/v53.0/sobjects/Profile/00ed0000000jbVJAAY""},""Id"":""00ed0000000jbVJAAY"",""Name"":""ASU Service - TC - SST""}}},{""Parent"":{""Id"":""0PSd0000000H3gKGAS"",""Type"":""Profile"",""Label"":""00ed0000000jbVOAAY"",""PermissionSetGroupId"":null,""Profile"":{""attributes"":{""type"":""Profile"",""url"":""/services/data/v53.0/sobjects/Profile/00ed0000000jbVOAAY""},""Id"":""00ed0000000jbVOAAY"",""Name"":""ASU Service - TC - Army ROTC""}}},{""Parent"":{""Id"":""0PSd0000000H4ThGAK"",""Type"":""Profile"",""Label"":""00ed0000000jbwGAAQ"",""PermissionSetGroupId"":null,""Profile"":{""attributes"":{""type"":""Profile"",""url"":""/services/data/v53.0/sobjects/Profile/00ed0000000jbwGAAQ""},""Id"":""00ed0000000jbwGAAQ"",""Name"":""ASU Service - ASU Salesforce Support""}}},{""Parent"":{""Id"":""0PSd0000000H4WlGAK"",""Type"":""Profile"",""Label"":""00ed0000000jbyCAAQ"",""PermissionSetGroupId"":null,""Profile"":{""attributes"":{""type"":""Profile"",""url"":""/services/data/v53.0/sobjects/Profile/00ed0000000jbyCAAQ""},""Id"":""00ed0000000jbyCAAQ"",""Name"":""ASU Service - International Students and Scholars Center""}}},{""Parent"":{""Id"":""0PSd0000000H4XoGAK"",""Type"":""Profile"",""Label"":""00ed0000000jbylAAA"",""PermissionSetGroupId"":null,""Profile"":{""attributes"":{""type"":""Profile"",""url"":""/services/data/v53.0/sobjects/Profile/00ed0000000jbylAAA""},""Id"":""00ed0000000jbylAAA"",""Name"":""ASU Recruitment - Graduate Recruiter""}}},{""Parent"":{""Id"":""0PSd0000000H4ZLGA0"",""Type"":""Profile"",""Label"":""00ed0000000jbz0AAA"",""PermissionSetGroupId"":null,""Profile"":{""attributes"":{""type"":""Profile"",""url"":""/services/data/v53.0/sobjects/Profile/00ed0000000jbz0AAA""},""Id"":""00ed0000000jbz0AAA"",""Name"":""ASU Service - School for the Future of Innovation in Society""}}},{""Parent"":{""Id"":""0PSd0000000H4ZQGA0"",""Type"":""Profile"",""Label"":""00ed0000000jbz5AAA"",""PermissionSetGroupId"":null,""Profile"":{""attributes"":{""type"":""Profile"",""url"":""/services/data/v53.0/sobjects/Profile/00ed0000000jbz5AAA""},""Id"":""00ed0000000jbz5AAA"",""Name"":""ASU Service - American Indian Student Support Services""}}},{""Parent"":{""Id"":""0PSd0000000H4hyGAC"",""Type"":""Profile"",""Label"":""00ed0000000jc4eAAA"",""PermissionSetGroupId"":null,""Profile"":{""attributes"":{""type"":""Profile"",""url"":""/services/data/v53.0/sobjects/Profile/00ed0000000jc4eAAA""},""Id"":""00ed0000000jc4eAAA"",""Name"":""ASU Service - ASU Wellness""}}},{""Parent"":{""Id"":""0PSd0000000H4i3GAC"",""Type"":""Profile"",""Label"":""00ed0000000jc4jAAA"",""PermissionSetGroupId"":null,""Profile"":{""attributes"":{""type"":""Profile"",""url"":""/services/data/v53.0/sobjects/Profile/00ed0000000jc4jAAA""},""Id"":""00ed0000000jc4jAAA"",""Name"":""ASU Service - Student Engagement""}}},{""Parent"":{""Id"":""0PSd0000000H4i8GAC"",""Type"":""Profile"",""Label"":""00ed0000000jc4oAAA"",""PermissionSetGroupId"":null,""Profile"":{""attributes"":{""type"":""Profile"",""url"":""/services/data/v53.0/sobjects/Profile/00ed0000000jc4oAAA""},""Id"":""00ed0000000jc4oAAA"",""Name"":""ASU Service - TRIO""}}},{""Parent"":{""Id"":""0PSd0000000H4iXGAS"",""Type"":""Profile"",""Label"":""00ed0000000jc5DAAQ"",""PermissionSetGroupId"":null,""Profile"":{""attributes"":{""type"":""Profile"",""url"":""/services/data/v53.0/sobjects/Profile/00ed0000000jc5DAAQ""},""Id"":""00ed0000000jc5DAAQ"",""Name"":""ASU Service - TC - Air Force ROTC""}}},{""Parent"":{""Id"":""0PSd0000000H4icGAC"",""Type"":""Profile"",""Label"":""00ed0000000jc5IAAQ"",""PermissionSetGroupId"":null,""Profile"":{""attributes"":{""type"":""Profile"",""url"":""/services/data/v53.0/sobjects/Profile/00ed0000000jc5IAAQ""},""Id"":""00ed0000000jc5IAAQ"",""Name"":""ASU Service - TC - Navy ROTC""}}},{""Parent"":{""Id"":""0PSd0000000H4rKGAS"",""Type"":""Profile"",""Label"":""00ed0000000jc9PAAQ"",""PermissionSetGroupId"":null,""Profile"":{""attributes"":{""type"":""Profile"",""url"":""/services/data/v53.0/sobjects/Profile/00ed0000000jc9PAAQ""},""Id"":""00ed0000000jc9PAAQ"",""Name"":""ASU Service - Fraternity & Sorority Life""}}},{""Parent"":{""Id"":""0PSd0000000H4rPGAS"",""Type"":""Profile"",""Label"":""00ed0000000jc9UAAQ"",""PermissionSetGroupId"":null,""Profile"":{""attributes"":{""type"":""Profile"",""url"":""/services/data/v53.0/sobjects/Profile/00ed0000000jc9UAAQ""},""Id"":""00ed0000000jc9UAAQ"",""Name"":""ASU Service - Dean of Students""}}},{""Parent"":{""Id"":""0PSd0000000H4wyGAC"",""Type"":""Profile"",""Label"":""00ed0000000jcCOAAY"",""PermissionSetGroupId"":null,""Profile"":{""attributes"":{""type"":""Profile"",""url"":""/services/data/v53.0/sobjects/Profile/00ed0000000jcCOAAY""},""Id"":""00ed0000000jcCOAAY"",""Name"":""ASU Service - Enterprise Marketing Hub""}}},{""Parent"":{""Id"":""0PSd0000000H4x3GAC"",""Type"":""Profile"",""Label"":""00ed0000000jcCTAAY"",""PermissionSetGroupId"":null,""Profile"":{""attributes"":{""type"":""Profile"",""url"":""/services/data/v53.0/sobjects/Profile/00ed0000000jcCTAAY""},""Id"":""00ed0000000jcCTAAY"",""Name"":""ASU Service - Print Anywhere Tier 2""}}},{""Parent"":{""Id"":""0PSd0000000H4x8GAC"",""Type"":""Profile"",""Label"":""00ed0000000jcCYAAY"",""PermissionSetGroupId"":null,""Profile"":{""attributes"":{""type"":""Profile"",""url"":""/services/data/v53.0/sobjects/Profile/00ed0000000jcCYAAY""},""Id"":""00ed0000000jcCYAAY"",""Name"":""ASU Service - Sun Devil Fitness""}}},{""Parent"":{""Id"":""0PSd0000000H523GAC"",""Type"":""Profile"",""Label"":""00ed0000000jcFDAAY"",""PermissionSetGroupId"":null,""Profile"":{""attributes"":{""type"":""Profile"",""url"":""/services/data/v53.0/sobjects/Profile/00ed0000000jcFDAAY""},""Id"":""00ed0000000jcFDAAY"",""Name"":""ASU Service - MU Information Desk""}}},{""Parent"":{""Id"":""0PSd0000000H55HGAS"",""Type"":""Profile"",""Label"":""00ed0000000jcGQAAY"",""PermissionSetGroupId"":null,""Profile"":{""attributes"":{""type"":""Profile"",""url"":""/services/data/v53.0/sobjects/Profile/00ed0000000jcGQAAY""},""Id"":""00ed0000000jcGQAAY"",""Name"":""ASU Service - Sun Devil Dining""}}},{""Parent"":{""Id"":""0PSd0000000H5zBGAS"",""Type"":""Profile"",""Label"":""00ed0000000jcPXAAY"",""PermissionSetGroupId"":null,""Profile"":{""attributes"":{""type"":""Profile"",""url"":""/services/data/v53.0/sobjects/Profile/00ed0000000jcPXAAY""},""Id"":""00ed0000000jcPXAAY"",""Name"":""ASU Service - Student Government""}}},{""Parent"":{""Id"":""0PSd0000000H6BWGA0"",""Type"":""Profile"",""Label"":""00ed0000000jcWYAAY"",""PermissionSetGroupId"":null,""Profile"":{""attributes"":{""type"":""Profile"",""url"":""/services/data/v53.0/sobjects/Profile/00ed0000000jcWYAAY""},""Id"":""00ed0000000jcWYAAY"",""Name"":""ASU Service - Strategic Initiatives""}}},{""Parent"":{""Id"":""0PSd0000000qzaSGAQ"",""Type"":""Profile"",""Label"":""00ed00000019yBlAAI"",""PermissionSetGroupId"":null,""Profile"":{""attributes"":{""type"":""Profile"",""url"":""/services/data/v53.0/sobjects/Profile/00ed00000019yBlAAI""},""Id"":""00ed00000019yBlAAI"",""Name"":""ASU Service - Financial Aid""}}},{""Parent"":{""Id"":""0PSd0000000qzawGAA"",""Type"":""Profile"",""Label"":""00ed00000019yC5AAI"",""PermissionSetGroupId"":null,""Profile"":{""attributes"":{""type"":""Profile"",""url"":""/services/data/v53.0/sobjects/Profile/00ed00000019yC5AAI""},""Id"":""00ed00000019yC5AAI"",""Name"":""ASU Service - Registrar""}}},{""Parent"":{""Id"":""0PSd0000000qzb1GAA"",""Type"":""Profile"",""Label"":""00ed00000019yCAAAY"",""PermissionSetGroupId"":null,""Profile"":{""attributes"":{""type"":""Profile"",""url"":""/services/data/v53.0/sobjects/Profile/00ed00000019yCAAAY""},""Id"":""00ed00000019yCAAAY"",""Name"":""ASU Service - Student Business Services""}}},{""Parent"":{""Id"":""0PSd0000000qzl5GAA"",""Type"":""Profile"",""Label"":""00ed00000019yKBAAY"",""PermissionSetGroupId"":null,""Profile"":{""attributes"":{""type"":""Profile"",""url"":""/services/data/v53.0/sobjects/Profile/00ed00000019yKBAAY""},""Id"":""00ed00000019yKBAAY"",""Name"":""ASU View All Data""}}},{""Parent"":{""Id"":""0PSd0000000r0cAGAQ"",""Type"":""Profile"",""Label"":""00ed00000019z62AAA"",""PermissionSetGroupId"":null,""Profile"":{""attributes"":{""type"":""Profile"",""url"":""/services/data/v53.0/sobjects/Profile/00ed00000019z62AAA""},""Id"":""00ed00000019z62AAA"",""Name"":""ASU Service - ASU Online""}}},{""Parent"":{""Id"":""0PSd0000000r0cFGAQ"",""Type"":""Profile"",""Label"":""00ed00000019z67AAA"",""PermissionSetGroupId"":null,""Profile"":{""attributes"":{""type"":""Profile"",""url"":""/services/data/v53.0/sobjects/Profile/00ed00000019z67AAA""},""Id"":""00ed00000019z67AAA"",""Name"":""ASU Service - ESM Online""}}},{""Parent"":{""Id"":""0PSd0000000r0cKGAQ"",""Type"":""Profile"",""Label"":""00ed00000019z6CAAQ"",""PermissionSetGroupId"":null,""Profile"":{""attributes"":{""type"":""Profile"",""url"":""/services/data/v53.0/sobjects/Profile/00ed00000019z6CAAQ""},""Id"":""00ed00000019z6CAAQ"",""Name"":""ASU Service - Help Desk""}}},{""Parent"":{""Id"":""0PSd0000000r0qtGAA"",""Type"":""Profile"",""Label"":""00ed00000019zIqAAI"",""PermissionSetGroupId"":null,""Profile"":{""attributes"":{""type"":""Profile"",""url"":""/services/data/v53.0/sobjects/Profile/00ed00000019zIqAAI""},""Id"":""00ed00000019zIqAAI"",""Name"":""ASU Service - W. P. Carey Tech Services""}}},{""Parent"":{""Id"":""0PSd0000000r1SFGAY"",""Type"":""Profile"",""Label"":""00ed00000019zqdAAA"",""PermissionSetGroupId"":null,""Profile"":{""attributes"":{""type"":""Profile"",""url"":""/services/data/v53.0/sobjects/Profile/00ed00000019zqdAAA""},""Id"":""00ed00000019zqdAAA"",""Name"":""ASU Service - Tech Studio""}}},{""Parent"":{""Id"":""0PSd0000000r1SKGAY"",""Type"":""Profile"",""Label"":""00ed00000019zqiAAA"",""PermissionSetGroupId"":null,""Profile"":{""attributes"":{""type"":""Profile"",""url"":""/services/data/v53.0/sobjects/Profile/00ed00000019zqiAAA""},""Id"":""00ed00000019zqiAAA"",""Name"":""ASU Service - Engineering IT""}}},{""Parent"":{""Id"":""0PSd0000000r1SAGAY"",""Type"":""Profile"",""Label"":""00ed00000019zqYAAQ"",""PermissionSetGroupId"":null,""Profile"":{""attributes"":{""type"":""Profile"",""url"":""/services/data/v53.0/sobjects/Profile/00ed00000019zqYAAQ""},""Id"":""00ed00000019zqYAAQ"",""Name"":""ASU Service - Identity Management""}}},{""Parent"":{""Id"":""0PSd0000000r2e7GAA"",""Type"":""Profile"",""Label"":""00ed0000001A0pMAAS"",""PermissionSetGroupId"":null,""Profile"":{""attributes"":{""type"":""Profile"",""url"":""/services/data/v53.0/sobjects/Profile/00ed0000001A0pMAAS""},""Id"":""00ed0000001A0pMAAS"",""Name"":""ASU Service - Student Success Innovations""}}},{""Parent"":{""Id"":""0PSd0000000r2eCGAQ"",""Type"":""Profile"",""Label"":""00ed0000001A0pRAAS"",""PermissionSetGroupId"":null,""Profile"":{""attributes"":{""type"":""Profile"",""url"":""/services/data/v53.0/sobjects/Profile/00ed0000001A0pRAAS""},""Id"":""00ed0000001A0pRAAS"",""Name"":""ASU Service - Office of the President""}}},{""Parent"":{""Id"":""0PSd0000000r28IGAQ"",""Type"":""Profile"",""Label"":""00ed0000001A0PwAAK"",""PermissionSetGroupId"":null,""Profile"":{""attributes"":{""type"":""Profile"",""url"":""/services/data/v53.0/sobjects/Profile/00ed0000001A0PwAAK""},""Id"":""00ed0000001A0PwAAK"",""Name"":""ASU Service - Library Services(ARCHIVE)""}}},{""Parent"":{""Id"":""0PSd0000000r3amGAA"",""Type"":""Profile"",""Label"":""00ed0000001A1eqAAC"",""PermissionSetGroupId"":null,""Profile"":{""attributes"":{""type"":""Profile"",""url"":""/services/data/v53.0/sobjects/Profile/00ed0000001A1eqAAC""},""Id"":""00ed0000001A1eqAAC"",""Name"":""ASU Service - Integrated Services""}}},{""Parent"":{""Id"":""0PSd0000000r39YGAQ"",""Type"":""Profile"",""Label"":""00ed0000001A1GfAAK"",""PermissionSetGroupId"":null,""Profile"":{""attributes"":{""type"":""Profile"",""url"":""/services/data/v53.0/sobjects/Profile/00ed0000001A1GfAAK""},""Id"":""00ed0000001A1GfAAK"",""Name"":""ASU Service - TEMPLATE""}}},{""Parent"":{""Id"":""0PSd0000000r3KbGAI"",""Type"":""Profile"",""Label"":""00ed0000001A1OlAAK"",""PermissionSetGroupId"":null,""Profile"":{""attributes"":{""type"":""Profile"",""url"":""/services/data/v53.0/sobjects/Profile/00ed0000001A1OlAAK""},""Id"":""00ed0000001A1OlAAK"",""Name"":""ASU Service - Graduate College""}}},{""Parent"":{""Id"":""0PSd0000000r3syGAA"",""Type"":""Profile"",""Label"":""00ed0000001A1s3AAC"",""PermissionSetGroupId"":null,""Profile"":{""attributes"":{""type"":""Profile"",""url"":""/services/data/v53.0/sobjects/Profile/00ed0000001A1s3AAC""},""Id"":""00ed0000001A1s3AAC"",""Name"":""ASU Recruitment - Applicant Services""}}},{""Parent"":{""Id"":""0PSd0000000r3t3GAA"",""Type"":""Profile"",""Label"":""00ed0000001A1s8AAC"",""PermissionSetGroupId"":null,""Profile"":{""attributes"":{""type"":""Profile"",""url"":""/services/data/v53.0/sobjects/Profile/00ed0000001A1s8AAC""},""Id"":""00ed0000001A1s8AAC"",""Name"":""ASU Recruitment - Business Operations""}}},{""Parent"":{""Id"":""0PSd0000000r3t8GAA"",""Type"":""Profile"",""Label"":""00ed0000001A1sDAAS"",""PermissionSetGroupId"":null,""Profile"":{""attributes"":{""type"":""Profile"",""url"":""/services/data/v53.0/sobjects/Profile/00ed0000001A1sDAAS""},""Id"":""00ed0000001A1sDAAS"",""Name"":""ASU Recruitment - Freshman Recruiter""}}},{""Parent"":{""Id"":""0PSd0000000r3tcGAA"",""Type"":""Profile"",""Label"":""00ed0000001A1shAAC"",""PermissionSetGroupId"":null,""Profile"":{""attributes"":{""type"":""Profile"",""url"":""/services/data/v53.0/sobjects/Profile/00ed0000001A1shAAC""},""Id"":""00ed0000001A1shAAC"",""Name"":""ASU Recruitment - Admission Services""}}},{""Parent"":{""Id"":""0PSd0000000r3tDGAQ"",""Type"":""Profile"",""Label"":""00ed0000001A1sIAAS"",""PermissionSetGroupId"":null,""Profile"":{""attributes"":{""type"":""Profile"",""url"":""/services/data/v53.0/sobjects/Profile/00ed0000001A1sIAAS""},""Id"":""00ed0000001A1sIAAS"",""Name"":""ASU Recruitment - Transfer Recruiter""}}},{""Parent"":{""Id"":""0PSd0000000r3tIGAQ"",""Type"":""Profile"",""Label"":""00ed0000001A1sNAAS"",""PermissionSetGroupId"":null,""Profile"":{""attributes"":{""type"":""Profile"",""url"":""/services/data/v53.0/sobjects/Profile/00ed0000001A1sNAAS""},""Id"":""00ed0000001A1sNAAS"",""Name"":""ASU Recruitment - International Recruiter""}}},{""Parent"":{""Id"":""0PSd0000000r3tNGAQ"",""Type"":""Profile"",""Label"":""00ed0000001A1sSAAS"",""PermissionSetGroupId"":null,""Profile"":{""attributes"":{""type"":""Profile"",""url"":""/services/data/v53.0/sobjects/Profile/00ed0000001A1sSAAS""},""Id"":""00ed0000001A1sSAAS"",""Name"":""ASU Recruitment - Events""}}},{""Parent"":{""Id"":""0PSd0000000r3tSGAQ"",""Type"":""Profile"",""Label"":""00ed0000001A1sXAAS"",""PermissionSetGroupId"":null,""Profile"":{""attributes"":{""type"":""Profile"",""url"":""/services/data/v53.0/sobjects/Profile/00ed0000001A1sXAAS""},""Id"":""00ed0000001A1sXAAS"",""Name"":""ASU Recruitment - Havasu""}}},{""Parent"":{""Id"":""0PSd0000000r453GAA"",""Type"":""Profile"",""Label"":""00ed0000001A204AAC"",""PermissionSetGroupId"":null,""Profile"":{""attributes"":{""type"":""Profile"",""url"":""/services/data/v53.0/sobjects/Profile/00ed0000001A204AAC""},""Id"":""00ed0000001A204AAC"",""Name"":""ASU Recruitment - Leads (ESISD)""}}},{""Parent"":{""Id"":""0PSd0000000r4s2GAA"",""Type"":""Profile"",""Label"":""00ed0000001A2dLAAS"",""PermissionSetGroupId"":null,""Profile"":{""attributes"":{""type"":""Profile"",""url"":""/services/data/v53.0/sobjects/Profile/00ed0000001A2dLAAS""},""Id"":""00ed0000001A2dLAAS"",""Name"":""ASU Service - Engineering - Dean's Office""}}},{""Parent"":{""Id"":""0PSd0000000r4tZGAQ"",""Type"":""Profile"",""Label"":""00ed0000001A2eaAAC"",""PermissionSetGroupId"":null,""Profile"":{""attributes"":{""type"":""Profile"",""url"":""/services/data/v53.0/sobjects/Profile/00ed0000001A2eaAAC""},""Id"":""00ed0000001A2eaAAC"",""Name"":""ASU Service - Engineering - GOEE""}}},{""Parent"":{""Id"":""0PSd0000000r4teGAA"",""Type"":""Profile"",""Label"":""00ed0000001A2efAAC"",""PermissionSetGroupId"":null,""Profile"":{""attributes"":{""type"":""Profile"",""url"":""/services/data/v53.0/sobjects/Profile/00ed0000001A2efAAC""},""Id"":""00ed0000001A2efAAC"",""Name"":""ASU Service - Engineering - Poly""}}},{""Parent"":{""Id"":""0PSd0000000r4tjGAA"",""Type"":""Profile"",""Label"":""00ed0000001A2ekAAC"",""PermissionSetGroupId"":null,""Profile"":{""attributes"":{""type"":""Profile"",""url"":""/services/data/v53.0/sobjects/Profile/00ed0000001A2ekAAC""},""Id"":""00ed0000001A2ekAAC"",""Name"":""ASU Service - Engineering - SBHSE""}}},{""Parent"":{""Id"":""0PSd0000000r4toGAA"",""Type"":""Profile"",""Label"":""00ed0000001A2epAAC"",""PermissionSetGroupId"":null,""Profile"":{""attributes"":{""type"":""Profile"",""url"":""/services/data/v53.0/sobjects/Profile/00ed0000001A2epAAC""},""Id"":""00ed0000001A2epAAC"",""Name"":""ASU Service - Engineering - SEMTE""}}},{""Parent"":{""Id"":""0PSd0000000r4ttGAA"",""Type"":""Profile"",""Label"":""00ed0000001A2euAAC"",""PermissionSetGroupId"":null,""Profile"":{""attributes"":{""type"":""Profile"",""url"":""/services/data/v53.0/sobjects/Profile/00ed0000001A2euAAC""},""Id"":""00ed0000001A2euAAC"",""Name"":""ASU Service - Engineering - SSEBE""}}},{""Parent"":{""Id"":""0PSd0000000r4tUGAQ"",""Type"":""Profile"",""Label"":""00ed0000001A2eVAAS"",""PermissionSetGroupId"":null,""Profile"":{""attributes"":{""type"":""Profile"",""url"":""/services/data/v53.0/sobjects/Profile/00ed0000001A2eVAAS""},""Id"":""00ed0000001A2eVAAS"",""Name"":""ASU Service - Engineering - ECEE""}}},{""Parent"":{""Id"":""0PSd0000000r4tyGAA"",""Type"":""Profile"",""Label"":""00ed0000001A2ezAAC"",""PermissionSetGroupId"":null,""Profile"":{""attributes"":{""type"":""Profile"",""url"":""/services/data/v53.0/sobjects/Profile/00ed0000001A2ezAAC""},""Id"":""00ed0000001A2ezAAC"",""Name"":""ASU Service - Engineering - CIDSE""}}},{""Parent"":{""Id"":""0PSd0000000r4bhGAA"",""Type"":""Profile"",""Label"":""00ed0000001A2QNAA0"",""PermissionSetGroupId"":null,""Profile"":{""attributes"":{""type"":""Profile"",""url"":""/services/data/v53.0/sobjects/Profile/00ed0000001A2QNAA0""},""Id"":""00ed0000001A2QNAA0"",""Name"":""ASU Service - Access ASU Outreach""}}},{""Parent"":{""Id"":""0PSd0000000r5c8GAA"",""Type"":""Profile"",""Label"":""00ed0000001A3CUAA0"",""PermissionSetGroupId"":null,""Profile"":{""attributes"":{""type"":""Profile"",""url"":""/services/data/v53.0/sobjects/Profile/00ed0000001A3CUAA0""},""Id"":""00ed0000001A3CUAA0"",""Name"":""ASU Service - New Student Programs""}}},{""Parent"":{""Id"":""0PSd0000000r6MUGAY"",""Type"":""Profile"",""Label"":""00ed0000001A3nIAAS"",""PermissionSetGroupId"":null,""Profile"":{""attributes"":{""type"":""Profile"",""url"":""/services/data/v53.0/sobjects/Profile/00ed0000001A3nIAAS""},""Id"":""00ed0000001A3nIAAS"",""Name"":""ASU Service - University Housing""}}},{""Parent"":{""Id"":""0PSd0000000r60sGAA"",""Type"":""Profile"",""Label"":""00ed0000001A3X8AAK"",""PermissionSetGroupId"":null,""Profile"":{""attributes"":{""type"":""Profile"",""url"":""/services/data/v53.0/sobjects/Profile/00ed0000001A3X8AAK""},""Id"":""00ed0000001A3X8AAK"",""Name"":""ASU Training - College of ASU""}}},{""Parent"":{""Id"":""0PSd0000000r60xGAA"",""Type"":""Profile"",""Label"":""00ed0000001A3XDAA0"",""PermissionSetGroupId"":null,""Profile"":{""attributes"":{""type"":""Profile"",""url"":""/services/data/v53.0/sobjects/Profile/00ed0000001A3XDAA0""},""Id"":""00ed0000001A3XDAA0"",""Name"":""ASU Training - Department of ASU""}}},{""Parent"":{""Id"":""0PSd0000000r6ggGAA"",""Type"":""Profile"",""Label"":""00ed0000001A41pAAC"",""PermissionSetGroupId"":null,""Profile"":{""attributes"":{""type"":""Profile"",""url"":""/services/data/v53.0/sobjects/Profile/00ed0000001A41pAAC""},""Id"":""00ed0000001A41pAAC"",""Name"":""ASU Service - Sustainability""}}},{""Parent"":{""Id"":""0PSd0000000r6pgGAA"",""Type"":""Profile"",""Label"":""00ed0000001A49IAAS"",""PermissionSetGroupId"":null,""Profile"":{""attributes"":{""type"":""Profile"",""url"":""/services/data/v53.0/sobjects/Profile/00ed0000001A49IAAS""},""Id"":""00ed0000001A49IAAS"",""Name"":""ASU Service - Teachers College""}}},{""Parent"":{""Id"":""0PSd0000000r7PNGAY"",""Type"":""Profile"",""Label"":""00ed0000001A4dEAAS"",""PermissionSetGroupId"":null,""Profile"":{""attributes"":{""type"":""Profile"",""url"":""/services/data/v53.0/sobjects/Profile/00ed0000001A4dEAAS""},""Id"":""00ed0000001A4dEAAS"",""Name"":""ASU Service - Public Service""}}},{""Parent"":{""Id"":""0PSd0000000r7C5GAI"",""Type"":""Profile"",""Label"":""00ed0000001A4OpAAK"",""PermissionSetGroupId"":null,""Profile"":{""attributes"":{""type"":""Profile"",""url"":""/services/data/v53.0/sobjects/Profile/00ed0000001A4OpAAK""},""Id"":""00ed0000001A4OpAAK"",""Name"":""ASU Service - Nursing""}}},{""Parent"":{""Id"":""0PSd0000000r7FiGAI"",""Type"":""Profile"",""Label"":""00ed0000001A4RAAA0"",""PermissionSetGroupId"":null,""Profile"":{""attributes"":{""type"":""Profile"",""url"":""/services/data/v53.0/sobjects/Profile/00ed0000001A4RAAA0""},""Id"":""00ed0000001A4RAAA0"",""Name"":""ASU Service - Health Solutions""}}},{""Parent"":{""Id"":""0PSd0000000r7nEGAQ"",""Type"":""Profile"",""Label"":""00ed0000001A4x8AAC"",""PermissionSetGroupId"":null,""Profile"":{""attributes"":{""type"":""Profile"",""url"":""/services/data/v53.0/sobjects/Profile/00ed0000001A4x8AAC""},""Id"":""00ed0000001A4x8AAC"",""Name"":""ASU Service - New College""}}},{""Parent"":{""Id"":""0PSd0000000r7tuGAA"",""Type"":""Profile"",""Label"":""00ed0000001A52VAAS"",""PermissionSetGroupId"":null,""Profile"":{""attributes"":{""type"":""Profile"",""url"":""/services/data/v53.0/sobjects/Profile/00ed0000001A52VAAS""},""Id"":""00ed0000001A52VAAS"",""Name"":""ASU Service - Universal Learner Courses""}}},{""Parent"":{""Id"":""0PSd0000000r7v8GAA"",""Type"":""Profile"",""Label"":""00ed0000001A53VAAS"",""PermissionSetGroupId"":null,""Profile"":{""attributes"":{""type"":""Profile"",""url"":""/services/data/v53.0/sobjects/Profile/00ed0000001A53VAAS""},""Id"":""00ed0000001A53VAAS"",""Name"":""ASU Service - LMS Support""}}},{""Parent"":{""Id"":""0PSd0000000r8fDGAQ"",""Type"":""Profile"",""Label"":""00ed0000001A5dbAAC"",""PermissionSetGroupId"":null,""Profile"":{""attributes"":{""type"":""Profile"",""url"":""/services/data/v53.0/sobjects/Profile/00ed0000001A5dbAAC""},""Id"":""00ed0000001A5dbAAC"",""Name"":""ASU Service - Academic Transfer Credit Solutions""}}},{""Parent"":{""Id"":""0PSd0000000r8gGGAQ"",""Type"":""Profile"",""Label"":""00ed0000001A5e5AAC"",""PermissionSetGroupId"":null,""Profile"":{""attributes"":{""type"":""Profile"",""url"":""/services/data/v53.0/sobjects/Profile/00ed0000001A5e5AAC""},""Id"":""00ed0000001A5e5AAC"",""Name"":""ASU Service - TC - Dean's Office""}}},{""Parent"":{""Id"":""0PSd0000000r8zQGAQ"",""Type"":""Profile"",""Label"":""00ed0000001A5pHAAS"",""PermissionSetGroupId"":null,""Profile"":{""attributes"":{""type"":""Profile"",""url"":""/services/data/v53.0/sobjects/Profile/00ed0000001A5pHAAS""},""Id"":""00ed0000001A5pHAAS"",""Name"":""ASU Service - TC - English""}}},{""Parent"":{""Id"":""0PSd0000000r8zVGAQ"",""Type"":""Profile"",""Label"":""00ed0000001A5pMAAS"",""PermissionSetGroupId"":null,""Profile"":{""attributes"":{""type"":""Profile"",""url"":""/services/data/v53.0/sobjects/Profile/00ed0000001A5pMAAS""},""Id"":""00ed0000001A5pMAAS"",""Name"":""ASU Service - TC - SILC""}}},{""Parent"":{""Id"":""0PSd0000000r8zaGAA"",""Type"":""Profile"",""Label"":""00ed0000001A5pRAAS"",""PermissionSetGroupId"":null,""Profile"":{""attributes"":{""type"":""Profile"",""url"":""/services/data/v53.0/sobjects/Profile/00ed0000001A5pRAAS""},""Id"":""00ed0000001A5pRAAS"",""Name"":""ASU Service - TC - SHPRS""}}},{""Parent"":{""Id"":""0PSd0000000r93BGAQ"",""Type"":""Profile"",""Label"":""00ed0000001A5rcAAC"",""PermissionSetGroupId"":null,""Profile"":{""attributes"":{""type"":""Profile"",""url"":""/services/data/v53.0/sobjects/Profile/00ed0000001A5rcAAC""},""Id"":""00ed0000001A5rcAAC"",""Name"":""ASU Service - TC - SESE""}}},{""Parent"":{""Id"":""0PSd0000000r92mGAA"",""Type"":""Profile"",""Label"":""00ed0000001A5rDAAS"",""PermissionSetGroupId"":null,""Profile"":{""attributes"":{""type"":""Profile"",""url"":""/services/data/v53.0/sobjects/Profile/00ed0000001A5rDAAS""},""Id"":""00ed0000001A5rDAAS"",""Name"":""ASU Service - TC - SOLS""}}},{""Parent"":{""Id"":""0PSd0000000r92rGAA"",""Type"":""Profile"",""Label"":""00ed0000001A5rIAAS"",""PermissionSetGroupId"":null,""Profile"":{""attributes"":{""type"":""Profile"",""url"":""/services/data/v53.0/sobjects/Profile/00ed0000001A5rIAAS""},""Id"":""00ed0000001A5rIAAS"",""Name"":""ASU Service - TC - SoMSS""}}},{""Parent"":{""Id"":""0PSd0000000r92wGAA"",""Type"":""Profile"",""Label"":""00ed0000001A5rNAAS"",""PermissionSetGroupId"":null,""Profile"":{""attributes"":{""type"":""Profile"",""url"":""/services/data/v53.0/sobjects/Profile/00ed0000001A5rNAAS""},""Id"":""00ed0000001A5rNAAS"",""Name"":""ASU Service - TC  - SMS""}}},{""Parent"":{""Id"":""0PSd0000000r931GAA"",""Type"":""Profile"",""Label"":""00ed0000001A5rSAAS"",""PermissionSetGroupId"":null,""Profile"":{""attributes"":{""type"":""Profile"",""url"":""/services/data/v53.0/sobjects/Profile/00ed0000001A5rSAAS""},""Id"":""00ed0000001A5rSAAS"",""Name"":""ASU Service - TC - Physics""}}},{""Parent"":{""Id"":""0PSd0000000r936GAA"",""Type"":""Profile"",""Label"":""00ed0000001A5rXAAS"",""PermissionSetGroupId"":null,""Profile"":{""attributes"":{""type"":""Profile"",""url"":""/services/data/v53.0/sobjects/Profile/00ed0000001A5rXAAS""},""Id"":""00ed0000001A5rXAAS"",""Name"":""ASU Service - TC - Psychology""}}},{""Parent"":{""Id"":""0PSd0000000r8PUGAY"",""Type"":""Profile"",""Label"":""00ed0000001A5S7AAK"",""PermissionSetGroupId"":null,""Profile"":{""attributes"":{""type"":""Profile"",""url"":""/services/data/v53.0/sobjects/Profile/00ed0000001A5S7AAK""},""Id"":""00ed0000001A5S7AAK"",""Name"":""ASU Service - Curricular Activities and Actions""}}},{""Parent"":{""Id"":""0PSd0000000r97mGAA"",""Type"":""Profile"",""Label"":""00ed0000001A5udAAC"",""PermissionSetGroupId"":null,""Profile"":{""attributes"":{""type"":""Profile"",""url"":""/services/data/v53.0/sobjects/Profile/00ed0000001A5udAAC""},""Id"":""00ed0000001A5udAAC"",""Name"":""ASU Service - TC - STS""}}},{""Parent"":{""Id"":""0PSd0000000r97SGAQ"",""Type"":""Profile"",""Label"":""00ed0000001A5uJAAS"",""PermissionSetGroupId"":null,""Profile"":{""attributes"":{""type"":""Profile"",""url"":""/services/data/v53.0/sobjects/Profile/00ed0000001A5uJAAS""},""Id"":""00ed0000001A5uJAAS"",""Name"":""ASU Service - TC - SGSUP""}}},{""Parent"":{""Id"":""0PSd0000000r97XGAQ"",""Type"":""Profile"",""Label"":""00ed0000001A5uOAAS"",""PermissionSetGroupId"":null,""Profile"":{""attributes"":{""type"":""Profile"",""url"":""/services/data/v53.0/sobjects/Profile/00ed0000001A5uOAAS""},""Id"":""00ed0000001A5uOAAS"",""Name"":""ASU Service - TC - HDSHC""}}},{""Parent"":{""Id"":""0PSd0000000r97cGAA"",""Type"":""Profile"",""Label"":""00ed0000001A5uTAAS"",""PermissionSetGroupId"":null,""Profile"":{""attributes"":{""type"":""Profile"",""url"":""/services/data/v53.0/sobjects/Profile/00ed0000001A5uTAAS""},""Id"":""00ed0000001A5uTAAS"",""Name"":""ASU Service - TC - SPGS""}}},{""Parent"":{""Id"":""0PSd0000000r97hGAA"",""Type"":""Profile"",""Label"":""00ed0000001A5uYAAS"",""PermissionSetGroupId"":null,""Profile"":{""attributes"":{""type"":""Profile"",""url"":""/services/data/v53.0/sobjects/Profile/00ed0000001A5uYAAS""},""Id"":""00ed0000001A5uYAAS"",""Name"":""ASU Service - TC - SHESC""}}},{""Parent"":{""Id"":""0PSd0000000r9AFGAY"",""Type"":""Profile"",""Label"":""00ed0000001A5vnAAC"",""PermissionSetGroupId"":null,""Profile"":{""attributes"":{""type"":""Profile"",""url"":""/services/data/v53.0/sobjects/Profile/00ed0000001A5vnAAC""},""Id"":""00ed0000001A5vnAAC"",""Name"":""ASU Service - Integrative Sciences and Arts""}}},{""Parent"":{""Id"":""0PSd0000000r8ZaGAI"",""Type"":""Profile"",""Label"":""00ed0000001A5ZRAA0"",""PermissionSetGroupId"":null,""Profile"":{""attributes"":{""type"":""Profile"",""url"":""/services/data/v53.0/sobjects/Profile/00ed0000001A5ZRAA0""},""Id"":""00ed0000001A5ZRAA0"",""Name"":""ASU Service - Global Education Office""}}},{""Parent"":{""Id"":""0PSd0000000rAdhGAE"",""Type"":""Profile"",""Label"":""00ed0000001A6alAAC"",""PermissionSetGroupId"":null,""Profile"":{""attributes"":{""type"":""Profile"",""url"":""/services/data/v53.0/sobjects/Profile/00ed0000001A6alAAC""},""Id"":""00ed0000001A6alAAC"",""Name"":""ASU Service - Student & Cultural Engagement""}}},{""Parent"":{""Id"":""0PSd0000000rAdmGAE"",""Type"":""Profile"",""Label"":""00ed0000001A6aqAAC"",""PermissionSetGroupId"":null,""Profile"":{""attributes"":{""type"":""Profile"",""url"":""/services/data/v53.0/sobjects/Profile/00ed0000001A6aqAAC""},""Id"":""00ed0000001A6aqAAC"",""Name"":""ASU Service - International Student Engagement""}}},{""Parent"":{""Id"":""0PSd0000000rAdrGAE"",""Type"":""Profile"",""Label"":""00ed0000001A6avAAC"",""PermissionSetGroupId"":null,""Profile"":{""attributes"":{""type"":""Profile"",""url"":""/services/data/v53.0/sobjects/Profile/00ed0000001A6avAAC""},""Id"":""00ed0000001A6avAAC"",""Name"":""ASU Service - Changemaker Central""}}},{""Parent"":{""Id"":""0PSd0000001o7EsGAI"",""Type"":""Profile"",""Label"":""00ed0000002FFRcAAO"",""PermissionSetGroupId"":null,""Profile"":{""attributes"":{""type"":""Profile"",""url"":""/services/data/v53.0/sobjects/Profile/00ed0000002FFRcAAO""},""Id"":""00ed0000002FFRcAAO"",""Name"":""ASU Recruitment - Freshman Recruiter (Temp Access to Org Wide)""}}},{""Parent"":{""Id"":""0PSd0000001o7ETGAY"",""Type"":""Profile"",""Label"":""00ed0000002FFRSAA4"",""PermissionSetGroupId"":null,""Profile"":{""attributes"":{""type"":""Profile"",""url"":""/services/data/v53.0/sobjects/Profile/00ed0000002FFRSAA4""},""Id"":""00ed0000002FFRSAA4"",""Name"":""ASU Service - Sun Devil Athletics""}}},{""Parent"":{""Id"":""0PSd0000001o7HmGAI"",""Type"":""Profile"",""Label"":""00ed0000002FFSLAA4"",""PermissionSetGroupId"":null,""Profile"":{""attributes"":{""type"":""Profile"",""url"":""/services/data/v53.0/sobjects/Profile/00ed0000002FFSLAA4""},""Id"":""00ed0000002FFSLAA4"",""Name"":""ASU Service - Office of the President (Temp Access to Org Wide)""}}},{""Parent"":{""Id"":""0PSd0000001o7VKGAY"",""Type"":""Profile"",""Label"":""00ed0000002FFY4AAO"",""PermissionSetGroupId"":null,""Profile"":{""attributes"":{""type"":""Profile"",""url"":""/services/data/v53.0/sobjects/Profile/00ed0000002FFY4AAO""},""Id"":""00ed0000002FFY4AAO"",""Name"":""ASU Service - ASU-USA Pathways""}}},{""Parent"":{""Id"":""0PSd0000001sK82GAE"",""Type"":""Profile"",""Label"":""00ed0000002JRvSAAW"",""PermissionSetGroupId"":null,""Profile"":{""attributes"":{""type"":""Profile"",""url"":""/services/data/v53.0/sobjects/Profile/00ed0000002JRvSAAW""},""Id"":""00ed0000002JRvSAAW"",""Name"":""ASU Service - First in the World Grant""}}},{""Parent"":{""Id"":""0PSd0000001sKJBGA2"",""Type"":""Profile"",""Label"":""00ed0000002JRyMAAW"",""PermissionSetGroupId"":null,""Profile"":{""attributes"":{""type"":""Profile"",""url"":""/services/data/v53.0/sobjects/Profile/00ed0000002JRyMAAW""},""Id"":""00ed0000002JRyMAAW"",""Name"":""ASU Service - ITCSS Library Services""}}},{""Parent"":{""Id"":""0PSd0000001sKNNGA2"",""Type"":""Profile"",""Label"":""00ed0000002JS0DAAW"",""PermissionSetGroupId"":null,""Profile"":{""attributes"":{""type"":""Profile"",""url"":""/services/data/v53.0/sobjects/Profile/00ed0000002JS0DAAW""},""Id"":""00ed0000002JS0DAAW"",""Name"":""ASU Service - Success Coach""}}},{""Parent"":{""Id"":""0PSd0000001sKO6GAM"",""Type"":""Profile"",""Label"":""00ed0000002JS0NAAW"",""PermissionSetGroupId"":null,""Profile"":{""attributes"":{""type"":""Profile"",""url"":""/services/data/v53.0/sobjects/Profile/00ed0000002JS0NAAW""},""Id"":""00ed0000002JS0NAAW"",""Name"":""ASU Service - TC - ISSR""}}},{""Parent"":{""Id"":""0PSd0000001jxObGAI"",""Type"":""Profile"",""Label"":""00ed0000002NelYAAS"",""PermissionSetGroupId"":null,""Profile"":{""attributes"":{""type"":""Profile"",""url"":""/services/data/v53.0/sobjects/Profile/00ed0000002NelYAAS""},""Id"":""00ed0000002NelYAAS"",""Name"":""ASU Service - Academic Partnerships""}}},{""Parent"":{""Id"":""0PSd0000001jxa8GAA"",""Type"":""Profile"",""Label"":""00ed0000002Neq4AAC"",""PermissionSetGroupId"":null,""Profile"":{""attributes"":{""type"":""Profile"",""url"":""/services/data/v53.0/sobjects/Profile/00ed0000002Neq4AAC""},""Id"":""00ed0000002Neq4AAC"",""Name"":""ASU Service - Student Accessibility and Inclusive Learning Services""}}},{""Parent"":{""Id"":""0PSd0000000oWPgGAM"",""Type"":""Profile"",""Label"":""00ex00000018ozT_128_09_43_34_1"",""PermissionSetGroupId"":null,""Profile"":{""attributes"":{""type"":""Profile"",""url"":""/services/data/v53.0/sobjects/Profile/00ed00000017IobAAE""},""Id"":""00ed00000017IobAAE"",""Name"":""System Administrator""}}},{""Parent"":{""Id"":""0PSd0000000H3uZGAS"",""Type"":""Regular"",""Label"":""Additional BA Permissions"",""PermissionSetGroupId"":null,""Profile"":null}},{""Parent"":{""Id"":""0PSd0000000r41HGAQ"",""Type"":""Regular"",""Label"":""Case View-Create-Edit Admission Services"",""PermissionSetGroupId"":null,""Profile"":null}},{""Parent"":{""Id"":""0PS6T000001CZGsWAO"",""Type"":""Regular"",""Label"":""Role: EdPlus Coach Portal (Non-Success Coach)"",""PermissionSetGroupId"":null,""Profile"":null}}]"
"066d0000003BFsVAAW","CaseTransferMass","[{""Parent"":{""Id"":""0PSd0000001sKNNGA2"",""Type"":""Profile"",""Label"":""00ed0000002JS0DAAW"",""PermissionSetGroupId"":null,""Profile"":{""attributes"":{""type"":""Profile"",""url"":""/services/data/v53.0/sobjects/Profile/00ed0000002JS0DAAW""},""Id"":""00ed0000002JS0DAAW"",""Name"":""ASU Service - Success Coach""}}},{""Parent"":{""Id"":""0PSd0000000oWPgGAM"",""Type"":""Profile"",""Label"":""00ex00000018ozT_128_09_43_34_1"",""PermissionSetGroupId"":null,""Profile"":{""attributes"":{""type"":""Profile"",""url"":""/services/data/v53.0/sobjects/Profile/00ed00000017IobAAE""},""Id"":""00ed00000017IobAAE"",""Name"":""System Administrator""}}},{""Parent"":{""Id"":""0PSd0000000qzdAGAQ"",""Type"":""Regular"",""Label"":""Case Management Full Access"",""PermissionSetGroupId"":null,""Profile"":null}},{""Parent"":{""Id"":""0PSd0000001sKhEGAU"",""Type"":""Regular"",""Label"":""Role: Academic Advisor Portal (Service Users)"",""PermissionSetGroupId"":null,""Profile"":null}},{""Parent"":{""Id"":""0PS6T000001CZGsWAO"",""Type"":""Regular"",""Label"":""Role: EdPlus Coach Portal (Non-Success Coach)"",""PermissionSetGroupId"":null,""Profile"":null}}]"
"066d0000002AVS2AAO","ChangePassword","[{""Parent"":{""Id"":""0PSd0000000qzl5GAA"",""Type"":""Profile"",""Label"":""00ed00000019yKBAAY"",""PermissionSetGroupId"":null,""Profile"":{""attributes"":{""type"":""Profile"",""url"":""/services/data/v53.0/sobjects/Profile/00ed00000019yKBAAY""},""Id"":""00ed00000019yKBAAY"",""Name"":""ASU View All Data""}}},{""Parent"":{""Id"":""0PSd0000000oWPgGAM"",""Type"":""Profile"",""Label"":""00ex00000018ozT_128_09_43_34_1"",""PermissionSetGroupId"":null,""Profile"":{""attributes"":{""type"":""Profile"",""url"":""/services/data/v53.0/sobjects/Profile/00ed00000017IobAAE""},""Id"":""00ed00000017IobAAE"",""Name"":""System Administrator""}}},{""Parent"":{""Id"":""0PSd0000000quKmGAI"",""Type"":""Regular"",""Label"":""Additional Administrator Permissions"",""PermissionSetGroupId"":null,""Profile"":null}}]"
"066d0000002ykFKAAY","CoachPortalMainPage","[{""Parent"":{""Id"":""0PSd0000001sKNNGA2"",""Type"":""Profile"",""Label"":""00ed0000002JS0DAAW"",""PermissionSetGroupId"":null,""Profile"":{""attributes"":{""type"":""Profile"",""url"":""/services/data/v53.0/sobjects/Profile/00ed0000002JS0DAAW""},""Id"":""00ed0000002JS0DAAW"",""Name"":""ASU Service - Success Coach""}}},{""Parent"":{""Id"":""0PSd0000000oWPgGAM"",""Type"":""Profile"",""Label"":""00ex00000018ozT_128_09_43_34_1"",""PermissionSetGroupId"":null,""Profile"":{""attributes"":{""type"":""Profile"",""url"":""/services/data/v53.0/sobjects/Profile/00ed00000017IobAAE""},""Id"":""00ed00000017IobAAE"",""Name"":""System Administrator""}}},{""Parent"":{""Id"":""0PS6T000001CZGsWAO"",""Type"":""Regular"",""Label"":""Role: EdPlus Coach Portal (Non-Success Coach)"",""PermissionSetGroupId"":null,""Profile"":null}}]"
"066d0000003BFIqAAO","CommunicationHistory","[{""Parent"":{""Id"":""0PS0W000001CNqIWAW"",""Type"":""Profile"",""Label"":""00e0W000001hh6oQAA"",""PermissionSetGroupId"":null,""Profile"":{""attributes"":{""type"":""Profile"",""url"":""/services/data/v53.0/sobjects/Profile/00e0W000001hh6oQAA""},""Id"":""00e0W000001hh6oQAA"",""Name"":""ASU Service - MasterCard Program""}}},{""Parent"":{""Id"":""0PS0W000001CNy2WAG"",""Type"":""Profile"",""Label"":""00e0W000001hhAbQAI"",""PermissionSetGroupId"":null,""Profile"":{""attributes"":{""type"":""Profile"",""url"":""/services/data/v53.0/sobjects/Profile/00e0W000001hhAbQAI""},""Id"":""00e0W000001hhAbQAI"",""Name"":""ASU Service - Public Service Academy""}}},{""Parent"":{""Id"":""0PS0W000001COffWAG"",""Type"":""Profile"",""Label"":""00e0W000001hhfyQAA"",""PermissionSetGroupId"":null,""Profile"":{""attributes"":{""type"":""Profile"",""url"":""/services/data/v53.0/sobjects/Profile/00e0W000001hhfyQAA""},""Id"":""00e0W000001hhfyQAA"",""Name"":""ASU Service - Biosafety""}}},{""Parent"":{""Id"":""0PS0W000001CO7YWAW"",""Type"":""Profile"",""Label"":""00e0W000001hhI6QAI"",""PermissionSetGroupId"":null,""Profile"":{""attributes"":{""type"":""Profile"",""url"":""/services/data/v53.0/sobjects/Profile/00e0W000001hhI6QAI""},""Id"":""00e0W000001hhI6QAI"",""Name"":""ASU Service - New College Deans Office""}}},{""Parent"":{""Id"":""0PS0W000001CO8CWAW"",""Type"":""Profile"",""Label"":""00e0W000001hhIfQAI"",""PermissionSetGroupId"":null,""Profile"":{""attributes"":{""type"":""Profile"",""url"":""/services/data/v53.0/sobjects/Profile/00e0W000001hhIfQAI""},""Id"":""00e0W000001hhIfQAI"",""Name"":""ASU Service - Engineering - K12 Engineering Education""}}},{""Parent"":{""Id"":""0PS0W000001GgWMWA0"",""Type"":""Profile"",""Label"":""00e0W000001lvaCQAQ"",""PermissionSetGroupId"":null,""Profile"":{""attributes"":{""type"":""Profile"",""url"":""/services/data/v53.0/sobjects/Profile/00e0W000001lvaCQAQ""},""Id"":""00e0W000001lvaCQAQ"",""Name"":""ASU Service - University Events & Protocol""}}},{""Parent"":{""Id"":""0PS0W000001Gga4WAC"",""Type"":""Profile"",""Label"":""00e0W000001lvb5QAA"",""PermissionSetGroupId"":null,""Profile"":{""attributes"":{""type"":""Profile"",""url"":""/services/data/v53.0/sobjects/Profile/00e0W000001lvb5QAA""},""Id"":""00e0W000001lvb5QAA"",""Name"":""ASU Service - Psychology Research Advancement""}}},{""Parent"":{""Id"":""0PS0W000001GgbCWAS"",""Type"":""Profile"",""Label"":""00e0W000001lvbKQAQ"",""PermissionSetGroupId"":null,""Profile"":{""attributes"":{""type"":""Profile"",""url"":""/services/data/v53.0/sobjects/Profile/00e0W000001lvbKQAQ""},""Id"":""00e0W000001lvbKQAQ"",""Name"":""ASU Service - ASU Local""}}},{""Parent"":{""Id"":""0PS0W000001GgfJWAS"",""Type"":""Profile"",""Label"":""00e0W000001lvcIQAQ"",""PermissionSetGroupId"":null,""Profile"":{""attributes"":{""type"":""Profile"",""url"":""/services/data/v53.0/sobjects/Profile/00e0W000001lvcIQAQ""},""Id"":""00e0W000001lvcIQAQ"",""Name"":""ASU Service - The College - Interplanetary Initiatives""}}},{""Parent"":{""Id"":""0PS0W000001GgzxWAC"",""Type"":""Profile"",""Label"":""00e0W000001lvdaQAA"",""PermissionSetGroupId"":null,""Profile"":{""attributes"":{""type"":""Profile"",""url"":""/services/data/v53.0/sobjects/Profile/00e0W000001lvdaQAA""},""Id"":""00e0W000001lvdaQAA"",""Name"":""ASU Service - Watts Bridging Success""}}},{""Parent"":{""Id"":""0PS0W000001GftOWAS"",""Type"":""Profile"",""Label"":""00e0W000001lvOQQAY"",""PermissionSetGroupId"":null,""Profile"":{""attributes"":{""type"":""Profile"",""url"":""/services/data/v53.0/sobjects/Profile/00e0W000001lvOQQAY""},""Id"":""00e0W000001lvOQQAY"",""Name"":""ASU Service - ASU Family Programs""}}},{""Parent"":{""Id"":""0PS0W000001Gg0eWAC"",""Type"":""Profile"",""Label"":""00e0W000001lvQvQAI"",""PermissionSetGroupId"":null,""Profile"":{""attributes"":{""type"":""Profile"",""url"":""/services/data/v53.0/sobjects/Profile/00e0W000001lvQvQAI""},""Id"":""00e0W000001lvQvQAI"",""Name"":""ASU Service - TC SOLS Academic Integrity""}}},{""Parent"":{""Id"":""0PS0W000001GiExWAK"",""Type"":""Profile"",""Label"":""00e0W000001lvubQAA"",""PermissionSetGroupId"":null,""Profile"":{""attributes"":{""type"":""Profile"",""url"":""/services/data/v53.0/sobjects/Profile/00e0W000001lvubQAA""},""Id"":""00e0W000001lvubQAA"",""Name"":""ASU Service - DNASU Plasmid Repository""}}},{""Parent"":{""Id"":""0PS0W000001bgzVWAQ"",""Type"":""Profile"",""Label"":""00e0W000001yXmFQAU"",""PermissionSetGroupId"":null,""Profile"":{""attributes"":{""type"":""Profile"",""url"":""/services/data/v53.0/sobjects/Profile/00e0W000001yXmFQAU""},""Id"":""00e0W000001yXmFQAU"",""Name"":""ASU Recruitment - Team (ESISD)""}}},{""Parent"":{""Id"":""0PS0W000001P1NAWA0"",""Type"":""Profile"",""Label"":""00e0W0000022hBdQAI"",""PermissionSetGroupId"":null,""Profile"":{""attributes"":{""type"":""Profile"",""url"":""/services/data/v53.0/sobjects/Profile/00e0W0000022hBdQAI""},""Id"":""00e0W0000022hBdQAI"",""Name"":""ASU Service - Success Courses""}}},{""Parent"":{""Id"":""0PS0W000001fphCWAQ"",""Type"":""Profile"",""Label"":""00e0W0000026u4qQAA"",""PermissionSetGroupId"":null,""Profile"":{""attributes"":{""type"":""Profile"",""url"":""/services/data/v53.0/sobjects/Profile/00e0W0000026u4qQAA""},""Id"":""00e0W0000026u4qQAA"",""Name"":""ASU Service - Opportunities for Youth""}}},{""Parent"":{""Id"":""0PS0W000001KoULWA0"",""Type"":""Profile"",""Label"":""00e0W000002B4xjQAC"",""PermissionSetGroupId"":null,""Profile"":{""attributes"":{""type"":""Profile"",""url"":""/services/data/v53.0/sobjects/Profile/00e0W000002B4xjQAC""},""Id"":""00e0W000002B4xjQAC"",""Name"":""ASU Service - ATCS and Study Abroad""}}},{""Parent"":{""Id"":""0PS0W000001KpSQWA0"",""Type"":""Profile"",""Label"":""00e0W000002B5TBQA0"",""PermissionSetGroupId"":null,""Profile"":{""attributes"":{""type"":""Profile"",""url"":""/services/data/v53.0/sobjects/Profile/00e0W000002B5TBQA0""},""Id"":""00e0W000002B5TBQA0"",""Name"":""ASU Service - TC - SCETL""}}},{""Parent"":{""Id"":""0PS0W000001sbaPWAQ"",""Type"":""Profile"",""Label"":""00e0W000002JZOFQA4"",""PermissionSetGroupId"":null,""Profile"":{""attributes"":{""type"":""Profile"",""url"":""/services/data/v53.0/sobjects/Profile/00e0W000002JZOFQA4""},""Id"":""00e0W000002JZOFQA4"",""Name"":""ASU Service - Explore""}}},{""Parent"":{""Id"":""0PS0W000001sbktWAA"",""Type"":""Profile"",""Label"":""00e0W000002JZROQA4"",""PermissionSetGroupId"":null,""Profile"":{""attributes"":{""type"":""Profile"",""url"":""/services/data/v53.0/sobjects/Profile/00e0W000002JZROQA4""},""Id"":""00e0W000002JZROQA4"",""Name"":""ASU Service - College of Global Futures""}}},{""Parent"":{""Id"":""0PS0W000001jz1PWAQ"",""Type"":""Profile"",""Label"":""00e0W000002NfGqQAK"",""PermissionSetGroupId"":null,""Profile"":{""attributes"":{""type"":""Profile"",""url"":""/services/data/v53.0/sobjects/Profile/00e0W000002NfGqQAK""},""Id"":""00e0W000002NfGqQAK"",""Name"":""ASU Service - Enrollment Analysis""}}},{""Parent"":{""Id"":""0PS0W000001k9UOWAY"",""Type"":""Profile"",""Label"":""00e0W000002NjQ0QAK"",""PermissionSetGroupId"":null,""Profile"":{""attributes"":{""type"":""Profile"",""url"":""/services/data/v53.0/sobjects/Profile/00e0W000002NjQ0QAK""},""Id"":""00e0W000002NjQ0QAK"",""Name"":""ASU Service - International Students and Scholars Center SMS""}}},{""Parent"":{""Id"":""0PS6T000001CZe3WAG"",""Type"":""Profile"",""Label"":""00e6T000001hlA1QAI"",""PermissionSetGroupId"":null,""Profile"":{""attributes"":{""type"":""Profile"",""url"":""/services/data/v53.0/sobjects/Profile/00e6T000001hlA1QAI""},""Id"":""00e6T000001hlA1QAI"",""Name"":""ASU Service - Engineering - Poly HR""}}},{""Parent"":{""Id"":""0PS6T000001k9crWAA"",""Type"":""Profile"",""Label"":""00e6T000002NjQeQAK"",""PermissionSetGroupId"":null,""Profile"":{""attributes"":{""type"":""Profile"",""url"":""/services/data/v53.0/sobjects/Profile/00e6T000002NjQeQAK""},""Id"":""00e6T000002NjQeQAK"",""Name"":""ASU Service - Information Technology Support Hub""}}},{""Parent"":{""Id"":""0PS6T000001kAE8WAM"",""Type"":""Profile"",""Label"":""00e6T000002NjSuQAK"",""PermissionSetGroupId"":null,""Profile"":{""attributes"":{""type"":""Profile"",""url"":""/services/data/v53.0/sobjects/Profile/00e6T000002NjSuQAK""},""Id"":""00e6T000002NjSuQAK"",""Name"":""ASU Service - SMS API""}}},{""Parent"":{""Id"":""0PSd0000000H441GAC"",""Type"":""Profile"",""Label"":""00ed0000000jbjMAAQ"",""PermissionSetGroupId"":null,""Profile"":{""attributes"":{""type"":""Profile"",""url"":""/services/data/v53.0/sobjects/Profile/00ed0000000jbjMAAQ""},""Id"":""00ed0000000jbjMAAQ"",""Name"":""ASU Service - Design and the Arts""}}},{""Parent"":{""Id"":""0PSd0000000H4AQGA0"",""Type"":""Profile"",""Label"":""00ed0000000jbo2AAA"",""PermissionSetGroupId"":null,""Profile"":{""attributes"":{""type"":""Profile"",""url"":""/services/data/v53.0/sobjects/Profile/00ed0000000jbo2AAA""},""Id"":""00ed0000000jbo2AAA"",""Name"":""ASU Service - International Initiatives Graduate Education""}}},{""Parent"":{""Id"":""0PSd0000000H4BxGAK"",""Type"":""Profile"",""Label"":""00ed0000000jboMAAQ"",""PermissionSetGroupId"":null,""Profile"":{""attributes"":{""type"":""Profile"",""url"":""/services/data/v53.0/sobjects/Profile/00ed0000000jboMAAQ""},""Id"":""00ed0000000jboMAAQ"",""Name"":""ASU Service - W. P. Carey Business""}}},{""Parent"":{""Id"":""0PSd0000000H4C2GAK"",""Type"":""Profile"",""Label"":""00ed0000000jboRAAQ"",""PermissionSetGroupId"":null,""Profile"":{""attributes"":{""type"":""Profile"",""url"":""/services/data/v53.0/sobjects/Profile/00ed0000000jboRAAQ""},""Id"":""00ed0000000jboRAAQ"",""Name"":""ASU Service - Parking and Transit Services""}}},{""Parent"":{""Id"":""0PSd0000000H4C7GAK"",""Type"":""Profile"",""Label"":""00ed0000000jboWAAQ"",""PermissionSetGroupId"":null,""Profile"":{""attributes"":{""type"":""Profile"",""url"":""/services/data/v53.0/sobjects/Profile/00ed0000000jboWAAQ""},""Id"":""00ed0000000jboWAAQ"",""Name"":""ASU Service - First Year Success Center""}}},{""Parent"":{""Id"":""0PSd0000000H4J3GAK"",""Type"":""Profile"",""Label"":""00ed0000000jbqhAAA"",""PermissionSetGroupId"":null,""Profile"":{""attributes"":{""type"":""Profile"",""url"":""/services/data/v53.0/sobjects/Profile/00ed0000000jbqhAAA""},""Id"":""00ed0000000jbqhAAA"",""Name"":""ASU Service - Pat Tillman Veteran Center""}}},{""Parent"":{""Id"":""0PSd0000000H4J8GAK"",""Type"":""Profile"",""Label"":""00ed0000000jbqmAAA"",""PermissionSetGroupId"":null,""Profile"":{""attributes"":{""type"":""Profile"",""url"":""/services/data/v53.0/sobjects/Profile/00ed0000000jbqmAAA""},""Id"":""00ed0000000jbqmAAA"",""Name"":""ASU Service - Thunderbird""}}},{""Parent"":{""Id"":""0PSd0000000H4N0GAK"",""Type"":""Profile"",""Label"":""00ed0000000jbtHAAQ"",""PermissionSetGroupId"":null,""Profile"":{""attributes"":{""type"":""Profile"",""url"":""/services/data/v53.0/sobjects/Profile/00ed0000000jbtHAAQ""},""Id"":""00ed0000000jbtHAAQ"",""Name"":""ASU Service - EOSS""}}},{""Parent"":{""Id"":""0PSd0000000H4N5GAK"",""Type"":""Profile"",""Label"":""00ed0000000jbtMAAQ"",""PermissionSetGroupId"":null,""Profile"":{""attributes"":{""type"":""Profile"",""url"":""/services/data/v53.0/sobjects/Profile/00ed0000000jbtMAAQ""},""Id"":""00ed0000000jbtMAAQ"",""Name"":""ASU Service - Sun Devil Card Services""}}},{""Parent"":{""Id"":""0PSd0000000H4NAGA0"",""Type"":""Profile"",""Label"":""00ed0000000jbtRAAQ"",""PermissionSetGroupId"":null,""Profile"":{""attributes"":{""type"":""Profile"",""url"":""/services/data/v53.0/sobjects/Profile/00ed0000000jbtRAAQ""},""Id"":""00ed0000000jbtRAAQ"",""Name"":""ASU Service - Career Services""}}},{""Parent"":{""Id"":""0PSd0000000H4PVGA0"",""Type"":""Profile"",""Label"":""00ed0000000jbu5AAA"",""PermissionSetGroupId"":null,""Profile"":{""attributes"":{""type"":""Profile"",""url"":""/services/data/v53.0/sobjects/Profile/00ed0000000jbu5AAA""},""Id"":""00ed0000000jbu5AAA"",""Name"":""ASU Service - University Academic Success Programs""}}},{""Parent"":{""Id"":""0PSd0000000H4PaGAK"",""Type"":""Profile"",""Label"":""00ed0000000jbuAAAQ"",""PermissionSetGroupId"":null,""Profile"":{""attributes"":{""type"":""Profile"",""url"":""/services/data/v53.0/sobjects/Profile/00ed0000000jbuAAAQ""},""Id"":""00ed0000000jbuAAAQ"",""Name"":""ASU Service - Honors""}}},{""Parent"":{""Id"":""0PSd0000000H4QTGA0"",""Type"":""Profile"",""Label"":""00ed0000000jbujAAA"",""PermissionSetGroupId"":null,""Profile"":{""attributes"":{""type"":""Profile"",""url"":""/services/data/v53.0/sobjects/Profile/00ed0000000jbujAAA""},""Id"":""00ed0000000jbujAAA"",""Name"":""ASU Service - Journalism""}}},{""Parent"":{""Id"":""0PSd0000000H4QYGA0"",""Type"":""Profile"",""Label"":""00ed0000000jbuoAAA"",""PermissionSetGroupId"":null,""Profile"":{""attributes"":{""type"":""Profile"",""url"":""/services/data/v53.0/sobjects/Profile/00ed0000000jbuoAAA""},""Id"":""00ed0000000jbuoAAA"",""Name"":""ASU Service - Office of the University Provost""}}},{""Parent"":{""Id"":""0PSd0000000H3g5GAC"",""Type"":""Profile"",""Label"":""00ed0000000jbV9AAI"",""PermissionSetGroupId"":null,""Profile"":{""attributes"":{""type"":""Profile"",""url"":""/services/data/v53.0/sobjects/Profile/00ed0000000jbV9AAI""},""Id"":""00ed0000000jbV9AAI"",""Name"":""ASU Service - TC - AIS""}}},{""Parent"":{""Id"":""0PSd0000000H3gAGAS"",""Type"":""Profile"",""Label"":""00ed0000000jbVEAAY"",""PermissionSetGroupId"":null,""Profile"":{""attributes"":{""type"":""Profile"",""url"":""/services/data/v53.0/sobjects/Profile/00ed0000000jbVEAAY""},""Id"":""00ed0000000jbVEAAY"",""Name"":""ASU Service - TC  - The Sanford School""}}},{""Parent"":{""Id"":""0PSd0000000H3gFGAS"",""Type"":""Profile"",""Label"":""00ed0000000jbVJAAY"",""PermissionSetGroupId"":null,""Profile"":{""attributes"":{""type"":""Profile"",""url"":""/services/data/v53.0/sobjects/Profile/00ed0000000jbVJAAY""},""Id"":""00ed0000000jbVJAAY"",""Name"":""ASU Service - TC - SST""}}},{""Parent"":{""Id"":""0PSd0000000H3gKGAS"",""Type"":""Profile"",""Label"":""00ed0000000jbVOAAY"",""PermissionSetGroupId"":null,""Profile"":{""attributes"":{""type"":""Profile"",""url"":""/services/data/v53.0/sobjects/Profile/00ed0000000jbVOAAY""},""Id"":""00ed0000000jbVOAAY"",""Name"":""ASU Service - TC - Army ROTC""}}},{""Parent"":{""Id"":""0PSd0000000H4ThGAK"",""Type"":""Profile"",""Label"":""00ed0000000jbwGAAQ"",""PermissionSetGroupId"":null,""Profile"":{""attributes"":{""type"":""Profile"",""url"":""/services/data/v53.0/sobjects/Profile/00ed0000000jbwGAAQ""},""Id"":""00ed0000000jbwGAAQ"",""Name"":""ASU Service - ASU Salesforce Support""}}},{""Parent"":{""Id"":""0PSd0000000H4WlGAK"",""Type"":""Profile"",""Label"":""00ed0000000jbyCAAQ"",""PermissionSetGroupId"":null,""Profile"":{""attributes"":{""type"":""Profile"",""url"":""/services/data/v53.0/sobjects/Profile/00ed0000000jbyCAAQ""},""Id"":""00ed0000000jbyCAAQ"",""Name"":""ASU Service - International Students and Scholars Center""}}},{""Parent"":{""Id"":""0PSd0000000H4XoGAK"",""Type"":""Profile"",""Label"":""00ed0000000jbylAAA"",""PermissionSetGroupId"":null,""Profile"":{""attributes"":{""type"":""Profile"",""url"":""/services/data/v53.0/sobjects/Profile/00ed0000000jbylAAA""},""Id"":""00ed0000000jbylAAA"",""Name"":""ASU Recruitment - Graduate Recruiter""}}},{""Parent"":{""Id"":""0PSd0000000H4ZLGA0"",""Type"":""Profile"",""Label"":""00ed0000000jbz0AAA"",""PermissionSetGroupId"":null,""Profile"":{""attributes"":{""type"":""Profile"",""url"":""/services/data/v53.0/sobjects/Profile/00ed0000000jbz0AAA""},""Id"":""00ed0000000jbz0AAA"",""Name"":""ASU Service - School for the Future of Innovation in Society""}}},{""Parent"":{""Id"":""0PSd0000000H4ZQGA0"",""Type"":""Profile"",""Label"":""00ed0000000jbz5AAA"",""PermissionSetGroupId"":null,""Profile"":{""attributes"":{""type"":""Profile"",""url"":""/services/data/v53.0/sobjects/Profile/00ed0000000jbz5AAA""},""Id"":""00ed0000000jbz5AAA"",""Name"":""ASU Service - American Indian Student Support Services""}}},{""Parent"":{""Id"":""0PSd0000000H4hyGAC"",""Type"":""Profile"",""Label"":""00ed0000000jc4eAAA"",""PermissionSetGroupId"":null,""Profile"":{""attributes"":{""type"":""Profile"",""url"":""/services/data/v53.0/sobjects/Profile/00ed0000000jc4eAAA""},""Id"":""00ed0000000jc4eAAA"",""Name"":""ASU Service - ASU Wellness""}}},{""Parent"":{""Id"":""0PSd0000000H4i3GAC"",""Type"":""Profile"",""Label"":""00ed0000000jc4jAAA"",""PermissionSetGroupId"":null,""Profile"":{""attributes"":{""type"":""Profile"",""url"":""/services/data/v53.0/sobjects/Profile/00ed0000000jc4jAAA""},""Id"":""00ed0000000jc4jAAA"",""Name"":""ASU Service - Student Engagement""}}},{""Parent"":{""Id"":""0PSd0000000H4i8GAC"",""Type"":""Profile"",""Label"":""00ed0000000jc4oAAA"",""PermissionSetGroupId"":null,""Profile"":{""attributes"":{""type"":""Profile"",""url"":""/services/data/v53.0/sobjects/Profile/00ed0000000jc4oAAA""},""Id"":""00ed0000000jc4oAAA"",""Name"":""ASU Service - TRIO""}}},{""Parent"":{""Id"":""0PSd0000000H4iXGAS"",""Type"":""Profile"",""Label"":""00ed0000000jc5DAAQ"",""PermissionSetGroupId"":null,""Profile"":{""attributes"":{""type"":""Profile"",""url"":""/services/data/v53.0/sobjects/Profile/00ed0000000jc5DAAQ""},""Id"":""00ed0000000jc5DAAQ"",""Name"":""ASU Service - TC - Air Force ROTC""}}},{""Parent"":{""Id"":""0PSd0000000H4icGAC"",""Type"":""Profile"",""Label"":""00ed0000000jc5IAAQ"",""PermissionSetGroupId"":null,""Profile"":{""attributes"":{""type"":""Profile"",""url"":""/services/data/v53.0/sobjects/Profile/00ed0000000jc5IAAQ""},""Id"":""00ed0000000jc5IAAQ"",""Name"":""ASU Service - TC - Navy ROTC""}}},{""Parent"":{""Id"":""0PSd0000000H4rKGAS"",""Type"":""Profile"",""Label"":""00ed0000000jc9PAAQ"",""PermissionSetGroupId"":null,""Profile"":{""attributes"":{""type"":""Profile"",""url"":""/services/data/v53.0/sobjects/Profile/00ed0000000jc9PAAQ""},""Id"":""00ed0000000jc9PAAQ"",""Name"":""ASU Service - Fraternity & Sorority Life""}}},{""Parent"":{""Id"":""0PSd0000000H4rPGAS"",""Type"":""Profile"",""Label"":""00ed0000000jc9UAAQ"",""PermissionSetGroupId"":null,""Profile"":{""attributes"":{""type"":""Profile"",""url"":""/services/data/v53.0/sobjects/Profile/00ed0000000jc9UAAQ""},""Id"":""00ed0000000jc9UAAQ"",""Name"":""ASU Service - Dean of Students""}}},{""Parent"":{""Id"":""0PSd0000000H4wyGAC"",""Type"":""Profile"",""Label"":""00ed0000000jcCOAAY"",""PermissionSetGroupId"":null,""Profile"":{""attributes"":{""type"":""Profile"",""url"":""/services/data/v53.0/sobjects/Profile/00ed0000000jcCOAAY""},""Id"":""00ed0000000jcCOAAY"",""Name"":""ASU Service - Enterprise Marketing Hub""}}},{""Parent"":{""Id"":""0PSd0000000H4x3GAC"",""Type"":""Profile"",""Label"":""00ed0000000jcCTAAY"",""PermissionSetGroupId"":null,""Profile"":{""attributes"":{""type"":""Profile"",""url"":""/services/data/v53.0/sobjects/Profile/00ed0000000jcCTAAY""},""Id"":""00ed0000000jcCTAAY"",""Name"":""ASU Service - Print Anywhere Tier 2""}}},{""Parent"":{""Id"":""0PSd0000000H4x8GAC"",""Type"":""Profile"",""Label"":""00ed0000000jcCYAAY"",""PermissionSetGroupId"":null,""Profile"":{""attributes"":{""type"":""Profile"",""url"":""/services/data/v53.0/sobjects/Profile/00ed0000000jcCYAAY""},""Id"":""00ed0000000jcCYAAY"",""Name"":""ASU Service - Sun Devil Fitness""}}},{""Parent"":{""Id"":""0PSd0000000H523GAC"",""Type"":""Profile"",""Label"":""00ed0000000jcFDAAY"",""PermissionSetGroupId"":null,""Profile"":{""attributes"":{""type"":""Profile"",""url"":""/services/data/v53.0/sobjects/Profile/00ed0000000jcFDAAY""},""Id"":""00ed0000000jcFDAAY"",""Name"":""ASU Service - MU Information Desk""}}},{""Parent"":{""Id"":""0PSd0000000H55HGAS"",""Type"":""Profile"",""Label"":""00ed0000000jcGQAAY"",""PermissionSetGroupId"":null,""Profile"":{""attributes"":{""type"":""Profile"",""url"":""/services/data/v53.0/sobjects/Profile/00ed0000000jcGQAAY""},""Id"":""00ed0000000jcGQAAY"",""Name"":""ASU Service - Sun Devil Dining""}}},{""Parent"":{""Id"":""0PSd0000000H5zBGAS"",""Type"":""Profile"",""Label"":""00ed0000000jcPXAAY"",""PermissionSetGroupId"":null,""Profile"":{""attributes"":{""type"":""Profile"",""url"":""/services/data/v53.0/sobjects/Profile/00ed0000000jcPXAAY""},""Id"":""00ed0000000jcPXAAY"",""Name"":""ASU Service - Student Government""}}},{""Parent"":{""Id"":""0PSd0000000H6BWGA0"",""Type"":""Profile"",""Label"":""00ed0000000jcWYAAY"",""PermissionSetGroupId"":null,""Profile"":{""attributes"":{""type"":""Profile"",""url"":""/services/data/v53.0/sobjects/Profile/00ed0000000jcWYAAY""},""Id"":""00ed0000000jcWYAAY"",""Name"":""ASU Service - Strategic Initiatives""}}},{""Parent"":{""Id"":""0PSd0000000qjenGAA"",""Type"":""Profile"",""Label"":""00ed00000019invAAA"",""PermissionSetGroupId"":null,""Profile"":{""attributes"":{""type"":""Profile"",""url"":""/services/data/v53.0/sobjects/Profile/00ed00000019invAAA""},""Id"":""00ed00000019invAAA"",""Name"":""ASU Read Only""}}},{""Parent"":{""Id"":""0PSd0000000qUhbGAE"",""Type"":""Profile"",""Label"":""00ed00000019TqNAAU"",""PermissionSetGroupId"":null,""Profile"":{""attributes"":{""type"":""Profile"",""url"":""/services/data/v53.0/sobjects/Profile/00ed00000019TqNAAU""},""Id"":""00ed00000019TqNAAU"",""Name"":""ASU Marketing User""}}},{""Parent"":{""Id"":""0PSd0000000qzaSGAQ"",""Type"":""Profile"",""Label"":""00ed00000019yBlAAI"",""PermissionSetGroupId"":null,""Profile"":{""attributes"":{""type"":""Profile"",""url"":""/services/data/v53.0/sobjects/Profile/00ed00000019yBlAAI""},""Id"":""00ed00000019yBlAAI"",""Name"":""ASU Service - Financial Aid""}}},{""Parent"":{""Id"":""0PSd0000000qzawGAA"",""Type"":""Profile"",""Label"":""00ed00000019yC5AAI"",""PermissionSetGroupId"":null,""Profile"":{""attributes"":{""type"":""Profile"",""url"":""/services/data/v53.0/sobjects/Profile/00ed00000019yC5AAI""},""Id"":""00ed00000019yC5AAI"",""Name"":""ASU Service - Registrar""}}},{""Parent"":{""Id"":""0PSd0000000qzb1GAA"",""Type"":""Profile"",""Label"":""00ed00000019yCAAAY"",""PermissionSetGroupId"":null,""Profile"":{""attributes"":{""type"":""Profile"",""url"":""/services/data/v53.0/sobjects/Profile/00ed00000019yCAAAY""},""Id"":""00ed00000019yCAAAY"",""Name"":""ASU Service - Student Business Services""}}},{""Parent"":{""Id"":""0PSd0000000qzl5GAA"",""Type"":""Profile"",""Label"":""00ed00000019yKBAAY"",""PermissionSetGroupId"":null,""Profile"":{""attributes"":{""type"":""Profile"",""url"":""/services/data/v53.0/sobjects/Profile/00ed00000019yKBAAY""},""Id"":""00ed00000019yKBAAY"",""Name"":""ASU View All Data""}}},{""Parent"":{""Id"":""0PSd0000000r0cAGAQ"",""Type"":""Profile"",""Label"":""00ed00000019z62AAA"",""PermissionSetGroupId"":null,""Profile"":{""attributes"":{""type"":""Profile"",""url"":""/services/data/v53.0/sobjects/Profile/00ed00000019z62AAA""},""Id"":""00ed00000019z62AAA"",""Name"":""ASU Service - ASU Online""}}},{""Parent"":{""Id"":""0PSd0000000r0cFGAQ"",""Type"":""Profile"",""Label"":""00ed00000019z67AAA"",""PermissionSetGroupId"":null,""Profile"":{""attributes"":{""type"":""Profile"",""url"":""/services/data/v53.0/sobjects/Profile/00ed00000019z67AAA""},""Id"":""00ed00000019z67AAA"",""Name"":""ASU Service - ESM Online""}}},{""Parent"":{""Id"":""0PSd0000000r0cKGAQ"",""Type"":""Profile"",""Label"":""00ed00000019z6CAAQ"",""PermissionSetGroupId"":null,""Profile"":{""attributes"":{""type"":""Profile"",""url"":""/services/data/v53.0/sobjects/Profile/00ed00000019z6CAAQ""},""Id"":""00ed00000019z6CAAQ"",""Name"":""ASU Service - Help Desk""}}},{""Parent"":{""Id"":""0PSd0000000r0qtGAA"",""Type"":""Profile"",""Label"":""00ed00000019zIqAAI"",""PermissionSetGroupId"":null,""Profile"":{""attributes"":{""type"":""Profile"",""url"":""/services/data/v53.0/sobjects/Profile/00ed00000019zIqAAI""},""Id"":""00ed00000019zIqAAI"",""Name"":""ASU Service - W. P. Carey Tech Services""}}},{""Parent"":{""Id"":""0PSd0000000r1SFGAY"",""Type"":""Profile"",""Label"":""00ed00000019zqdAAA"",""PermissionSetGroupId"":null,""Profile"":{""attributes"":{""type"":""Profile"",""url"":""/services/data/v53.0/sobjects/Profile/00ed00000019zqdAAA""},""Id"":""00ed00000019zqdAAA"",""Name"":""ASU Service - Tech Studio""}}},{""Parent"":{""Id"":""0PSd0000000r1SKGAY"",""Type"":""Profile"",""Label"":""00ed00000019zqiAAA"",""PermissionSetGroupId"":null,""Profile"":{""attributes"":{""type"":""Profile"",""url"":""/services/data/v53.0/sobjects/Profile/00ed00000019zqiAAA""},""Id"":""00ed00000019zqiAAA"",""Name"":""ASU Service - Engineering IT""}}},{""Parent"":{""Id"":""0PSd0000000r1SAGAY"",""Type"":""Profile"",""Label"":""00ed00000019zqYAAQ"",""PermissionSetGroupId"":null,""Profile"":{""attributes"":{""type"":""Profile"",""url"":""/services/data/v53.0/sobjects/Profile/00ed00000019zqYAAQ""},""Id"":""00ed00000019zqYAAQ"",""Name"":""ASU Service - Identity Management""}}},{""Parent"":{""Id"":""0PSd0000000r2e7GAA"",""Type"":""Profile"",""Label"":""00ed0000001A0pMAAS"",""PermissionSetGroupId"":null,""Profile"":{""attributes"":{""type"":""Profile"",""url"":""/services/data/v53.0/sobjects/Profile/00ed0000001A0pMAAS""},""Id"":""00ed0000001A0pMAAS"",""Name"":""ASU Service - Student Success Innovations""}}},{""Parent"":{""Id"":""0PSd0000000r2eCGAQ"",""Type"":""Profile"",""Label"":""00ed0000001A0pRAAS"",""PermissionSetGroupId"":null,""Profile"":{""attributes"":{""type"":""Profile"",""url"":""/services/data/v53.0/sobjects/Profile/00ed0000001A0pRAAS""},""Id"":""00ed0000001A0pRAAS"",""Name"":""ASU Service - Office of the President""}}},{""Parent"":{""Id"":""0PSd0000000r28IGAQ"",""Type"":""Profile"",""Label"":""00ed0000001A0PwAAK"",""PermissionSetGroupId"":null,""Profile"":{""attributes"":{""type"":""Profile"",""url"":""/services/data/v53.0/sobjects/Profile/00ed0000001A0PwAAK""},""Id"":""00ed0000001A0PwAAK"",""Name"":""ASU Service - Library Services(ARCHIVE)""}}},{""Parent"":{""Id"":""0PSd0000000r3amGAA"",""Type"":""Profile"",""Label"":""00ed0000001A1eqAAC"",""PermissionSetGroupId"":null,""Profile"":{""attributes"":{""type"":""Profile"",""url"":""/services/data/v53.0/sobjects/Profile/00ed0000001A1eqAAC""},""Id"":""00ed0000001A1eqAAC"",""Name"":""ASU Service - Integrated Services""}}},{""Parent"":{""Id"":""0PSd0000000r39YGAQ"",""Type"":""Profile"",""Label"":""00ed0000001A1GfAAK"",""PermissionSetGroupId"":null,""Profile"":{""attributes"":{""type"":""Profile"",""url"":""/services/data/v53.0/sobjects/Profile/00ed0000001A1GfAAK""},""Id"":""00ed0000001A1GfAAK"",""Name"":""ASU Service - TEMPLATE""}}},{""Parent"":{""Id"":""0PSd0000000r3KbGAI"",""Type"":""Profile"",""Label"":""00ed0000001A1OlAAK"",""PermissionSetGroupId"":null,""Profile"":{""attributes"":{""type"":""Profile"",""url"":""/services/data/v53.0/sobjects/Profile/00ed0000001A1OlAAK""},""Id"":""00ed0000001A1OlAAK"",""Name"":""ASU Service - Graduate College""}}},{""Parent"":{""Id"":""0PSd0000000r3syGAA"",""Type"":""Profile"",""Label"":""00ed0000001A1s3AAC"",""PermissionSetGroupId"":null,""Profile"":{""attributes"":{""type"":""Profile"",""url"":""/services/data/v53.0/sobjects/Profile/00ed0000001A1s3AAC""},""Id"":""00ed0000001A1s3AAC"",""Name"":""ASU Recruitment - Applicant Services""}}},{""Parent"":{""Id"":""0PSd0000000r3t3GAA"",""Type"":""Profile"",""Label"":""00ed0000001A1s8AAC"",""PermissionSetGroupId"":null,""Profile"":{""attributes"":{""type"":""Profile"",""url"":""/services/data/v53.0/sobjects/Profile/00ed0000001A1s8AAC""},""Id"":""00ed0000001A1s8AAC"",""Name"":""ASU Recruitment - Business Operations""}}},{""Parent"":{""Id"":""0PSd0000000r3t8GAA"",""Type"":""Profile"",""Label"":""00ed0000001A1sDAAS"",""PermissionSetGroupId"":null,""Profile"":{""attributes"":{""type"":""Profile"",""url"":""/services/data/v53.0/sobjects/Profile/00ed0000001A1sDAAS""},""Id"":""00ed0000001A1sDAAS"",""Name"":""ASU Recruitment - Freshman Recruiter""}}},{""Parent"":{""Id"":""0PSd0000000r3tcGAA"",""Type"":""Profile"",""Label"":""00ed0000001A1shAAC"",""PermissionSetGroupId"":null,""Profile"":{""attributes"":{""type"":""Profile"",""url"":""/services/data/v53.0/sobjects/Profile/00ed0000001A1shAAC""},""Id"":""00ed0000001A1shAAC"",""Name"":""ASU Recruitment - Admission Services""}}},{""Parent"":{""Id"":""0PSd0000000r3tDGAQ"",""Type"":""Profile"",""Label"":""00ed0000001A1sIAAS"",""PermissionSetGroupId"":null,""Profile"":{""attributes"":{""type"":""Profile"",""url"":""/services/data/v53.0/sobjects/Profile/00ed0000001A1sIAAS""},""Id"":""00ed0000001A1sIAAS"",""Name"":""ASU Recruitment - Transfer Recruiter""}}},{""Parent"":{""Id"":""0PSd0000000r3tIGAQ"",""Type"":""Profile"",""Label"":""00ed0000001A1sNAAS"",""PermissionSetGroupId"":null,""Profile"":{""attributes"":{""type"":""Profile"",""url"":""/services/data/v53.0/sobjects/Profile/00ed0000001A1sNAAS""},""Id"":""00ed0000001A1sNAAS"",""Name"":""ASU Recruitment - International Recruiter""}}},{""Parent"":{""Id"":""0PSd0000000r3tNGAQ"",""Type"":""Profile"",""Label"":""00ed0000001A1sSAAS"",""PermissionSetGroupId"":null,""Profile"":{""attributes"":{""type"":""Profile"",""url"":""/services/data/v53.0/sobjects/Profile/00ed0000001A1sSAAS""},""Id"":""00ed0000001A1sSAAS"",""Name"":""ASU Recruitment - Events""}}},{""Parent"":{""Id"":""0PSd0000000r3tSGAQ"",""Type"":""Profile"",""Label"":""00ed0000001A1sXAAS"",""PermissionSetGroupId"":null,""Profile"":{""attributes"":{""type"":""Profile"",""url"":""/services/data/v53.0/sobjects/Profile/00ed0000001A1sXAAS""},""Id"":""00ed0000001A1sXAAS"",""Name"":""ASU Recruitment - Havasu""}}},{""Parent"":{""Id"":""0PSd0000000r453GAA"",""Type"":""Profile"",""Label"":""00ed0000001A204AAC"",""PermissionSetGroupId"":null,""Profile"":{""attributes"":{""type"":""Profile"",""url"":""/services/data/v53.0/sobjects/Profile/00ed0000001A204AAC""},""Id"":""00ed0000001A204AAC"",""Name"":""ASU Recruitment - Leads (ESISD)""}}},{""Parent"":{""Id"":""0PSd0000000r49zGAA"",""Type"":""Profile"",""Label"":""00ed0000001A24iAAC"",""PermissionSetGroupId"":null,""Profile"":{""attributes"":{""type"":""Profile"",""url"":""/services/data/v53.0/sobjects/Profile/00ed0000001A24iAAC""},""Id"":""00ed0000001A24iAAC"",""Name"":""ASU Corporate Relations""}}},{""Parent"":{""Id"":""0PSd0000000r4s2GAA"",""Type"":""Profile"",""Label"":""00ed0000001A2dLAAS"",""PermissionSetGroupId"":null,""Profile"":{""attributes"":{""type"":""Profile"",""url"":""/services/data/v53.0/sobjects/Profile/00ed0000001A2dLAAS""},""Id"":""00ed0000001A2dLAAS"",""Name"":""ASU Service - Engineering - Dean's Office""}}},{""Parent"":{""Id"":""0PSd0000000r4tZGAQ"",""Type"":""Profile"",""Label"":""00ed0000001A2eaAAC"",""PermissionSetGroupId"":null,""Profile"":{""attributes"":{""type"":""Profile"",""url"":""/services/data/v53.0/sobjects/Profile/00ed0000001A2eaAAC""},""Id"":""00ed0000001A2eaAAC"",""Name"":""ASU Service - Engineering - GOEE""}}},{""Parent"":{""Id"":""0PSd0000000r4teGAA"",""Type"":""Profile"",""Label"":""00ed0000001A2efAAC"",""PermissionSetGroupId"":null,""Profile"":{""attributes"":{""type"":""Profile"",""url"":""/services/data/v53.0/sobjects/Profile/00ed0000001A2efAAC""},""Id"":""00ed0000001A2efAAC"",""Name"":""ASU Service - Engineering - Poly""}}},{""Parent"":{""Id"":""0PSd0000000r4tjGAA"",""Type"":""Profile"",""Label"":""00ed0000001A2ekAAC"",""PermissionSetGroupId"":null,""Profile"":{""attributes"":{""type"":""Profile"",""url"":""/services/data/v53.0/sobjects/Profile/00ed0000001A2ekAAC""},""Id"":""00ed0000001A2ekAAC"",""Name"":""ASU Service - Engineering - SBHSE""}}},{""Parent"":{""Id"":""0PSd0000000r4toGAA"",""Type"":""Profile"",""Label"":""00ed0000001A2epAAC"",""PermissionSetGroupId"":null,""Profile"":{""attributes"":{""type"":""Profile"",""url"":""/services/data/v53.0/sobjects/Profile/00ed0000001A2epAAC""},""Id"":""00ed0000001A2epAAC"",""Name"":""ASU Service - Engineering - SEMTE""}}},{""Parent"":{""Id"":""0PSd0000000r4ttGAA"",""Type"":""Profile"",""Label"":""00ed0000001A2euAAC"",""PermissionSetGroupId"":null,""Profile"":{""attributes"":{""type"":""Profile"",""url"":""/services/data/v53.0/sobjects/Profile/00ed0000001A2euAAC""},""Id"":""00ed0000001A2euAAC"",""Name"":""ASU Service - Engineering - SSEBE""}}},{""Parent"":{""Id"":""0PSd0000000r4tUGAQ"",""Type"":""Profile"",""Label"":""00ed0000001A2eVAAS"",""PermissionSetGroupId"":null,""Profile"":{""attributes"":{""type"":""Profile"",""url"":""/services/data/v53.0/sobjects/Profile/00ed0000001A2eVAAS""},""Id"":""00ed0000001A2eVAAS"",""Name"":""ASU Service - Engineering - ECEE""}}},{""Parent"":{""Id"":""0PSd0000000r4tyGAA"",""Type"":""Profile"",""Label"":""00ed0000001A2ezAAC"",""PermissionSetGroupId"":null,""Profile"":{""attributes"":{""type"":""Profile"",""url"":""/services/data/v53.0/sobjects/Profile/00ed0000001A2ezAAC""},""Id"":""00ed0000001A2ezAAC"",""Name"":""ASU Service - Engineering - CIDSE""}}},{""Parent"":{""Id"":""0PSd0000000r4bhGAA"",""Type"":""Profile"",""Label"":""00ed0000001A2QNAA0"",""PermissionSetGroupId"":null,""Profile"":{""attributes"":{""type"":""Profile"",""url"":""/services/data/v53.0/sobjects/Profile/00ed0000001A2QNAA0""},""Id"":""00ed0000001A2QNAA0"",""Name"":""ASU Service - Access ASU Outreach""}}},{""Parent"":{""Id"":""0PSd0000000r5c8GAA"",""Type"":""Profile"",""Label"":""00ed0000001A3CUAA0"",""PermissionSetGroupId"":null,""Profile"":{""attributes"":{""type"":""Profile"",""url"":""/services/data/v53.0/sobjects/Profile/00ed0000001A3CUAA0""},""Id"":""00ed0000001A3CUAA0"",""Name"":""ASU Service - New Student Programs""}}},{""Parent"":{""Id"":""0PSd0000000r6MUGAY"",""Type"":""Profile"",""Label"":""00ed0000001A3nIAAS"",""PermissionSetGroupId"":null,""Profile"":{""attributes"":{""type"":""Profile"",""url"":""/services/data/v53.0/sobjects/Profile/00ed0000001A3nIAAS""},""Id"":""00ed0000001A3nIAAS"",""Name"":""ASU Service - University Housing""}}},{""Parent"":{""Id"":""0PSd0000000r60sGAA"",""Type"":""Profile"",""Label"":""00ed0000001A3X8AAK"",""PermissionSetGroupId"":null,""Profile"":{""attributes"":{""type"":""Profile"",""url"":""/services/data/v53.0/sobjects/Profile/00ed0000001A3X8AAK""},""Id"":""00ed0000001A3X8AAK"",""Name"":""ASU Training - College of ASU""}}},{""Parent"":{""Id"":""0PSd0000000r60xGAA"",""Type"":""Profile"",""Label"":""00ed0000001A3XDAA0"",""PermissionSetGroupId"":null,""Profile"":{""attributes"":{""type"":""Profile"",""url"":""/services/data/v53.0/sobjects/Profile/00ed0000001A3XDAA0""},""Id"":""00ed0000001A3XDAA0"",""Name"":""ASU Training - Department of ASU""}}},{""Parent"":{""Id"":""0PSd0000000r6ggGAA"",""Type"":""Profile"",""Label"":""00ed0000001A41pAAC"",""PermissionSetGroupId"":null,""Profile"":{""attributes"":{""type"":""Profile"",""url"":""/services/data/v53.0/sobjects/Profile/00ed0000001A41pAAC""},""Id"":""00ed0000001A41pAAC"",""Name"":""ASU Service - Sustainability""}}},{""Parent"":{""Id"":""0PSd0000000r6pgGAA"",""Type"":""Profile"",""Label"":""00ed0000001A49IAAS"",""PermissionSetGroupId"":null,""Profile"":{""attributes"":{""type"":""Profile"",""url"":""/services/data/v53.0/sobjects/Profile/00ed0000001A49IAAS""},""Id"":""00ed0000001A49IAAS"",""Name"":""ASU Service - Teachers College""}}},{""Parent"":{""Id"":""0PSd0000000r7PNGAY"",""Type"":""Profile"",""Label"":""00ed0000001A4dEAAS"",""PermissionSetGroupId"":null,""Profile"":{""attributes"":{""type"":""Profile"",""url"":""/services/data/v53.0/sobjects/Profile/00ed0000001A4dEAAS""},""Id"":""00ed0000001A4dEAAS"",""Name"":""ASU Service - Public Service""}}},{""Parent"":{""Id"":""0PSd0000000r7C5GAI"",""Type"":""Profile"",""Label"":""00ed0000001A4OpAAK"",""PermissionSetGroupId"":null,""Profile"":{""attributes"":{""type"":""Profile"",""url"":""/services/data/v53.0/sobjects/Profile/00ed0000001A4OpAAK""},""Id"":""00ed0000001A4OpAAK"",""Name"":""ASU Service - Nursing""}}},{""Parent"":{""Id"":""0PSd0000000r7FiGAI"",""Type"":""Profile"",""Label"":""00ed0000001A4RAAA0"",""PermissionSetGroupId"":null,""Profile"":{""attributes"":{""type"":""Profile"",""url"":""/services/data/v53.0/sobjects/Profile/00ed0000001A4RAAA0""},""Id"":""00ed0000001A4RAAA0"",""Name"":""ASU Service - Health Solutions""}}},{""Parent"":{""Id"":""0PSd0000000r7nEGAQ"",""Type"":""Profile"",""Label"":""00ed0000001A4x8AAC"",""PermissionSetGroupId"":null,""Profile"":{""attributes"":{""type"":""Profile"",""url"":""/services/data/v53.0/sobjects/Profile/00ed0000001A4x8AAC""},""Id"":""00ed0000001A4x8AAC"",""Name"":""ASU Service - New College""}}},{""Parent"":{""Id"":""0PSd0000000r7tuGAA"",""Type"":""Profile"",""Label"":""00ed0000001A52VAAS"",""PermissionSetGroupId"":null,""Profile"":{""attributes"":{""type"":""Profile"",""url"":""/services/data/v53.0/sobjects/Profile/00ed0000001A52VAAS""},""Id"":""00ed0000001A52VAAS"",""Name"":""ASU Service - Universal Learner Courses""}}},{""Parent"":{""Id"":""0PSd0000000r7v8GAA"",""Type"":""Profile"",""Label"":""00ed0000001A53VAAS"",""PermissionSetGroupId"":null,""Profile"":{""attributes"":{""type"":""Profile"",""url"":""/services/data/v53.0/sobjects/Profile/00ed0000001A53VAAS""},""Id"":""00ed0000001A53VAAS"",""Name"":""ASU Service - LMS Support""}}},{""Parent"":{""Id"":""0PSd0000000r8fDGAQ"",""Type"":""Profile"",""Label"":""00ed0000001A5dbAAC"",""PermissionSetGroupId"":null,""Profile"":{""attributes"":{""type"":""Profile"",""url"":""/services/data/v53.0/sobjects/Profile/00ed0000001A5dbAAC""},""Id"":""00ed0000001A5dbAAC"",""Name"":""ASU Service - Academic Transfer Credit Solutions""}}},{""Parent"":{""Id"":""0PSd0000000r8gGGAQ"",""Type"":""Profile"",""Label"":""00ed0000001A5e5AAC"",""PermissionSetGroupId"":null,""Profile"":{""attributes"":{""type"":""Profile"",""url"":""/services/data/v53.0/sobjects/Profile/00ed0000001A5e5AAC""},""Id"":""00ed0000001A5e5AAC"",""Name"":""ASU Service - TC - Dean's Office""}}},{""Parent"":{""Id"":""0PSd0000000r8zQGAQ"",""Type"":""Profile"",""Label"":""00ed0000001A5pHAAS"",""PermissionSetGroupId"":null,""Profile"":{""attributes"":{""type"":""Profile"",""url"":""/services/data/v53.0/sobjects/Profile/00ed0000001A5pHAAS""},""Id"":""00ed0000001A5pHAAS"",""Name"":""ASU Service - TC - English""}}},{""Parent"":{""Id"":""0PSd0000000r8zVGAQ"",""Type"":""Profile"",""Label"":""00ed0000001A5pMAAS"",""PermissionSetGroupId"":null,""Profile"":{""attributes"":{""type"":""Profile"",""url"":""/services/data/v53.0/sobjects/Profile/00ed0000001A5pMAAS""},""Id"":""00ed0000001A5pMAAS"",""Name"":""ASU Service - TC - SILC""}}},{""Parent"":{""Id"":""0PSd0000000r8zaGAA"",""Type"":""Profile"",""Label"":""00ed0000001A5pRAAS"",""PermissionSetGroupId"":null,""Profile"":{""attributes"":{""type"":""Profile"",""url"":""/services/data/v53.0/sobjects/Profile/00ed0000001A5pRAAS""},""Id"":""00ed0000001A5pRAAS"",""Name"":""ASU Service - TC - SHPRS""}}},{""Parent"":{""Id"":""0PSd0000000r93BGAQ"",""Type"":""Profile"",""Label"":""00ed0000001A5rcAAC"",""PermissionSetGroupId"":null,""Profile"":{""attributes"":{""type"":""Profile"",""url"":""/services/data/v53.0/sobjects/Profile/00ed0000001A5rcAAC""},""Id"":""00ed0000001A5rcAAC"",""Name"":""ASU Service - TC - SESE""}}},{""Parent"":{""Id"":""0PSd0000000r92mGAA"",""Type"":""Profile"",""Label"":""00ed0000001A5rDAAS"",""PermissionSetGroupId"":null,""Profile"":{""attributes"":{""type"":""Profile"",""url"":""/services/data/v53.0/sobjects/Profile/00ed0000001A5rDAAS""},""Id"":""00ed0000001A5rDAAS"",""Name"":""ASU Service - TC - SOLS""}}},{""Parent"":{""Id"":""0PSd0000000r92rGAA"",""Type"":""Profile"",""Label"":""00ed0000001A5rIAAS"",""PermissionSetGroupId"":null,""Profile"":{""attributes"":{""type"":""Profile"",""url"":""/services/data/v53.0/sobjects/Profile/00ed0000001A5rIAAS""},""Id"":""00ed0000001A5rIAAS"",""Name"":""ASU Service - TC - SoMSS""}}},{""Parent"":{""Id"":""0PSd0000000r92wGAA"",""Type"":""Profile"",""Label"":""00ed0000001A5rNAAS"",""PermissionSetGroupId"":null,""Profile"":{""attributes"":{""type"":""Profile"",""url"":""/services/data/v53.0/sobjects/Profile/00ed0000001A5rNAAS""},""Id"":""00ed0000001A5rNAAS"",""Name"":""ASU Service - TC  - SMS""}}},{""Parent"":{""Id"":""0PSd0000000r931GAA"",""Type"":""Profile"",""Label"":""00ed0000001A5rSAAS"",""PermissionSetGroupId"":null,""Profile"":{""attributes"":{""type"":""Profile"",""url"":""/services/data/v53.0/sobjects/Profile/00ed0000001A5rSAAS""},""Id"":""00ed0000001A5rSAAS"",""Name"":""ASU Service - TC - Physics""}}},{""Parent"":{""Id"":""0PSd0000000r936GAA"",""Type"":""Profile"",""Label"":""00ed0000001A5rXAAS"",""PermissionSetGroupId"":null,""Profile"":{""attributes"":{""type"":""Profile"",""url"":""/services/data/v53.0/sobjects/Profile/00ed0000001A5rXAAS""},""Id"":""00ed0000001A5rXAAS"",""Name"":""ASU Service - TC - Psychology""}}},{""Parent"":{""Id"":""0PSd0000000r8PUGAY"",""Type"":""Profile"",""Label"":""00ed0000001A5S7AAK"",""PermissionSetGroupId"":null,""Profile"":{""attributes"":{""type"":""Profile"",""url"":""/services/data/v53.0/sobjects/Profile/00ed0000001A5S7AAK""},""Id"":""00ed0000001A5S7AAK"",""Name"":""ASU Service - Curricular Activities and Actions""}}},{""Parent"":{""Id"":""0PSd0000000r97mGAA"",""Type"":""Profile"",""Label"":""00ed0000001A5udAAC"",""PermissionSetGroupId"":null,""Profile"":{""attributes"":{""type"":""Profile"",""url"":""/services/data/v53.0/sobjects/Profile/00ed0000001A5udAAC""},""Id"":""00ed0000001A5udAAC"",""Name"":""ASU Service - TC - STS""}}},{""Parent"":{""Id"":""0PSd0000000r97SGAQ"",""Type"":""Profile"",""Label"":""00ed0000001A5uJAAS"",""PermissionSetGroupId"":null,""Profile"":{""attributes"":{""type"":""Profile"",""url"":""/services/data/v53.0/sobjects/Profile/00ed0000001A5uJAAS""},""Id"":""00ed0000001A5uJAAS"",""Name"":""ASU Service - TC - SGSUP""}}},{""Parent"":{""Id"":""0PSd0000000r97XGAQ"",""Type"":""Profile"",""Label"":""00ed0000001A5uOAAS"",""PermissionSetGroupId"":null,""Profile"":{""attributes"":{""type"":""Profile"",""url"":""/services/data/v53.0/sobjects/Profile/00ed0000001A5uOAAS""},""Id"":""00ed0000001A5uOAAS"",""Name"":""ASU Service - TC - HDSHC""}}},{""Parent"":{""Id"":""0PSd0000000r97cGAA"",""Type"":""Profile"",""Label"":""00ed0000001A5uTAAS"",""PermissionSetGroupId"":null,""Profile"":{""attributes"":{""type"":""Profile"",""url"":""/services/data/v53.0/sobjects/Profile/00ed0000001A5uTAAS""},""Id"":""00ed0000001A5uTAAS"",""Name"":""ASU Service - TC - SPGS""}}},{""Parent"":{""Id"":""0PSd0000000r97hGAA"",""Type"":""Profile"",""Label"":""00ed0000001A5uYAAS"",""PermissionSetGroupId"":null,""Profile"":{""attributes"":{""type"":""Profile"",""url"":""/services/data/v53.0/sobjects/Profile/00ed0000001A5uYAAS""},""Id"":""00ed0000001A5uYAAS"",""Name"":""ASU Service - TC - SHESC""}}},{""Parent"":{""Id"":""0PSd0000000r9AFGAY"",""Type"":""Profile"",""Label"":""00ed0000001A5vnAAC"",""PermissionSetGroupId"":null,""Profile"":{""attributes"":{""type"":""Profile"",""url"":""/services/data/v53.0/sobjects/Profile/00ed0000001A5vnAAC""},""Id"":""00ed0000001A5vnAAC"",""Name"":""ASU Service - Integrative Sciences and Arts""}}},{""Parent"":{""Id"":""0PSd0000000r8ZaGAI"",""Type"":""Profile"",""Label"":""00ed0000001A5ZRAA0"",""PermissionSetGroupId"":null,""Profile"":{""attributes"":{""type"":""Profile"",""url"":""/services/data/v53.0/sobjects/Profile/00ed0000001A5ZRAA0""},""Id"":""00ed0000001A5ZRAA0"",""Name"":""ASU Service - Global Education Office""}}},{""Parent"":{""Id"":""0PSd0000000rAdhGAE"",""Type"":""Profile"",""Label"":""00ed0000001A6alAAC"",""PermissionSetGroupId"":null,""Profile"":{""attributes"":{""type"":""Profile"",""url"":""/services/data/v53.0/sobjects/Profile/00ed0000001A6alAAC""},""Id"":""00ed0000001A6alAAC"",""Name"":""ASU Service - Student & Cultural Engagement""}}},{""Parent"":{""Id"":""0PSd0000000rAdmGAE"",""Type"":""Profile"",""Label"":""00ed0000001A6aqAAC"",""PermissionSetGroupId"":null,""Profile"":{""attributes"":{""type"":""Profile"",""url"":""/services/data/v53.0/sobjects/Profile/00ed0000001A6aqAAC""},""Id"":""00ed0000001A6aqAAC"",""Name"":""ASU Service - International Student Engagement""}}},{""Parent"":{""Id"":""0PSd0000000rAdrGAE"",""Type"":""Profile"",""Label"":""00ed0000001A6avAAC"",""PermissionSetGroupId"":null,""Profile"":{""attributes"":{""type"":""Profile"",""url"":""/services/data/v53.0/sobjects/Profile/00ed0000001A6avAAC""},""Id"":""00ed0000001A6avAAC"",""Name"":""ASU Service - Changemaker Central""}}},{""Parent"":{""Id"":""0PSd0000001o7EsGAI"",""Type"":""Profile"",""Label"":""00ed0000002FFRcAAO"",""PermissionSetGroupId"":null,""Profile"":{""attributes"":{""type"":""Profile"",""url"":""/services/data/v53.0/sobjects/Profile/00ed0000002FFRcAAO""},""Id"":""00ed0000002FFRcAAO"",""Name"":""ASU Recruitment - Freshman Recruiter (Temp Access to Org Wide)""}}},{""Parent"":{""Id"":""0PSd0000001o7ETGAY"",""Type"":""Profile"",""Label"":""00ed0000002FFRSAA4"",""PermissionSetGroupId"":null,""Profile"":{""attributes"":{""type"":""Profile"",""url"":""/services/data/v53.0/sobjects/Profile/00ed0000002FFRSAA4""},""Id"":""00ed0000002FFRSAA4"",""Name"":""ASU Service - Sun Devil Athletics""}}},{""Parent"":{""Id"":""0PSd0000001o7HmGAI"",""Type"":""Profile"",""Label"":""00ed0000002FFSLAA4"",""PermissionSetGroupId"":null,""Profile"":{""attributes"":{""type"":""Profile"",""url"":""/services/data/v53.0/sobjects/Profile/00ed0000002FFSLAA4""},""Id"":""00ed0000002FFSLAA4"",""Name"":""ASU Service - Office of the President (Temp Access to Org Wide)""}}},{""Parent"":{""Id"":""0PSd0000001o7VKGAY"",""Type"":""Profile"",""Label"":""00ed0000002FFY4AAO"",""PermissionSetGroupId"":null,""Profile"":{""attributes"":{""type"":""Profile"",""url"":""/services/data/v53.0/sobjects/Profile/00ed0000002FFY4AAO""},""Id"":""00ed0000002FFY4AAO"",""Name"":""ASU Service - ASU-USA Pathways""}}},{""Parent"":{""Id"":""0PSd0000001sK82GAE"",""Type"":""Profile"",""Label"":""00ed0000002JRvSAAW"",""PermissionSetGroupId"":null,""Profile"":{""attributes"":{""type"":""Profile"",""url"":""/services/data/v53.0/sobjects/Profile/00ed0000002JRvSAAW""},""Id"":""00ed0000002JRvSAAW"",""Name"":""ASU Service - First in the World Grant""}}},{""Parent"":{""Id"":""0PSd0000001sKJBGA2"",""Type"":""Profile"",""Label"":""00ed0000002JRyMAAW"",""PermissionSetGroupId"":null,""Profile"":{""attributes"":{""type"":""Profile"",""url"":""/services/data/v53.0/sobjects/Profile/00ed0000002JRyMAAW""},""Id"":""00ed0000002JRyMAAW"",""Name"":""ASU Service - ITCSS Library Services""}}},{""Parent"":{""Id"":""0PSd0000001sKNNGA2"",""Type"":""Profile"",""Label"":""00ed0000002JS0DAAW"",""PermissionSetGroupId"":null,""Profile"":{""attributes"":{""type"":""Profile"",""url"":""/services/data/v53.0/sobjects/Profile/00ed0000002JS0DAAW""},""Id"":""00ed0000002JS0DAAW"",""Name"":""ASU Service - Success Coach""}}},{""Parent"":{""Id"":""0PSd0000001sKO6GAM"",""Type"":""Profile"",""Label"":""00ed0000002JS0NAAW"",""PermissionSetGroupId"":null,""Profile"":{""attributes"":{""type"":""Profile"",""url"":""/services/data/v53.0/sobjects/Profile/00ed0000002JS0NAAW""},""Id"":""00ed0000002JS0NAAW"",""Name"":""ASU Service - TC - ISSR""}}},{""Parent"":{""Id"":""0PSd0000001jxObGAI"",""Type"":""Profile"",""Label"":""00ed0000002NelYAAS"",""PermissionSetGroupId"":null,""Profile"":{""attributes"":{""type"":""Profile"",""url"":""/services/data/v53.0/sobjects/Profile/00ed0000002NelYAAS""},""Id"":""00ed0000002NelYAAS"",""Name"":""ASU Service - Academic Partnerships""}}},{""Parent"":{""Id"":""0PSd0000001jxa8GAA"",""Type"":""Profile"",""Label"":""00ed0000002Neq4AAC"",""PermissionSetGroupId"":null,""Profile"":{""attributes"":{""type"":""Profile"",""url"":""/services/data/v53.0/sobjects/Profile/00ed0000002Neq4AAC""},""Id"":""00ed0000002Neq4AAC"",""Name"":""ASU Service - Student Accessibility and Inclusive Learning Services""}}},{""Parent"":{""Id"":""0PSd0000001jygbGAA"",""Type"":""Profile"",""Label"":""00ed0000002Nf7AAAS"",""PermissionSetGroupId"":null,""Profile"":{""attributes"":{""type"":""Profile"",""url"":""/services/data/v53.0/sobjects/Profile/00ed0000002Nf7AAAS""},""Id"":""00ed0000002Nf7AAAS"",""Name"":""ASU Recruitment - Business Intelligence""}}},{""Parent"":{""Id"":""0PSd0000000oWPgGAM"",""Type"":""Profile"",""Label"":""00ex00000018ozT_128_09_43_34_1"",""PermissionSetGroupId"":null,""Profile"":{""attributes"":{""type"":""Profile"",""url"":""/services/data/v53.0/sobjects/Profile/00ed00000017IobAAE""},""Id"":""00ed00000017IobAAE"",""Name"":""System Administrator""}}},{""Parent"":{""Id"":""0PS6T000001CZGsWAO"",""Type"":""Regular"",""Label"":""Role: EdPlus Coach Portal (Non-Success Coach)"",""PermissionSetGroupId"":null,""Profile"":null}}]"
"066d0000003BFIrAAO","CommunicationHistory_CSV","[{""Parent"":{""Id"":""0PSd0000001sKNNGA2"",""Type"":""Profile"",""Label"":""00ed0000002JS0DAAW"",""PermissionSetGroupId"":null,""Profile"":{""attributes"":{""type"":""Profile"",""url"":""/services/data/v53.0/sobjects/Profile/00ed0000002JS0DAAW""},""Id"":""00ed0000002JS0DAAW"",""Name"":""ASU Service - Success Coach""}}},{""Parent"":{""Id"":""0PSd0000000oWPgGAM"",""Type"":""Profile"",""Label"":""00ex00000018ozT_128_09_43_34_1"",""PermissionSetGroupId"":null,""Profile"":{""attributes"":{""type"":""Profile"",""url"":""/services/data/v53.0/sobjects/Profile/00ed00000017IobAAE""},""Id"":""00ed00000017IobAAE"",""Name"":""System Administrator""}}},{""Parent"":{""Id"":""0PS6T000001CZGsWAO"",""Type"":""Regular"",""Label"":""Role: EdPlus Coach Portal (Non-Success Coach)"",""PermissionSetGroupId"":null,""Profile"":null}}]"
"066d0000002AkS1AAK","CommunitiesLanding","[{""Parent"":{""Id"":""0PS0W000001GgU7WAK"",""Type"":""Profile"",""Label"":""00e0W000001lvZsQAI"",""PermissionSetGroupId"":null,""Profile"":{""attributes"":{""type"":""Profile"",""url"":""/services/data/v53.0/sobjects/Profile/00e0W000001lvZsQAI""},""Id"":""00e0W000001lvZsQAI"",""Name"":""ASU Advising Community Profile""}}},{""Parent"":{""Id"":""0PS0W000001bgy8WAA"",""Type"":""Profile"",""Label"":""00e0W000001yXlHQAU"",""PermissionSetGroupId"":null,""Profile"":{""attributes"":{""type"":""Profile"",""url"":""/services/data/v53.0/sobjects/Profile/00e0W000001yXlHQAU""},""Id"":""00e0W000001yXlHQAU"",""Name"":""Jira Profile""}}},{""Parent"":{""Id"":""0PS0W000001k9RKWAY"",""Type"":""Profile"",""Label"":""00e0W000002NjO9QAK"",""PermissionSetGroupId"":null,""Profile"":{""attributes"":{""type"":""Profile"",""url"":""/services/data/v53.0/sobjects/Profile/00e0W000002NjO9QAK""},""Id"":""00e0W000002NjO9QAK"",""Name"":""Family Portal Profile""}}},{""Parent"":{""Id"":""0PSd0000000qzl5GAA"",""Type"":""Profile"",""Label"":""00ed00000019yKBAAY"",""PermissionSetGroupId"":null,""Profile"":{""attributes"":{""type"":""Profile"",""url"":""/services/data/v53.0/sobjects/Profile/00ed00000019yKBAAY""},""Id"":""00ed00000019yKBAAY"",""Name"":""ASU View All Data""}}},{""Parent"":{""Id"":""0PSd0000001jxyyGAA"",""Type"":""Profile"",""Label"":""00ed0000002Nf2KAAS"",""PermissionSetGroupId"":null,""Profile"":{""attributes"":{""type"":""Profile"",""url"":""/services/data/v53.0/sobjects/Profile/00ed0000002Nf2KAAS""},""Id"":""00ed0000002Nf2KAAS"",""Name"":""IdeaMachine Profile""}}},{""Parent"":{""Id"":""0PSd0000000oWPgGAM"",""Type"":""Profile"",""Label"":""00ex00000018ozT_128_09_43_34_1"",""PermissionSetGroupId"":null,""Profile"":{""attributes"":{""type"":""Profile"",""url"":""/services/data/v53.0/sobjects/Profile/00ed00000017IobAAE""},""Id"":""00ed00000017IobAAE"",""Name"":""System Administrator""}}}]"
"066d0000002AkS0AAK","CommunitiesLogin","[{""Parent"":{""Id"":""0PS0W000001GgU7WAK"",""Type"":""Profile"",""Label"":""00e0W000001lvZsQAI"",""PermissionSetGroupId"":null,""Profile"":{""attributes"":{""type"":""Profile"",""url"":""/services/data/v53.0/sobjects/Profile/00e0W000001lvZsQAI""},""Id"":""00e0W000001lvZsQAI"",""Name"":""ASU Advising Community Profile""}}},{""Parent"":{""Id"":""0PS0W000001bgy8WAA"",""Type"":""Profile"",""Label"":""00e0W000001yXlHQAU"",""PermissionSetGroupId"":null,""Profile"":{""attributes"":{""type"":""Profile"",""url"":""/services/data/v53.0/sobjects/Profile/00e0W000001yXlHQAU""},""Id"":""00e0W000001yXlHQAU"",""Name"":""Jira Profile""}}},{""Parent"":{""Id"":""0PS0W000001k9RKWAY"",""Type"":""Profile"",""Label"":""00e0W000002NjO9QAK"",""PermissionSetGroupId"":null,""Profile"":{""attributes"":{""type"":""Profile"",""url"":""/services/data/v53.0/sobjects/Profile/00e0W000002NjO9QAK""},""Id"":""00e0W000002NjO9QAK"",""Name"":""Family Portal Profile""}}},{""Parent"":{""Id"":""0PSd0000000qzl5GAA"",""Type"":""Profile"",""Label"":""00ed00000019yKBAAY"",""PermissionSetGroupId"":null,""Profile"":{""attributes"":{""type"":""Profile"",""url"":""/services/data/v53.0/sobjects/Profile/00ed00000019yKBAAY""},""Id"":""00ed00000019yKBAAY"",""Name"":""ASU View All Data""}}},{""Parent"":{""Id"":""0PSd0000000r0dDGAQ"",""Type"":""Profile"",""Label"":""00ed00000019z77AAA"",""PermissionSetGroupId"":null,""Profile"":{""attributes"":{""type"":""Profile"",""url"":""/services/data/v53.0/sobjects/Profile/00ed00000019z77AAA""},""Id"":""00ed00000019z77AAA"",""Name"":""My ASU Profile""}}},{""Parent"":{""Id"":""0PSd0000001jxyyGAA"",""Type"":""Profile"",""Label"":""00ed0000002Nf2KAAS"",""PermissionSetGroupId"":null,""Profile"":{""attributes"":{""type"":""Profile"",""url"":""/services/data/v53.0/sobjects/Profile/00ed0000002Nf2KAAS""},""Id"":""00ed0000002Nf2KAAS"",""Name"":""IdeaMachine Profile""}}},{""Parent"":{""Id"":""0PSd0000000oWPgGAM"",""Type"":""Profile"",""Label"":""00ex00000018ozT_128_09_43_34_1"",""PermissionSetGroupId"":null,""Profile"":{""attributes"":{""type"":""Profile"",""url"":""/services/data/v53.0/sobjects/Profile/00ed00000017IobAAE""},""Id"":""00ed00000017IobAAE"",""Name"":""System Administrator""}}}]"
"066d0000002AkS2AAK","CommunitiesSelfReg","[{""Parent"":{""Id"":""0PS0W000001GgU7WAK"",""Type"":""Profile"",""Label"":""00e0W000001lvZsQAI"",""PermissionSetGroupId"":null,""Profile"":{""attributes"":{""type"":""Profile"",""url"":""/services/data/v53.0/sobjects/Profile/00e0W000001lvZsQAI""},""Id"":""00e0W000001lvZsQAI"",""Name"":""ASU Advising Community Profile""}}},{""Parent"":{""Id"":""0PS0W000001bgy8WAA"",""Type"":""Profile"",""Label"":""00e0W000001yXlHQAU"",""PermissionSetGroupId"":null,""Profile"":{""attributes"":{""type"":""Profile"",""url"":""/services/data/v53.0/sobjects/Profile/00e0W000001yXlHQAU""},""Id"":""00e0W000001yXlHQAU"",""Name"":""Jira Profile""}}},{""Parent"":{""Id"":""0PS0W000001k9RKWAY"",""Type"":""Profile"",""Label"":""00e0W000002NjO9QAK"",""PermissionSetGroupId"":null,""Profile"":{""attributes"":{""type"":""Profile"",""url"":""/services/data/v53.0/sobjects/Profile/00e0W000002NjO9QAK""},""Id"":""00e0W000002NjO9QAK"",""Name"":""Family Portal Profile""}}},{""Parent"":{""Id"":""0PSd0000000qzl5GAA"",""Type"":""Profile"",""Label"":""00ed00000019yKBAAY"",""PermissionSetGroupId"":null,""Profile"":{""attributes"":{""type"":""Profile"",""url"":""/services/data/v53.0/sobjects/Profile/00ed00000019yKBAAY""},""Id"":""00ed00000019yKBAAY"",""Name"":""ASU View All Data""}}},{""Parent"":{""Id"":""0PSd0000001jxyyGAA"",""Type"":""Profile"",""Label"":""00ed0000002Nf2KAAS"",""PermissionSetGroupId"":null,""Profile"":{""attributes"":{""type"":""Profile"",""url"":""/services/data/v53.0/sobjects/Profile/00ed0000002Nf2KAAS""},""Id"":""00ed0000002Nf2KAAS"",""Name"":""IdeaMachine Profile""}}},{""Parent"":{""Id"":""0PSd0000000oWPgGAM"",""Type"":""Profile"",""Label"":""00ex00000018ozT_128_09_43_34_1"",""PermissionSetGroupId"":null,""Profile"":{""attributes"":{""type"":""Profile"",""url"":""/services/data/v53.0/sobjects/Profile/00ed00000017IobAAE""},""Id"":""00ed00000017IobAAE"",""Name"":""System Administrator""}}}]"
"066d0000002AkS3AAK","CommunitiesSelfRegConfirm","[{""Parent"":{""Id"":""0PS0W000001GgU7WAK"",""Type"":""Profile"",""Label"":""00e0W000001lvZsQAI"",""PermissionSetGroupId"":null,""Profile"":{""attributes"":{""type"":""Profile"",""url"":""/services/data/v53.0/sobjects/Profile/00e0W000001lvZsQAI""},""Id"":""00e0W000001lvZsQAI"",""Name"":""ASU Advising Community Profile""}}},{""Parent"":{""Id"":""0PS0W000001bgy8WAA"",""Type"":""Profile"",""Label"":""00e0W000001yXlHQAU"",""PermissionSetGroupId"":null,""Profile"":{""attributes"":{""type"":""Profile"",""url"":""/services/data/v53.0/sobjects/Profile/00e0W000001yXlHQAU""},""Id"":""00e0W000001yXlHQAU"",""Name"":""Jira Profile""}}},{""Parent"":{""Id"":""0PS0W000001k9RKWAY"",""Type"":""Profile"",""Label"":""00e0W000002NjO9QAK"",""PermissionSetGroupId"":null,""Profile"":{""attributes"":{""type"":""Profile"",""url"":""/services/data/v53.0/sobjects/Profile/00e0W000002NjO9QAK""},""Id"":""00e0W000002NjO9QAK"",""Name"":""Family Portal Profile""}}},{""Parent"":{""Id"":""0PSd0000000qzl5GAA"",""Type"":""Profile"",""Label"":""00ed00000019yKBAAY"",""PermissionSetGroupId"":null,""Profile"":{""attributes"":{""type"":""Profile"",""url"":""/services/data/v53.0/sobjects/Profile/00ed00000019yKBAAY""},""Id"":""00ed00000019yKBAAY"",""Name"":""ASU View All Data""}}},{""Parent"":{""Id"":""0PSd0000001jxyyGAA"",""Type"":""Profile"",""Label"":""00ed0000002Nf2KAAS"",""PermissionSetGroupId"":null,""Profile"":{""attributes"":{""type"":""Profile"",""url"":""/services/data/v53.0/sobjects/Profile/00ed0000002Nf2KAAS""},""Id"":""00ed0000002Nf2KAAS"",""Name"":""IdeaMachine Profile""}}},{""Parent"":{""Id"":""0PSd0000000oWPgGAM"",""Type"":""Profile"",""Label"":""00ex00000018ozT_128_09_43_34_1"",""PermissionSetGroupId"":null,""Profile"":{""attributes"":{""type"":""Profile"",""url"":""/services/data/v53.0/sobjects/Profile/00ed00000017IobAAE""},""Id"":""00ed00000017IobAAE"",""Name"":""System Administrator""}}}]"
"066d0000002AkRzAAK","CommunitiesTemplate","[{""Parent"":{""Id"":""0PS0W000001GgU7WAK"",""Type"":""Profile"",""Label"":""00e0W000001lvZsQAI"",""PermissionSetGroupId"":null,""Profile"":{""attributes"":{""type"":""Profile"",""url"":""/services/data/v53.0/sobjects/Profile/00e0W000001lvZsQAI""},""Id"":""00e0W000001lvZsQAI"",""Name"":""ASU Advising Community Profile""}}},{""Parent"":{""Id"":""0PS0W000001bgy8WAA"",""Type"":""Profile"",""Label"":""00e0W000001yXlHQAU"",""PermissionSetGroupId"":null,""Profile"":{""attributes"":{""type"":""Profile"",""url"":""/services/data/v53.0/sobjects/Profile/00e0W000001yXlHQAU""},""Id"":""00e0W000001yXlHQAU"",""Name"":""Jira Profile""}}},{""Parent"":{""Id"":""0PS0W000001k9RKWAY"",""Type"":""Profile"",""Label"":""00e0W000002NjO9QAK"",""PermissionSetGroupId"":null,""Profile"":{""attributes"":{""type"":""Profile"",""url"":""/services/data/v53.0/sobjects/Profile/00e0W000002NjO9QAK""},""Id"":""00e0W000002NjO9QAK"",""Name"":""Family Portal Profile""}}},{""Parent"":{""Id"":""0PSd0000000qzl5GAA"",""Type"":""Profile"",""Label"":""00ed00000019yKBAAY"",""PermissionSetGroupId"":null,""Profile"":{""attributes"":{""type"":""Profile"",""url"":""/services/data/v53.0/sobjects/Profile/00ed00000019yKBAAY""},""Id"":""00ed00000019yKBAAY"",""Name"":""ASU View All Data""}}},{""Parent"":{""Id"":""0PSd0000001jxyyGAA"",""Type"":""Profile"",""Label"":""00ed0000002Nf2KAAS"",""PermissionSetGroupId"":null,""Profile"":{""attributes"":{""type"":""Profile"",""url"":""/services/data/v53.0/sobjects/Profile/00ed0000002Nf2KAAS""},""Id"":""00ed0000002Nf2KAAS"",""Name"":""IdeaMachine Profile""}}},{""Parent"":{""Id"":""0PSd0000000oWPgGAM"",""Type"":""Profile"",""Label"":""00ex00000018ozT_128_09_43_34_1"",""PermissionSetGroupId"":null,""Profile"":{""attributes"":{""type"":""Profile"",""url"":""/services/data/v53.0/sobjects/Profile/00ed00000017IobAAE""},""Id"":""00ed00000017IobAAE"",""Name"":""System Administrator""}}}]"
"0660W000002dhxgQAA","ComponentTestPage","[{""Parent"":{""Id"":""0PSd0000000oWPgGAM"",""Type"":""Profile"",""Label"":""00ex00000018ozT_128_09_43_34_1"",""PermissionSetGroupId"":null,""Profile"":{""attributes"":{""type"":""Profile"",""url"":""/services/data/v53.0/sobjects/Profile/00ed00000017IobAAE""},""Id"":""00ed00000017IobAAE"",""Name"":""System Administrator""}}}]"
"0660W000003BjIaQAK","ConsentList_Contact","[{""Parent"":{""Id"":""0PSd0000000oWPgGAM"",""Type"":""Profile"",""Label"":""00ex00000018ozT_128_09_43_34_1"",""PermissionSetGroupId"":null,""Profile"":{""attributes"":{""type"":""Profile"",""url"":""/services/data/v53.0/sobjects/Profile/00ed00000017IobAAE""},""Id"":""00ed00000017IobAAE"",""Name"":""System Administrator""}}}]"
"0660W000003BjIbQAK","ConsentList_Organization","[{""Parent"":{""Id"":""0PSd0000000oWPgGAM"",""Type"":""Profile"",""Label"":""00ex00000018ozT_128_09_43_34_1"",""PermissionSetGroupId"":null,""Profile"":{""attributes"":{""type"":""Profile"",""url"":""/services/data/v53.0/sobjects/Profile/00ed00000017IobAAE""},""Id"":""00ed00000017IobAAE"",""Name"":""System Administrator""}}}]"
"0660W000002dkJJQAY","ContactUploadAddFilePage","[{""Parent"":{""Id"":""0PSd0000000oWPgGAM"",""Type"":""Profile"",""Label"":""00ex00000018ozT_128_09_43_34_1"",""PermissionSetGroupId"":null,""Profile"":{""attributes"":{""type"":""Profile"",""url"":""/services/data/v53.0/sobjects/Profile/00ed00000017IobAAE""},""Id"":""00ed00000017IobAAE"",""Name"":""System Administrator""}}},{""Parent"":{""Id"":""0PS0W000001COx0WAG"",""Type"":""Regular"",""Label"":""Subscription-Subscriber Admin"",""PermissionSetGroupId"":null,""Profile"":null}},{""Parent"":{""Id"":""0PS0W000001wb8bWAA"",""Type"":""Regular"",""Label"":""Subscription-Subscriber View"",""PermissionSetGroupId"":null,""Profile"":null}}]"
"0660W000002qaDtQAI","ConversationSubTab","[{""Parent"":{""Id"":""0PSd0000000oWPgGAM"",""Type"":""Profile"",""Label"":""00ex00000018ozT_128_09_43_34_1"",""PermissionSetGroupId"":null,""Profile"":{""attributes"":{""type"":""Profile"",""url"":""/services/data/v53.0/sobjects/Profile/00ed00000017IobAAE""},""Id"":""00ed00000017IobAAE"",""Name"":""System Administrator""}}},{""Parent"":{""Id"":""0PS0W000001sbm1WAA"",""Type"":""Regular"",""Label"":""SMS Magic Academic Advising"",""PermissionSetGroupId"":null,""Profile"":null}},{""Parent"":{""Id"":""0PS0W000001GhJsWAK"",""Type"":""Regular"",""Label"":""SMS Magic First Year Success Coach"",""PermissionSetGroupId"":null,""Profile"":null}},{""Parent"":{""Id"":""0PS6T000001k9thWAA"",""Type"":""Group"",""Label"":""SMS Magic Users - Academic Advisors Manager"",""PermissionSetGroupId"":""0PG6T000000GmepWAC"",""Profile"":null}},{""Parent"":{""Id"":""0PS6T000001k9tiWAA"",""Type"":""Group"",""Label"":""SMS Magic Users - Academic Advisors Staff"",""PermissionSetGroupId"":""0PG6T000000GmeqWAC"",""Profile"":null}},{""Parent"":{""Id"":""0PS6T000001k9tjWAA"",""Type"":""Group"",""Label"":""SMS Magic Users - FYS"",""PermissionSetGroupId"":""0PG6T000000GmerWAC"",""Profile"":null}}]"
"0660W000003Fd78QAC","Conversation_Contact","[{""Parent"":{""Id"":""0PSd0000000oWPgGAM"",""Type"":""Profile"",""Label"":""00ex00000018ozT_128_09_43_34_1"",""PermissionSetGroupId"":null,""Profile"":{""attributes"":{""type"":""Profile"",""url"":""/services/data/v53.0/sobjects/Profile/00ed00000017IobAAE""},""Id"":""00ed00000017IobAAE"",""Name"":""System Administrator""}}},{""Parent"":{""Id"":""0PS6T000001k9tgWAA"",""Type"":""Group"",""Label"":""SMS Magic - Ed Plus Users"",""PermissionSetGroupId"":""0PG6T000000GmeoWAC"",""Profile"":null}},{""Parent"":{""Id"":""0PS0W000001fphbWAA"",""Type"":""Regular"",""Label"":""SMS Magic User Permission"",""PermissionSetGroupId"":null,""Profile"":null}},{""Parent"":{""Id"":""0PS6T000001k9thWAA"",""Type"":""Group"",""Label"":""SMS Magic Users - Academic Advisors Manager"",""PermissionSetGroupId"":""0PG6T000000GmepWAC"",""Profile"":null}},{""Parent"":{""Id"":""0PS6T000001k9tiWAA"",""Type"":""Group"",""Label"":""SMS Magic Users - Academic Advisors Staff"",""PermissionSetGroupId"":""0PG6T000000GmeqWAC"",""Profile"":null}},{""Parent"":{""Id"":""0PS6T000001k9tjWAA"",""Type"":""Group"",""Label"":""SMS Magic Users - FYS"",""PermissionSetGroupId"":""0PG6T000000GmerWAC"",""Profile"":null}},{""Parent"":{""Id"":""0PS6T000001k9tkWAA"",""Type"":""Group"",""Label"":""SMS Magic Users - Universal Learner Courses"",""PermissionSetGroupId"":""0PG6T000000GmesWAC"",""Profile"":null}}]"
"0660W000003BjIcQAK","Conversation_Organization","[{""Parent"":{""Id"":""0PSd0000000oWPgGAM"",""Type"":""Profile"",""Label"":""00ex00000018ozT_128_09_43_34_1"",""PermissionSetGroupId"":null,""Profile"":{""attributes"":{""type"":""Profile"",""url"":""/services/data/v53.0/sobjects/Profile/00ed00000017IobAAE""},""Id"":""00ed00000017IobAAE"",""Name"":""System Administrator""}}}]"
"066d0000002BAHyAAO","DataComHierarchies","[{""Parent"":{""Id"":""0PSd0000000qzl5GAA"",""Type"":""Profile"",""Label"":""00ed00000019yKBAAY"",""PermissionSetGroupId"":null,""Profile"":{""attributes"":{""type"":""Profile"",""url"":""/services/data/v53.0/sobjects/Profile/00ed00000019yKBAAY""},""Id"":""00ed00000019yKBAAY"",""Name"":""ASU View All Data""}}},{""Parent"":{""Id"":""0PSd0000000r49zGAA"",""Type"":""Profile"",""Label"":""00ed0000001A24iAAC"",""PermissionSetGroupId"":null,""Profile"":{""attributes"":{""type"":""Profile"",""url"":""/services/data/v53.0/sobjects/Profile/00ed0000001A24iAAC""},""Id"":""00ed0000001A24iAAC"",""Name"":""ASU Corporate Relations""}}},{""Parent"":{""Id"":""0PSd0000000oWPgGAM"",""Type"":""Profile"",""Label"":""00ex00000018ozT_128_09_43_34_1"",""PermissionSetGroupId"":null,""Profile"":{""attributes"":{""type"":""Profile"",""url"":""/services/data/v53.0/sobjects/Profile/00ed00000017IobAAE""},""Id"":""00ed00000017IobAAE"",""Name"":""System Administrator""}}},{""Parent"":{""Id"":""0PS6T000001k9teWAA"",""Type"":""Group"",""Label"":""IAM Staff User Setup"",""PermissionSetGroupId"":""0PG6T000000GmemWAC"",""Profile"":null}},{""Parent"":{""Id"":""0PS0W000001KoRlWAK"",""Type"":""Regular"",""Label"":""Merge Accounts and Contacts"",""PermissionSetGroupId"":null,""Profile"":null}},{""Parent"":{""Id"":""0PSd0000001jxZAGAY"",""Type"":""Regular"",""Label"":""Role: Corporate Relations"",""PermissionSetGroupId"":null,""Profile"":null}}]"
"066d0000003BFrhAAG","DynamicFeedback","[{""Parent"":{""Id"":""0PS0W000001CNqIWAW"",""Type"":""Profile"",""Label"":""00e0W000001hh6oQAA"",""PermissionSetGroupId"":null,""Profile"":{""attributes"":{""type"":""Profile"",""url"":""/services/data/v53.0/sobjects/Profile/00e0W000001hh6oQAA""},""Id"":""00e0W000001hh6oQAA"",""Name"":""ASU Service - MasterCard Program""}}},{""Parent"":{""Id"":""0PS0W000001CNy2WAG"",""Type"":""Profile"",""Label"":""00e0W000001hhAbQAI"",""PermissionSetGroupId"":null,""Profile"":{""attributes"":{""type"":""Profile"",""url"":""/services/data/v53.0/sobjects/Profile/00e0W000001hhAbQAI""},""Id"":""00e0W000001hhAbQAI"",""Name"":""ASU Service - Public Service Academy""}}},{""Parent"":{""Id"":""0PS0W000001COffWAG"",""Type"":""Profile"",""Label"":""00e0W000001hhfyQAA"",""PermissionSetGroupId"":null,""Profile"":{""attributes"":{""type"":""Profile"",""url"":""/services/data/v53.0/sobjects/Profile/00e0W000001hhfyQAA""},""Id"":""00e0W000001hhfyQAA"",""Name"":""ASU Service - Biosafety""}}},{""Parent"":{""Id"":""0PS0W000001CO7YWAW"",""Type"":""Profile"",""Label"":""00e0W000001hhI6QAI"",""PermissionSetGroupId"":null,""Profile"":{""attributes"":{""type"":""Profile"",""url"":""/services/data/v53.0/sobjects/Profile/00e0W000001hhI6QAI""},""Id"":""00e0W000001hhI6QAI"",""Name"":""ASU Service - New College Deans Office""}}},{""Parent"":{""Id"":""0PS0W000001CO8CWAW"",""Type"":""Profile"",""Label"":""00e0W000001hhIfQAI"",""PermissionSetGroupId"":null,""Profile"":{""attributes"":{""type"":""Profile"",""url"":""/services/data/v53.0/sobjects/Profile/00e0W000001hhIfQAI""},""Id"":""00e0W000001hhIfQAI"",""Name"":""ASU Service - Engineering - K12 Engineering Education""}}},{""Parent"":{""Id"":""0PS0W000001GgWMWA0"",""Type"":""Profile"",""Label"":""00e0W000001lvaCQAQ"",""PermissionSetGroupId"":null,""Profile"":{""attributes"":{""type"":""Profile"",""url"":""/services/data/v53.0/sobjects/Profile/00e0W000001lvaCQAQ""},""Id"":""00e0W000001lvaCQAQ"",""Name"":""ASU Service - University Events & Protocol""}}},{""Parent"":{""Id"":""0PS0W000001Gga4WAC"",""Type"":""Profile"",""Label"":""00e0W000001lvb5QAA"",""PermissionSetGroupId"":null,""Profile"":{""attributes"":{""type"":""Profile"",""url"":""/services/data/v53.0/sobjects/Profile/00e0W000001lvb5QAA""},""Id"":""00e0W000001lvb5QAA"",""Name"":""ASU Service - Psychology Research Advancement""}}},{""Parent"":{""Id"":""0PS0W000001GgbCWAS"",""Type"":""Profile"",""Label"":""00e0W000001lvbKQAQ"",""PermissionSetGroupId"":null,""Profile"":{""attributes"":{""type"":""Profile"",""url"":""/services/data/v53.0/sobjects/Profile/00e0W000001lvbKQAQ""},""Id"":""00e0W000001lvbKQAQ"",""Name"":""ASU Service - ASU Local""}}},{""Parent"":{""Id"":""0PS0W000001GgfJWAS"",""Type"":""Profile"",""Label"":""00e0W000001lvcIQAQ"",""PermissionSetGroupId"":null,""Profile"":{""attributes"":{""type"":""Profile"",""url"":""/services/data/v53.0/sobjects/Profile/00e0W000001lvcIQAQ""},""Id"":""00e0W000001lvcIQAQ"",""Name"":""ASU Service - The College - Interplanetary Initiatives""}}},{""Parent"":{""Id"":""0PS0W000001GgzxWAC"",""Type"":""Profile"",""Label"":""00e0W000001lvdaQAA"",""PermissionSetGroupId"":null,""Profile"":{""attributes"":{""type"":""Profile"",""url"":""/services/data/v53.0/sobjects/Profile/00e0W000001lvdaQAA""},""Id"":""00e0W000001lvdaQAA"",""Name"":""ASU Service - Watts Bridging Success""}}},{""Parent"":{""Id"":""0PS0W000001GftOWAS"",""Type"":""Profile"",""Label"":""00e0W000001lvOQQAY"",""PermissionSetGroupId"":null,""Profile"":{""attributes"":{""type"":""Profile"",""url"":""/services/data/v53.0/sobjects/Profile/00e0W000001lvOQQAY""},""Id"":""00e0W000001lvOQQAY"",""Name"":""ASU Service - ASU Family Programs""}}},{""Parent"":{""Id"":""0PS0W000001Gg0eWAC"",""Type"":""Profile"",""Label"":""00e0W000001lvQvQAI"",""PermissionSetGroupId"":null,""Profile"":{""attributes"":{""type"":""Profile"",""url"":""/services/data/v53.0/sobjects/Profile/00e0W000001lvQvQAI""},""Id"":""00e0W000001lvQvQAI"",""Name"":""ASU Service - TC SOLS Academic Integrity""}}},{""Parent"":{""Id"":""0PS0W000001GiExWAK"",""Type"":""Profile"",""Label"":""00e0W000001lvubQAA"",""PermissionSetGroupId"":null,""Profile"":{""attributes"":{""type"":""Profile"",""url"":""/services/data/v53.0/sobjects/Profile/00e0W000001lvubQAA""},""Id"":""00e0W000001lvubQAA"",""Name"":""ASU Service - DNASU Plasmid Repository""}}},{""Parent"":{""Id"":""0PS0W000001bgzVWAQ"",""Type"":""Profile"",""Label"":""00e0W000001yXmFQAU"",""PermissionSetGroupId"":null,""Profile"":{""attributes"":{""type"":""Profile"",""url"":""/services/data/v53.0/sobjects/Profile/00e0W000001yXmFQAU""},""Id"":""00e0W000001yXmFQAU"",""Name"":""ASU Recruitment - Team (ESISD)""}}},{""Parent"":{""Id"":""0PS0W000001P1NAWA0"",""Type"":""Profile"",""Label"":""00e0W0000022hBdQAI"",""PermissionSetGroupId"":null,""Profile"":{""attributes"":{""type"":""Profile"",""url"":""/services/data/v53.0/sobjects/Profile/00e0W0000022hBdQAI""},""Id"":""00e0W0000022hBdQAI"",""Name"":""ASU Service - Success Courses""}}},{""Parent"":{""Id"":""0PS0W000001fphCWAQ"",""Type"":""Profile"",""Label"":""00e0W0000026u4qQAA"",""PermissionSetGroupId"":null,""Profile"":{""attributes"":{""type"":""Profile"",""url"":""/services/data/v53.0/sobjects/Profile/00e0W0000026u4qQAA""},""Id"":""00e0W0000026u4qQAA"",""Name"":""ASU Service - Opportunities for Youth""}}},{""Parent"":{""Id"":""0PS0W000001KoULWA0"",""Type"":""Profile"",""Label"":""00e0W000002B4xjQAC"",""PermissionSetGroupId"":null,""Profile"":{""attributes"":{""type"":""Profile"",""url"":""/services/data/v53.0/sobjects/Profile/00e0W000002B4xjQAC""},""Id"":""00e0W000002B4xjQAC"",""Name"":""ASU Service - ATCS and Study Abroad""}}},{""Parent"":{""Id"":""0PS0W000001KpSQWA0"",""Type"":""Profile"",""Label"":""00e0W000002B5TBQA0"",""PermissionSetGroupId"":null,""Profile"":{""attributes"":{""type"":""Profile"",""url"":""/services/data/v53.0/sobjects/Profile/00e0W000002B5TBQA0""},""Id"":""00e0W000002B5TBQA0"",""Name"":""ASU Service - TC - SCETL""}}},{""Parent"":{""Id"":""0PS0W000001sasmWAA"",""Type"":""Profile"",""Label"":""00e0W000002JZG1QAO"",""PermissionSetGroupId"":null,""Profile"":{""attributes"":{""type"":""Profile"",""url"":""/services/data/v53.0/sobjects/Profile/00e0W000002JZG1QAO""},""Id"":""00e0W000002JZG1QAO"",""Name"":""API User - Ed Plus Org""}}},{""Parent"":{""Id"":""0PS0W000001sbaPWAQ"",""Type"":""Profile"",""Label"":""00e0W000002JZOFQA4"",""PermissionSetGroupId"":null,""Profile"":{""attributes"":{""type"":""Profile"",""url"":""/services/data/v53.0/sobjects/Profile/00e0W000002JZOFQA4""},""Id"":""00e0W000002JZOFQA4"",""Name"":""ASU Service - Explore""}}},{""Parent"":{""Id"":""0PS0W000001sbktWAA"",""Type"":""Profile"",""Label"":""00e0W000002JZROQA4"",""PermissionSetGroupId"":null,""Profile"":{""attributes"":{""type"":""Profile"",""url"":""/services/data/v53.0/sobjects/Profile/00e0W000002JZROQA4""},""Id"":""00e0W000002JZROQA4"",""Name"":""ASU Service - College of Global Futures""}}},{""Parent"":{""Id"":""0PS0W000001jz1PWAQ"",""Type"":""Profile"",""Label"":""00e0W000002NfGqQAK"",""PermissionSetGroupId"":null,""Profile"":{""attributes"":{""type"":""Profile"",""url"":""/services/data/v53.0/sobjects/Profile/00e0W000002NfGqQAK""},""Id"":""00e0W000002NfGqQAK"",""Name"":""ASU Service - Enrollment Analysis""}}},{""Parent"":{""Id"":""0PS0W000001k9UOWAY"",""Type"":""Profile"",""Label"":""00e0W000002NjQ0QAK"",""PermissionSetGroupId"":null,""Profile"":{""attributes"":{""type"":""Profile"",""url"":""/services/data/v53.0/sobjects/Profile/00e0W000002NjQ0QAK""},""Id"":""00e0W000002NjQ0QAK"",""Name"":""ASU Service - International Students and Scholars Center SMS""}}},{""Parent"":{""Id"":""0PS6T000001CZe3WAG"",""Type"":""Profile"",""Label"":""00e6T000001hlA1QAI"",""PermissionSetGroupId"":null,""Profile"":{""attributes"":{""type"":""Profile"",""url"":""/services/data/v53.0/sobjects/Profile/00e6T000001hlA1QAI""},""Id"":""00e6T000001hlA1QAI"",""Name"":""ASU Service - Engineering - Poly HR""}}},{""Parent"":{""Id"":""0PS6T000001k9crWAA"",""Type"":""Profile"",""Label"":""00e6T000002NjQeQAK"",""PermissionSetGroupId"":null,""Profile"":{""attributes"":{""type"":""Profile"",""url"":""/services/data/v53.0/sobjects/Profile/00e6T000002NjQeQAK""},""Id"":""00e6T000002NjQeQAK"",""Name"":""ASU Service - Information Technology Support Hub""}}},{""Parent"":{""Id"":""0PS6T000001kAE8WAM"",""Type"":""Profile"",""Label"":""00e6T000002NjSuQAK"",""PermissionSetGroupId"":null,""Profile"":{""attributes"":{""type"":""Profile"",""url"":""/services/data/v53.0/sobjects/Profile/00e6T000002NjSuQAK""},""Id"":""00e6T000002NjSuQAK"",""Name"":""ASU Service - SMS API""}}},{""Parent"":{""Id"":""0PSd0000000H441GAC"",""Type"":""Profile"",""Label"":""00ed0000000jbjMAAQ"",""PermissionSetGroupId"":null,""Profile"":{""attributes"":{""type"":""Profile"",""url"":""/services/data/v53.0/sobjects/Profile/00ed0000000jbjMAAQ""},""Id"":""00ed0000000jbjMAAQ"",""Name"":""ASU Service - Design and the Arts""}}},{""Parent"":{""Id"":""0PSd0000000H4AQGA0"",""Type"":""Profile"",""Label"":""00ed0000000jbo2AAA"",""PermissionSetGroupId"":null,""Profile"":{""attributes"":{""type"":""Profile"",""url"":""/services/data/v53.0/sobjects/Profile/00ed0000000jbo2AAA""},""Id"":""00ed0000000jbo2AAA"",""Name"":""ASU Service - International Initiatives Graduate Education""}}},{""Parent"":{""Id"":""0PSd0000000H4BxGAK"",""Type"":""Profile"",""Label"":""00ed0000000jboMAAQ"",""PermissionSetGroupId"":null,""Profile"":{""attributes"":{""type"":""Profile"",""url"":""/services/data/v53.0/sobjects/Profile/00ed0000000jboMAAQ""},""Id"":""00ed0000000jboMAAQ"",""Name"":""ASU Service - W. P. Carey Business""}}},{""Parent"":{""Id"":""0PSd0000000H4C2GAK"",""Type"":""Profile"",""Label"":""00ed0000000jboRAAQ"",""PermissionSetGroupId"":null,""Profile"":{""attributes"":{""type"":""Profile"",""url"":""/services/data/v53.0/sobjects/Profile/00ed0000000jboRAAQ""},""Id"":""00ed0000000jboRAAQ"",""Name"":""ASU Service - Parking and Transit Services""}}},{""Parent"":{""Id"":""0PSd0000000H4C7GAK"",""Type"":""Profile"",""Label"":""00ed0000000jboWAAQ"",""PermissionSetGroupId"":null,""Profile"":{""attributes"":{""type"":""Profile"",""url"":""/services/data/v53.0/sobjects/Profile/00ed0000000jboWAAQ""},""Id"":""00ed0000000jboWAAQ"",""Name"":""ASU Service - First Year Success Center""}}},{""Parent"":{""Id"":""0PSd0000000H4J3GAK"",""Type"":""Profile"",""Label"":""00ed0000000jbqhAAA"",""PermissionSetGroupId"":null,""Profile"":{""attributes"":{""type"":""Profile"",""url"":""/services/data/v53.0/sobjects/Profile/00ed0000000jbqhAAA""},""Id"":""00ed0000000jbqhAAA"",""Name"":""ASU Service - Pat Tillman Veteran Center""}}},{""Parent"":{""Id"":""0PSd0000000H4J8GAK"",""Type"":""Profile"",""Label"":""00ed0000000jbqmAAA"",""PermissionSetGroupId"":null,""Profile"":{""attributes"":{""type"":""Profile"",""url"":""/services/data/v53.0/sobjects/Profile/00ed0000000jbqmAAA""},""Id"":""00ed0000000jbqmAAA"",""Name"":""ASU Service - Thunderbird""}}},{""Parent"":{""Id"":""0PSd0000000H4N0GAK"",""Type"":""Profile"",""Label"":""00ed0000000jbtHAAQ"",""PermissionSetGroupId"":null,""Profile"":{""attributes"":{""type"":""Profile"",""url"":""/services/data/v53.0/sobjects/Profile/00ed0000000jbtHAAQ""},""Id"":""00ed0000000jbtHAAQ"",""Name"":""ASU Service - EOSS""}}},{""Parent"":{""Id"":""0PSd0000000H4N5GAK"",""Type"":""Profile"",""Label"":""00ed0000000jbtMAAQ"",""PermissionSetGroupId"":null,""Profile"":{""attributes"":{""type"":""Profile"",""url"":""/services/data/v53.0/sobjects/Profile/00ed0000000jbtMAAQ""},""Id"":""00ed0000000jbtMAAQ"",""Name"":""ASU Service - Sun Devil Card Services""}}},{""Parent"":{""Id"":""0PSd0000000H4NAGA0"",""Type"":""Profile"",""Label"":""00ed0000000jbtRAAQ"",""PermissionSetGroupId"":null,""Profile"":{""attributes"":{""type"":""Profile"",""url"":""/services/data/v53.0/sobjects/Profile/00ed0000000jbtRAAQ""},""Id"":""00ed0000000jbtRAAQ"",""Name"":""ASU Service - Career Services""}}},{""Parent"":{""Id"":""0PSd0000000H4PVGA0"",""Type"":""Profile"",""Label"":""00ed0000000jbu5AAA"",""PermissionSetGroupId"":null,""Profile"":{""attributes"":{""type"":""Profile"",""url"":""/services/data/v53.0/sobjects/Profile/00ed0000000jbu5AAA""},""Id"":""00ed0000000jbu5AAA"",""Name"":""ASU Service - University Academic Success Programs""}}},{""Parent"":{""Id"":""0PSd0000000H4PaGAK"",""Type"":""Profile"",""Label"":""00ed0000000jbuAAAQ"",""PermissionSetGroupId"":null,""Profile"":{""attributes"":{""type"":""Profile"",""url"":""/services/data/v53.0/sobjects/Profile/00ed0000000jbuAAAQ""},""Id"":""00ed0000000jbuAAAQ"",""Name"":""ASU Service - Honors""}}},{""Parent"":{""Id"":""0PSd0000000H4QTGA0"",""Type"":""Profile"",""Label"":""00ed0000000jbujAAA"",""PermissionSetGroupId"":null,""Profile"":{""attributes"":{""type"":""Profile"",""url"":""/services/data/v53.0/sobjects/Profile/00ed0000000jbujAAA""},""Id"":""00ed0000000jbujAAA"",""Name"":""ASU Service - Journalism""}}},{""Parent"":{""Id"":""0PSd0000000H4QYGA0"",""Type"":""Profile"",""Label"":""00ed0000000jbuoAAA"",""PermissionSetGroupId"":null,""Profile"":{""attributes"":{""type"":""Profile"",""url"":""/services/data/v53.0/sobjects/Profile/00ed0000000jbuoAAA""},""Id"":""00ed0000000jbuoAAA"",""Name"":""ASU Service - Office of the University Provost""}}},{""Parent"":{""Id"":""0PSd0000000H3g5GAC"",""Type"":""Profile"",""Label"":""00ed0000000jbV9AAI"",""PermissionSetGroupId"":null,""Profile"":{""attributes"":{""type"":""Profile"",""url"":""/services/data/v53.0/sobjects/Profile/00ed0000000jbV9AAI""},""Id"":""00ed0000000jbV9AAI"",""Name"":""ASU Service - TC - AIS""}}},{""Parent"":{""Id"":""0PSd0000000H3gAGAS"",""Type"":""Profile"",""Label"":""00ed0000000jbVEAAY"",""PermissionSetGroupId"":null,""Profile"":{""attributes"":{""type"":""Profile"",""url"":""/services/data/v53.0/sobjects/Profile/00ed0000000jbVEAAY""},""Id"":""00ed0000000jbVEAAY"",""Name"":""ASU Service - TC  - The Sanford School""}}},{""Parent"":{""Id"":""0PSd0000000H3gFGAS"",""Type"":""Profile"",""Label"":""00ed0000000jbVJAAY"",""PermissionSetGroupId"":null,""Profile"":{""attributes"":{""type"":""Profile"",""url"":""/services/data/v53.0/sobjects/Profile/00ed0000000jbVJAAY""},""Id"":""00ed0000000jbVJAAY"",""Name"":""ASU Service - TC - SST""}}},{""Parent"":{""Id"":""0PSd0000000H3gKGAS"",""Type"":""Profile"",""Label"":""00ed0000000jbVOAAY"",""PermissionSetGroupId"":null,""Profile"":{""attributes"":{""type"":""Profile"",""url"":""/services/data/v53.0/sobjects/Profile/00ed0000000jbVOAAY""},""Id"":""00ed0000000jbVOAAY"",""Name"":""ASU Service - TC - Army ROTC""}}},{""Parent"":{""Id"":""0PSd0000000H4ThGAK"",""Type"":""Profile"",""Label"":""00ed0000000jbwGAAQ"",""PermissionSetGroupId"":null,""Profile"":{""attributes"":{""type"":""Profile"",""url"":""/services/data/v53.0/sobjects/Profile/00ed0000000jbwGAAQ""},""Id"":""00ed0000000jbwGAAQ"",""Name"":""ASU Service - ASU Salesforce Support""}}},{""Parent"":{""Id"":""0PSd0000000H4WlGAK"",""Type"":""Profile"",""Label"":""00ed0000000jbyCAAQ"",""PermissionSetGroupId"":null,""Profile"":{""attributes"":{""type"":""Profile"",""url"":""/services/data/v53.0/sobjects/Profile/00ed0000000jbyCAAQ""},""Id"":""00ed0000000jbyCAAQ"",""Name"":""ASU Service - International Students and Scholars Center""}}},{""Parent"":{""Id"":""0PSd0000000H4XoGAK"",""Type"":""Profile"",""Label"":""00ed0000000jbylAAA"",""PermissionSetGroupId"":null,""Profile"":{""attributes"":{""type"":""Profile"",""url"":""/services/data/v53.0/sobjects/Profile/00ed0000000jbylAAA""},""Id"":""00ed0000000jbylAAA"",""Name"":""ASU Recruitment - Graduate Recruiter""}}},{""Parent"":{""Id"":""0PSd0000000H4ZLGA0"",""Type"":""Profile"",""Label"":""00ed0000000jbz0AAA"",""PermissionSetGroupId"":null,""Profile"":{""attributes"":{""type"":""Profile"",""url"":""/services/data/v53.0/sobjects/Profile/00ed0000000jbz0AAA""},""Id"":""00ed0000000jbz0AAA"",""Name"":""ASU Service - School for the Future of Innovation in Society""}}},{""Parent"":{""Id"":""0PSd0000000H4ZQGA0"",""Type"":""Profile"",""Label"":""00ed0000000jbz5AAA"",""PermissionSetGroupId"":null,""Profile"":{""attributes"":{""type"":""Profile"",""url"":""/services/data/v53.0/sobjects/Profile/00ed0000000jbz5AAA""},""Id"":""00ed0000000jbz5AAA"",""Name"":""ASU Service - American Indian Student Support Services""}}},{""Parent"":{""Id"":""0PSd0000000H4hyGAC"",""Type"":""Profile"",""Label"":""00ed0000000jc4eAAA"",""PermissionSetGroupId"":null,""Profile"":{""attributes"":{""type"":""Profile"",""url"":""/services/data/v53.0/sobjects/Profile/00ed0000000jc4eAAA""},""Id"":""00ed0000000jc4eAAA"",""Name"":""ASU Service - ASU Wellness""}}},{""Parent"":{""Id"":""0PSd0000000H4i3GAC"",""Type"":""Profile"",""Label"":""00ed0000000jc4jAAA"",""PermissionSetGroupId"":null,""Profile"":{""attributes"":{""type"":""Profile"",""url"":""/services/data/v53.0/sobjects/Profile/00ed0000000jc4jAAA""},""Id"":""00ed0000000jc4jAAA"",""Name"":""ASU Service - Student Engagement""}}},{""Parent"":{""Id"":""0PSd0000000H4i8GAC"",""Type"":""Profile"",""Label"":""00ed0000000jc4oAAA"",""PermissionSetGroupId"":null,""Profile"":{""attributes"":{""type"":""Profile"",""url"":""/services/data/v53.0/sobjects/Profile/00ed0000000jc4oAAA""},""Id"":""00ed0000000jc4oAAA"",""Name"":""ASU Service - TRIO""}}},{""Parent"":{""Id"":""0PSd0000000H4iXGAS"",""Type"":""Profile"",""Label"":""00ed0000000jc5DAAQ"",""PermissionSetGroupId"":null,""Profile"":{""attributes"":{""type"":""Profile"",""url"":""/services/data/v53.0/sobjects/Profile/00ed0000000jc5DAAQ""},""Id"":""00ed0000000jc5DAAQ"",""Name"":""ASU Service - TC - Air Force ROTC""}}},{""Parent"":{""Id"":""0PSd0000000H4icGAC"",""Type"":""Profile"",""Label"":""00ed0000000jc5IAAQ"",""PermissionSetGroupId"":null,""Profile"":{""attributes"":{""type"":""Profile"",""url"":""/services/data/v53.0/sobjects/Profile/00ed0000000jc5IAAQ""},""Id"":""00ed0000000jc5IAAQ"",""Name"":""ASU Service - TC - Navy ROTC""}}},{""Parent"":{""Id"":""0PSd0000000H4rKGAS"",""Type"":""Profile"",""Label"":""00ed0000000jc9PAAQ"",""PermissionSetGroupId"":null,""Profile"":{""attributes"":{""type"":""Profile"",""url"":""/services/data/v53.0/sobjects/Profile/00ed0000000jc9PAAQ""},""Id"":""00ed0000000jc9PAAQ"",""Name"":""ASU Service - Fraternity & Sorority Life""}}},{""Parent"":{""Id"":""0PSd0000000H4rPGAS"",""Type"":""Profile"",""Label"":""00ed0000000jc9UAAQ"",""PermissionSetGroupId"":null,""Profile"":{""attributes"":{""type"":""Profile"",""url"":""/services/data/v53.0/sobjects/Profile/00ed0000000jc9UAAQ""},""Id"":""00ed0000000jc9UAAQ"",""Name"":""ASU Service - Dean of Students""}}},{""Parent"":{""Id"":""0PSd0000000H4wyGAC"",""Type"":""Profile"",""Label"":""00ed0000000jcCOAAY"",""PermissionSetGroupId"":null,""Profile"":{""attributes"":{""type"":""Profile"",""url"":""/services/data/v53.0/sobjects/Profile/00ed0000000jcCOAAY""},""Id"":""00ed0000000jcCOAAY"",""Name"":""ASU Service - Enterprise Marketing Hub""}}},{""Parent"":{""Id"":""0PSd0000000H4x3GAC"",""Type"":""Profile"",""Label"":""00ed0000000jcCTAAY"",""PermissionSetGroupId"":null,""Profile"":{""attributes"":{""type"":""Profile"",""url"":""/services/data/v53.0/sobjects/Profile/00ed0000000jcCTAAY""},""Id"":""00ed0000000jcCTAAY"",""Name"":""ASU Service - Print Anywhere Tier 2""}}},{""Parent"":{""Id"":""0PSd0000000H4x8GAC"",""Type"":""Profile"",""Label"":""00ed0000000jcCYAAY"",""PermissionSetGroupId"":null,""Profile"":{""attributes"":{""type"":""Profile"",""url"":""/services/data/v53.0/sobjects/Profile/00ed0000000jcCYAAY""},""Id"":""00ed0000000jcCYAAY"",""Name"":""ASU Service - Sun Devil Fitness""}}},{""Parent"":{""Id"":""0PSd0000000H523GAC"",""Type"":""Profile"",""Label"":""00ed0000000jcFDAAY"",""PermissionSetGroupId"":null,""Profile"":{""attributes"":{""type"":""Profile"",""url"":""/services/data/v53.0/sobjects/Profile/00ed0000000jcFDAAY""},""Id"":""00ed0000000jcFDAAY"",""Name"":""ASU Service - MU Information Desk""}}},{""Parent"":{""Id"":""0PSd0000000H55HGAS"",""Type"":""Profile"",""Label"":""00ed0000000jcGQAAY"",""PermissionSetGroupId"":null,""Profile"":{""attributes"":{""type"":""Profile"",""url"":""/services/data/v53.0/sobjects/Profile/00ed0000000jcGQAAY""},""Id"":""00ed0000000jcGQAAY"",""Name"":""ASU Service - Sun Devil Dining""}}},{""Parent"":{""Id"":""0PSd0000000H5zBGAS"",""Type"":""Profile"",""Label"":""00ed0000000jcPXAAY"",""PermissionSetGroupId"":null,""Profile"":{""attributes"":{""type"":""Profile"",""url"":""/services/data/v53.0/sobjects/Profile/00ed0000000jcPXAAY""},""Id"":""00ed0000000jcPXAAY"",""Name"":""ASU Service - Student Government""}}},{""Parent"":{""Id"":""0PSd0000000H6BWGA0"",""Type"":""Profile"",""Label"":""00ed0000000jcWYAAY"",""PermissionSetGroupId"":null,""Profile"":{""attributes"":{""type"":""Profile"",""url"":""/services/data/v53.0/sobjects/Profile/00ed0000000jcWYAAY""},""Id"":""00ed0000000jcWYAAY"",""Name"":""ASU Service - Strategic Initiatives""}}},{""Parent"":{""Id"":""0PSd0000000qieNGAQ"",""Type"":""Profile"",""Label"":""00ed00000019hzBAAQ"",""PermissionSetGroupId"":null,""Profile"":{""attributes"":{""type"":""Profile"",""url"":""/services/data/v53.0/sobjects/Profile/00ed00000019hzBAAQ""},""Id"":""00ed00000019hzBAAQ"",""Name"":""Customer Community Login User""}}},{""Parent"":{""Id"":""0PSd0000000qjenGAA"",""Type"":""Profile"",""Label"":""00ed00000019invAAA"",""PermissionSetGroupId"":null,""Profile"":{""attributes"":{""type"":""Profile"",""url"":""/services/data/v53.0/sobjects/Profile/00ed00000019invAAA""},""Id"":""00ed00000019invAAA"",""Name"":""ASU Read Only""}}},{""Parent"":{""Id"":""0PSd0000000qu4sGAA"",""Type"":""Profile"",""Label"":""00ed00000019t5vAAA"",""PermissionSetGroupId"":null,""Profile"":{""attributes"":{""type"":""Profile"",""url"":""/services/data/v53.0/sobjects/Profile/00ed00000019t5vAAA""},""Id"":""00ed00000019t5vAAA"",""Name"":""ASU Knowledge User""}}},{""Parent"":{""Id"":""0PSd0000000qujbGAA"",""Type"":""Profile"",""Label"":""00ed00000019te6AAA"",""PermissionSetGroupId"":null,""Profile"":{""attributes"":{""type"":""Profile"",""url"":""/services/data/v53.0/sobjects/Profile/00ed00000019te6AAA""},""Id"":""00ed00000019te6AAA"",""Name"":""Force.com - App Subscription User""}}},{""Parent"":{""Id"":""0PSd0000000qUhbGAE"",""Type"":""Profile"",""Label"":""00ed00000019TqNAAU"",""PermissionSetGroupId"":null,""Profile"":{""attributes"":{""type"":""Profile"",""url"":""/services/data/v53.0/sobjects/Profile/00ed00000019TqNAAU""},""Id"":""00ed00000019TqNAAU"",""Name"":""ASU Marketing User""}}},{""Parent"":{""Id"":""0PSd0000000qzaSGAQ"",""Type"":""Profile"",""Label"":""00ed00000019yBlAAI"",""PermissionSetGroupId"":null,""Profile"":{""attributes"":{""type"":""Profile"",""url"":""/services/data/v53.0/sobjects/Profile/00ed00000019yBlAAI""},""Id"":""00ed00000019yBlAAI"",""Name"":""ASU Service - Financial Aid""}}},{""Parent"":{""Id"":""0PSd0000000qzawGAA"",""Type"":""Profile"",""Label"":""00ed00000019yC5AAI"",""PermissionSetGroupId"":null,""Profile"":{""attributes"":{""type"":""Profile"",""url"":""/services/data/v53.0/sobjects/Profile/00ed00000019yC5AAI""},""Id"":""00ed00000019yC5AAI"",""Name"":""ASU Service - Registrar""}}},{""Parent"":{""Id"":""0PSd0000000qzb1GAA"",""Type"":""Profile"",""Label"":""00ed00000019yCAAAY"",""PermissionSetGroupId"":null,""Profile"":{""attributes"":{""type"":""Profile"",""url"":""/services/data/v53.0/sobjects/Profile/00ed00000019yCAAAY""},""Id"":""00ed00000019yCAAAY"",""Name"":""ASU Service - Student Business Services""}}},{""Parent"":{""Id"":""0PSd0000000qzbkGAA"",""Type"":""Profile"",""Label"":""00ed00000019yCpAAI"",""PermissionSetGroupId"":null,""Profile"":{""attributes"":{""type"":""Profile"",""url"":""/services/data/v53.0/sobjects/Profile/00ed00000019yCpAAI""},""Id"":""00ed00000019yCpAAI"",""Name"":""ASU Chatter User""}}},{""Parent"":{""Id"":""0PSd0000000qzl5GAA"",""Type"":""Profile"",""Label"":""00ed00000019yKBAAY"",""PermissionSetGroupId"":null,""Profile"":{""attributes"":{""type"":""Profile"",""url"":""/services/data/v53.0/sobjects/Profile/00ed00000019yKBAAY""},""Id"":""00ed00000019yKBAAY"",""Name"":""ASU View All Data""}}},{""Parent"":{""Id"":""0PSd0000000r0bvGAA"",""Type"":""Profile"",""Label"":""00ed00000019z5nAAA"",""PermissionSetGroupId"":null,""Profile"":{""attributes"":{""type"":""Profile"",""url"":""/services/data/v53.0/sobjects/Profile/00ed00000019z5nAAA""},""Id"":""00ed00000019z5nAAA"",""Name"":""ASU Community""}}},{""Parent"":{""Id"":""0PSd0000000r0c0GAA"",""Type"":""Profile"",""Label"":""00ed00000019z5sAAA"",""PermissionSetGroupId"":null,""Profile"":{""attributes"":{""type"":""Profile"",""url"":""/services/data/v53.0/sobjects/Profile/00ed00000019z5sAAA""},""Id"":""00ed00000019z5sAAA"",""Name"":""ASU Community CAP""}}},{""Parent"":{""Id"":""0PSd0000000r0cAGAQ"",""Type"":""Profile"",""Label"":""00ed00000019z62AAA"",""PermissionSetGroupId"":null,""Profile"":{""attributes"":{""type"":""Profile"",""url"":""/services/data/v53.0/sobjects/Profile/00ed00000019z62AAA""},""Id"":""00ed00000019z62AAA"",""Name"":""ASU Service - ASU Online""}}},{""Parent"":{""Id"":""0PSd0000000r0cFGAQ"",""Type"":""Profile"",""Label"":""00ed00000019z67AAA"",""PermissionSetGroupId"":null,""Profile"":{""attributes"":{""type"":""Profile"",""url"":""/services/data/v53.0/sobjects/Profile/00ed00000019z67AAA""},""Id"":""00ed00000019z67AAA"",""Name"":""ASU Service - ESM Online""}}},{""Parent"":{""Id"":""0PSd0000000r0cKGAQ"",""Type"":""Profile"",""Label"":""00ed00000019z6CAAQ"",""PermissionSetGroupId"":null,""Profile"":{""attributes"":{""type"":""Profile"",""url"":""/services/data/v53.0/sobjects/Profile/00ed00000019z6CAAQ""},""Id"":""00ed00000019z6CAAQ"",""Name"":""ASU Service - Help Desk""}}},{""Parent"":{""Id"":""0PSd0000000r0qtGAA"",""Type"":""Profile"",""Label"":""00ed00000019zIqAAI"",""PermissionSetGroupId"":null,""Profile"":{""attributes"":{""type"":""Profile"",""url"":""/services/data/v53.0/sobjects/Profile/00ed00000019zIqAAI""},""Id"":""00ed00000019zIqAAI"",""Name"":""ASU Service - W. P. Carey Tech Services""}}},{""Parent"":{""Id"":""0PSd0000000r1SFGAY"",""Type"":""Profile"",""Label"":""00ed00000019zqdAAA"",""PermissionSetGroupId"":null,""Profile"":{""attributes"":{""type"":""Profile"",""url"":""/services/data/v53.0/sobjects/Profile/00ed00000019zqdAAA""},""Id"":""00ed00000019zqdAAA"",""Name"":""ASU Service - Tech Studio""}}},{""Parent"":{""Id"":""0PSd0000000r1SKGAY"",""Type"":""Profile"",""Label"":""00ed00000019zqiAAA"",""PermissionSetGroupId"":null,""Profile"":{""attributes"":{""type"":""Profile"",""url"":""/services/data/v53.0/sobjects/Profile/00ed00000019zqiAAA""},""Id"":""00ed00000019zqiAAA"",""Name"":""ASU Service - Engineering IT""}}},{""Parent"":{""Id"":""0PSd0000000r1SAGAY"",""Type"":""Profile"",""Label"":""00ed00000019zqYAAQ"",""PermissionSetGroupId"":null,""Profile"":{""attributes"":{""type"":""Profile"",""url"":""/services/data/v53.0/sobjects/Profile/00ed00000019zqYAAQ""},""Id"":""00ed00000019zqYAAQ"",""Name"":""ASU Service - Identity Management""}}},{""Parent"":{""Id"":""0PSd0000000r2e7GAA"",""Type"":""Profile"",""Label"":""00ed0000001A0pMAAS"",""PermissionSetGroupId"":null,""Profile"":{""attributes"":{""type"":""Profile"",""url"":""/services/data/v53.0/sobjects/Profile/00ed0000001A0pMAAS""},""Id"":""00ed0000001A0pMAAS"",""Name"":""ASU Service - Student Success Innovations""}}},{""Parent"":{""Id"":""0PSd0000000r2eCGAQ"",""Type"":""Profile"",""Label"":""00ed0000001A0pRAAS"",""PermissionSetGroupId"":null,""Profile"":{""attributes"":{""type"":""Profile"",""url"":""/services/data/v53.0/sobjects/Profile/00ed0000001A0pRAAS""},""Id"":""00ed0000001A0pRAAS"",""Name"":""ASU Service - Office of the President""}}},{""Parent"":{""Id"":""0PSd0000000r28IGAQ"",""Type"":""Profile"",""Label"":""00ed0000001A0PwAAK"",""PermissionSetGroupId"":null,""Profile"":{""attributes"":{""type"":""Profile"",""url"":""/services/data/v53.0/sobjects/Profile/00ed0000001A0PwAAK""},""Id"":""00ed0000001A0PwAAK"",""Name"":""ASU Service - Library Services(ARCHIVE)""}}},{""Parent"":{""Id"":""0PSd0000000r3amGAA"",""Type"":""Profile"",""Label"":""00ed0000001A1eqAAC"",""PermissionSetGroupId"":null,""Profile"":{""attributes"":{""type"":""Profile"",""url"":""/services/data/v53.0/sobjects/Profile/00ed0000001A1eqAAC""},""Id"":""00ed0000001A1eqAAC"",""Name"":""ASU Service - Integrated Services""}}},{""Parent"":{""Id"":""0PSd0000000r39YGAQ"",""Type"":""Profile"",""Label"":""00ed0000001A1GfAAK"",""PermissionSetGroupId"":null,""Profile"":{""attributes"":{""type"":""Profile"",""url"":""/services/data/v53.0/sobjects/Profile/00ed0000001A1GfAAK""},""Id"":""00ed0000001A1GfAAK"",""Name"":""ASU Service - TEMPLATE""}}},{""Parent"":{""Id"":""0PSd0000000r3KbGAI"",""Type"":""Profile"",""Label"":""00ed0000001A1OlAAK"",""PermissionSetGroupId"":null,""Profile"":{""attributes"":{""type"":""Profile"",""url"":""/services/data/v53.0/sobjects/Profile/00ed0000001A1OlAAK""},""Id"":""00ed0000001A1OlAAK"",""Name"":""ASU Service - Graduate College""}}},{""Parent"":{""Id"":""0PSd0000000r3syGAA"",""Type"":""Profile"",""Label"":""00ed0000001A1s3AAC"",""PermissionSetGroupId"":null,""Profile"":{""attributes"":{""type"":""Profile"",""url"":""/services/data/v53.0/sobjects/Profile/00ed0000001A1s3AAC""},""Id"":""00ed0000001A1s3AAC"",""Name"":""ASU Recruitment - Applicant Services""}}},{""Parent"":{""Id"":""0PSd0000000r3t3GAA"",""Type"":""Profile"",""Label"":""00ed0000001A1s8AAC"",""PermissionSetGroupId"":null,""Profile"":{""attributes"":{""type"":""Profile"",""url"":""/services/data/v53.0/sobjects/Profile/00ed0000001A1s8AAC""},""Id"":""00ed0000001A1s8AAC"",""Name"":""ASU Recruitment - Business Operations""}}},{""Parent"":{""Id"":""0PSd0000000r3t8GAA"",""Type"":""Profile"",""Label"":""00ed0000001A1sDAAS"",""PermissionSetGroupId"":null,""Profile"":{""attributes"":{""type"":""Profile"",""url"":""/services/data/v53.0/sobjects/Profile/00ed0000001A1sDAAS""},""Id"":""00ed0000001A1sDAAS"",""Name"":""ASU Recruitment - Freshman Recruiter""}}},{""Parent"":{""Id"":""0PSd0000000r3tcGAA"",""Type"":""Profile"",""Label"":""00ed0000001A1shAAC"",""PermissionSetGroupId"":null,""Profile"":{""attributes"":{""type"":""Profile"",""url"":""/services/data/v53.0/sobjects/Profile/00ed0000001A1shAAC""},""Id"":""00ed0000001A1shAAC"",""Name"":""ASU Recruitment - Admission Services""}}},{""Parent"":{""Id"":""0PSd0000000r3tDGAQ"",""Type"":""Profile"",""Label"":""00ed0000001A1sIAAS"",""PermissionSetGroupId"":null,""Profile"":{""attributes"":{""type"":""Profile"",""url"":""/services/data/v53.0/sobjects/Profile/00ed0000001A1sIAAS""},""Id"":""00ed0000001A1sIAAS"",""Name"":""ASU Recruitment - Transfer Recruiter""}}},{""Parent"":{""Id"":""0PSd0000000r3tIGAQ"",""Type"":""Profile"",""Label"":""00ed0000001A1sNAAS"",""PermissionSetGroupId"":null,""Profile"":{""attributes"":{""type"":""Profile"",""url"":""/services/data/v53.0/sobjects/Profile/00ed0000001A1sNAAS""},""Id"":""00ed0000001A1sNAAS"",""Name"":""ASU Recruitment - International Recruiter""}}},{""Parent"":{""Id"":""0PSd0000000r3tNGAQ"",""Type"":""Profile"",""Label"":""00ed0000001A1sSAAS"",""PermissionSetGroupId"":null,""Profile"":{""attributes"":{""type"":""Profile"",""url"":""/services/data/v53.0/sobjects/Profile/00ed0000001A1sSAAS""},""Id"":""00ed0000001A1sSAAS"",""Name"":""ASU Recruitment - Events""}}},{""Parent"":{""Id"":""0PSd0000000r3tSGAQ"",""Type"":""Profile"",""Label"":""00ed0000001A1sXAAS"",""PermissionSetGroupId"":null,""Profile"":{""attributes"":{""type"":""Profile"",""url"":""/services/data/v53.0/sobjects/Profile/00ed0000001A1sXAAS""},""Id"":""00ed0000001A1sXAAS"",""Name"":""ASU Recruitment - Havasu""}}},{""Parent"":{""Id"":""0PSd0000000r453GAA"",""Type"":""Profile"",""Label"":""00ed0000001A204AAC"",""PermissionSetGroupId"":null,""Profile"":{""attributes"":{""type"":""Profile"",""url"":""/services/data/v53.0/sobjects/Profile/00ed0000001A204AAC""},""Id"":""00ed0000001A204AAC"",""Name"":""ASU Recruitment - Leads (ESISD)""}}},{""Parent"":{""Id"":""0PSd0000000r49zGAA"",""Type"":""Profile"",""Label"":""00ed0000001A24iAAC"",""PermissionSetGroupId"":null,""Profile"":{""attributes"":{""type"":""Profile"",""url"":""/services/data/v53.0/sobjects/Profile/00ed0000001A24iAAC""},""Id"":""00ed0000001A24iAAC"",""Name"":""ASU Corporate Relations""}}},{""Parent"":{""Id"":""0PSd0000000r4s2GAA"",""Type"":""Profile"",""Label"":""00ed0000001A2dLAAS"",""PermissionSetGroupId"":null,""Profile"":{""attributes"":{""type"":""Profile"",""url"":""/services/data/v53.0/sobjects/Profile/00ed0000001A2dLAAS""},""Id"":""00ed0000001A2dLAAS"",""Name"":""ASU Service - Engineering - Dean's Office""}}},{""Parent"":{""Id"":""0PSd0000000r4tZGAQ"",""Type"":""Profile"",""Label"":""00ed0000001A2eaAAC"",""PermissionSetGroupId"":null,""Profile"":{""attributes"":{""type"":""Profile"",""url"":""/services/data/v53.0/sobjects/Profile/00ed0000001A2eaAAC""},""Id"":""00ed0000001A2eaAAC"",""Name"":""ASU Service - Engineering - GOEE""}}},{""Parent"":{""Id"":""0PSd0000000r4teGAA"",""Type"":""Profile"",""Label"":""00ed0000001A2efAAC"",""PermissionSetGroupId"":null,""Profile"":{""attributes"":{""type"":""Profile"",""url"":""/services/data/v53.0/sobjects/Profile/00ed0000001A2efAAC""},""Id"":""00ed0000001A2efAAC"",""Name"":""ASU Service - Engineering - Poly""}}},{""Parent"":{""Id"":""0PSd0000000r4tjGAA"",""Type"":""Profile"",""Label"":""00ed0000001A2ekAAC"",""PermissionSetGroupId"":null,""Profile"":{""attributes"":{""type"":""Profile"",""url"":""/services/data/v53.0/sobjects/Profile/00ed0000001A2ekAAC""},""Id"":""00ed0000001A2ekAAC"",""Name"":""ASU Service - Engineering - SBHSE""}}},{""Parent"":{""Id"":""0PSd0000000r4toGAA"",""Type"":""Profile"",""Label"":""00ed0000001A2epAAC"",""PermissionSetGroupId"":null,""Profile"":{""attributes"":{""type"":""Profile"",""url"":""/services/data/v53.0/sobjects/Profile/00ed0000001A2epAAC""},""Id"":""00ed0000001A2epAAC"",""Name"":""ASU Service - Engineering - SEMTE""}}},{""Parent"":{""Id"":""0PSd0000000r4ttGAA"",""Type"":""Profile"",""Label"":""00ed0000001A2euAAC"",""PermissionSetGroupId"":null,""Profile"":{""attributes"":{""type"":""Profile"",""url"":""/services/data/v53.0/sobjects/Profile/00ed0000001A2euAAC""},""Id"":""00ed0000001A2euAAC"",""Name"":""ASU Service - Engineering - SSEBE""}}},{""Parent"":{""Id"":""0PSd0000000r4tUGAQ"",""Type"":""Profile"",""Label"":""00ed0000001A2eVAAS"",""PermissionSetGroupId"":null,""Profile"":{""attributes"":{""type"":""Profile"",""url"":""/services/data/v53.0/sobjects/Profile/00ed0000001A2eVAAS""},""Id"":""00ed0000001A2eVAAS"",""Name"":""ASU Service - Engineering - ECEE""}}},{""Parent"":{""Id"":""0PSd0000000r4tyGAA"",""Type"":""Profile"",""Label"":""00ed0000001A2ezAAC"",""PermissionSetGroupId"":null,""Profile"":{""attributes"":{""type"":""Profile"",""url"":""/services/data/v53.0/sobjects/Profile/00ed0000001A2ezAAC""},""Id"":""00ed0000001A2ezAAC"",""Name"":""ASU Service - Engineering - CIDSE""}}},{""Parent"":{""Id"":""0PSd0000000r4bhGAA"",""Type"":""Profile"",""Label"":""00ed0000001A2QNAA0"",""PermissionSetGroupId"":null,""Profile"":{""attributes"":{""type"":""Profile"",""url"":""/services/data/v53.0/sobjects/Profile/00ed0000001A2QNAA0""},""Id"":""00ed0000001A2QNAA0"",""Name"":""ASU Service - Access ASU Outreach""}}},{""Parent"":{""Id"":""0PSd0000000r5c8GAA"",""Type"":""Profile"",""Label"":""00ed0000001A3CUAA0"",""PermissionSetGroupId"":null,""Profile"":{""attributes"":{""type"":""Profile"",""url"":""/services/data/v53.0/sobjects/Profile/00ed0000001A3CUAA0""},""Id"":""00ed0000001A3CUAA0"",""Name"":""ASU Service - New Student Programs""}}},{""Parent"":{""Id"":""0PSd0000000r6MUGAY"",""Type"":""Profile"",""Label"":""00ed0000001A3nIAAS"",""PermissionSetGroupId"":null,""Profile"":{""attributes"":{""type"":""Profile"",""url"":""/services/data/v53.0/sobjects/Profile/00ed0000001A3nIAAS""},""Id"":""00ed0000001A3nIAAS"",""Name"":""ASU Service - University Housing""}}},{""Parent"":{""Id"":""0PSd0000000r60sGAA"",""Type"":""Profile"",""Label"":""00ed0000001A3X8AAK"",""PermissionSetGroupId"":null,""Profile"":{""attributes"":{""type"":""Profile"",""url"":""/services/data/v53.0/sobjects/Profile/00ed0000001A3X8AAK""},""Id"":""00ed0000001A3X8AAK"",""Name"":""ASU Training - College of ASU""}}},{""Parent"":{""Id"":""0PSd0000000r60xGAA"",""Type"":""Profile"",""Label"":""00ed0000001A3XDAA0"",""PermissionSetGroupId"":null,""Profile"":{""attributes"":{""type"":""Profile"",""url"":""/services/data/v53.0/sobjects/Profile/00ed0000001A3XDAA0""},""Id"":""00ed0000001A3XDAA0"",""Name"":""ASU Training - Department of ASU""}}},{""Parent"":{""Id"":""0PSd0000000r6ggGAA"",""Type"":""Profile"",""Label"":""00ed0000001A41pAAC"",""PermissionSetGroupId"":null,""Profile"":{""attributes"":{""type"":""Profile"",""url"":""/services/data/v53.0/sobjects/Profile/00ed0000001A41pAAC""},""Id"":""00ed0000001A41pAAC"",""Name"":""ASU Service - Sustainability""}}},{""Parent"":{""Id"":""0PSd0000000r6pgGAA"",""Type"":""Profile"",""Label"":""00ed0000001A49IAAS"",""PermissionSetGroupId"":null,""Profile"":{""attributes"":{""type"":""Profile"",""url"":""/services/data/v53.0/sobjects/Profile/00ed0000001A49IAAS""},""Id"":""00ed0000001A49IAAS"",""Name"":""ASU Service - Teachers College""}}},{""Parent"":{""Id"":""0PSd0000000r7PNGAY"",""Type"":""Profile"",""Label"":""00ed0000001A4dEAAS"",""PermissionSetGroupId"":null,""Profile"":{""attributes"":{""type"":""Profile"",""url"":""/services/data/v53.0/sobjects/Profile/00ed0000001A4dEAAS""},""Id"":""00ed0000001A4dEAAS"",""Name"":""ASU Service - Public Service""}}},{""Parent"":{""Id"":""0PSd0000000r7C5GAI"",""Type"":""Profile"",""Label"":""00ed0000001A4OpAAK"",""PermissionSetGroupId"":null,""Profile"":{""attributes"":{""type"":""Profile"",""url"":""/services/data/v53.0/sobjects/Profile/00ed0000001A4OpAAK""},""Id"":""00ed0000001A4OpAAK"",""Name"":""ASU Service - Nursing""}}},{""Parent"":{""Id"":""0PSd0000000r7FiGAI"",""Type"":""Profile"",""Label"":""00ed0000001A4RAAA0"",""PermissionSetGroupId"":null,""Profile"":{""attributes"":{""type"":""Profile"",""url"":""/services/data/v53.0/sobjects/Profile/00ed0000001A4RAAA0""},""Id"":""00ed0000001A4RAAA0"",""Name"":""ASU Service - Health Solutions""}}},{""Parent"":{""Id"":""0PSd0000000r7nEGAQ"",""Type"":""Profile"",""Label"":""00ed0000001A4x8AAC"",""PermissionSetGroupId"":null,""Profile"":{""attributes"":{""type"":""Profile"",""url"":""/services/data/v53.0/sobjects/Profile/00ed0000001A4x8AAC""},""Id"":""00ed0000001A4x8AAC"",""Name"":""ASU Service - New College""}}},{""Parent"":{""Id"":""0PSd0000000r7tuGAA"",""Type"":""Profile"",""Label"":""00ed0000001A52VAAS"",""PermissionSetGroupId"":null,""Profile"":{""attributes"":{""type"":""Profile"",""url"":""/services/data/v53.0/sobjects/Profile/00ed0000001A52VAAS""},""Id"":""00ed0000001A52VAAS"",""Name"":""ASU Service - Universal Learner Courses""}}},{""Parent"":{""Id"":""0PSd0000000r7v8GAA"",""Type"":""Profile"",""Label"":""00ed0000001A53VAAS"",""PermissionSetGroupId"":null,""Profile"":{""attributes"":{""type"":""Profile"",""url"":""/services/data/v53.0/sobjects/Profile/00ed0000001A53VAAS""},""Id"":""00ed0000001A53VAAS"",""Name"":""ASU Service - LMS Support""}}},{""Parent"":{""Id"":""0PSd0000000r8fDGAQ"",""Type"":""Profile"",""Label"":""00ed0000001A5dbAAC"",""PermissionSetGroupId"":null,""Profile"":{""attributes"":{""type"":""Profile"",""url"":""/services/data/v53.0/sobjects/Profile/00ed0000001A5dbAAC""},""Id"":""00ed0000001A5dbAAC"",""Name"":""ASU Service - Academic Transfer Credit Solutions""}}},{""Parent"":{""Id"":""0PSd0000000r8gGGAQ"",""Type"":""Profile"",""Label"":""00ed0000001A5e5AAC"",""PermissionSetGroupId"":null,""Profile"":{""attributes"":{""type"":""Profile"",""url"":""/services/data/v53.0/sobjects/Profile/00ed0000001A5e5AAC""},""Id"":""00ed0000001A5e5AAC"",""Name"":""ASU Service - TC - Dean's Office""}}},{""Parent"":{""Id"":""0PSd0000000r8zQGAQ"",""Type"":""Profile"",""Label"":""00ed0000001A5pHAAS"",""PermissionSetGroupId"":null,""Profile"":{""attributes"":{""type"":""Profile"",""url"":""/services/data/v53.0/sobjects/Profile/00ed0000001A5pHAAS""},""Id"":""00ed0000001A5pHAAS"",""Name"":""ASU Service - TC - English""}}},{""Parent"":{""Id"":""0PSd0000000r8zVGAQ"",""Type"":""Profile"",""Label"":""00ed0000001A5pMAAS"",""PermissionSetGroupId"":null,""Profile"":{""attributes"":{""type"":""Profile"",""url"":""/services/data/v53.0/sobjects/Profile/00ed0000001A5pMAAS""},""Id"":""00ed0000001A5pMAAS"",""Name"":""ASU Service - TC - SILC""}}},{""Parent"":{""Id"":""0PSd0000000r8zaGAA"",""Type"":""Profile"",""Label"":""00ed0000001A5pRAAS"",""PermissionSetGroupId"":null,""Profile"":{""attributes"":{""type"":""Profile"",""url"":""/services/data/v53.0/sobjects/Profile/00ed0000001A5pRAAS""},""Id"":""00ed0000001A5pRAAS"",""Name"":""ASU Service - TC - SHPRS""}}},{""Parent"":{""Id"":""0PSd0000000r93BGAQ"",""Type"":""Profile"",""Label"":""00ed0000001A5rcAAC"",""PermissionSetGroupId"":null,""Profile"":{""attributes"":{""type"":""Profile"",""url"":""/services/data/v53.0/sobjects/Profile/00ed0000001A5rcAAC""},""Id"":""00ed0000001A5rcAAC"",""Name"":""ASU Service - TC - SESE""}}},{""Parent"":{""Id"":""0PSd0000000r92mGAA"",""Type"":""Profile"",""Label"":""00ed0000001A5rDAAS"",""PermissionSetGroupId"":null,""Profile"":{""attributes"":{""type"":""Profile"",""url"":""/services/data/v53.0/sobjects/Profile/00ed0000001A5rDAAS""},""Id"":""00ed0000001A5rDAAS"",""Name"":""ASU Service - TC - SOLS""}}},{""Parent"":{""Id"":""0PSd0000000r92rGAA"",""Type"":""Profile"",""Label"":""00ed0000001A5rIAAS"",""PermissionSetGroupId"":null,""Profile"":{""attributes"":{""type"":""Profile"",""url"":""/services/data/v53.0/sobjects/Profile/00ed0000001A5rIAAS""},""Id"":""00ed0000001A5rIAAS"",""Name"":""ASU Service - TC - SoMSS""}}},{""Parent"":{""Id"":""0PSd0000000r92wGAA"",""Type"":""Profile"",""Label"":""00ed0000001A5rNAAS"",""PermissionSetGroupId"":null,""Profile"":{""attributes"":{""type"":""Profile"",""url"":""/services/data/v53.0/sobjects/Profile/00ed0000001A5rNAAS""},""Id"":""00ed0000001A5rNAAS"",""Name"":""ASU Service - TC  - SMS""}}},{""Parent"":{""Id"":""0PSd0000000r931GAA"",""Type"":""Profile"",""Label"":""00ed0000001A5rSAAS"",""PermissionSetGroupId"":null,""Profile"":{""attributes"":{""type"":""Profile"",""url"":""/services/data/v53.0/sobjects/Profile/00ed0000001A5rSAAS""},""Id"":""00ed0000001A5rSAAS"",""Name"":""ASU Service - TC - Physics""}}},{""Parent"":{""Id"":""0PSd0000000r936GAA"",""Type"":""Profile"",""Label"":""00ed0000001A5rXAAS"",""PermissionSetGroupId"":null,""Profile"":{""attributes"":{""type"":""Profile"",""url"":""/services/data/v53.0/sobjects/Profile/00ed0000001A5rXAAS""},""Id"":""00ed0000001A5rXAAS"",""Name"":""ASU Service - TC - Psychology""}}},{""Parent"":{""Id"":""0PSd0000000r8PUGAY"",""Type"":""Profile"",""Label"":""00ed0000001A5S7AAK"",""PermissionSetGroupId"":null,""Profile"":{""attributes"":{""type"":""Profile"",""url"":""/services/data/v53.0/sobjects/Profile/00ed0000001A5S7AAK""},""Id"":""00ed0000001A5S7AAK"",""Name"":""ASU Service - Curricular Activities and Actions""}}},{""Parent"":{""Id"":""0PSd0000000r8QpGAI"",""Type"":""Profile"",""Label"":""00ed0000001A5T8AAK"",""PermissionSetGroupId"":null,""Profile"":{""attributes"":{""type"":""Profile"",""url"":""/services/data/v53.0/sobjects/Profile/00ed0000001A5T8AAK""},""Id"":""00ed0000001A5T8AAK"",""Name"":""ASU Chatter Marketing Cloud User""}}},{""Parent"":{""Id"":""0PSd0000000r97mGAA"",""Type"":""Profile"",""Label"":""00ed0000001A5udAAC"",""PermissionSetGroupId"":null,""Profile"":{""attributes"":{""type"":""Profile"",""url"":""/services/data/v53.0/sobjects/Profile/00ed0000001A5udAAC""},""Id"":""00ed0000001A5udAAC"",""Name"":""ASU Service - TC - STS""}}},{""Parent"":{""Id"":""0PSd0000000r97SGAQ"",""Type"":""Profile"",""Label"":""00ed0000001A5uJAAS"",""PermissionSetGroupId"":null,""Profile"":{""attributes"":{""type"":""Profile"",""url"":""/services/data/v53.0/sobjects/Profile/00ed0000001A5uJAAS""},""Id"":""00ed0000001A5uJAAS"",""Name"":""ASU Service - TC - SGSUP""}}},{""Parent"":{""Id"":""0PSd0000000r97XGAQ"",""Type"":""Profile"",""Label"":""00ed0000001A5uOAAS"",""PermissionSetGroupId"":null,""Profile"":{""attributes"":{""type"":""Profile"",""url"":""/services/data/v53.0/sobjects/Profile/00ed0000001A5uOAAS""},""Id"":""00ed0000001A5uOAAS"",""Name"":""ASU Service - TC - HDSHC""}}},{""Parent"":{""Id"":""0PSd0000000r97cGAA"",""Type"":""Profile"",""Label"":""00ed0000001A5uTAAS"",""PermissionSetGroupId"":null,""Profile"":{""attributes"":{""type"":""Profile"",""url"":""/services/data/v53.0/sobjects/Profile/00ed0000001A5uTAAS""},""Id"":""00ed0000001A5uTAAS"",""Name"":""ASU Service - TC - SPGS""}}},{""Parent"":{""Id"":""0PSd0000000r97hGAA"",""Type"":""Profile"",""Label"":""00ed0000001A5uYAAS"",""PermissionSetGroupId"":null,""Profile"":{""attributes"":{""type"":""Profile"",""url"":""/services/data/v53.0/sobjects/Profile/00ed0000001A5uYAAS""},""Id"":""00ed0000001A5uYAAS"",""Name"":""ASU Service - TC - SHESC""}}},{""Parent"":{""Id"":""0PSd0000000r9AFGAY"",""Type"":""Profile"",""Label"":""00ed0000001A5vnAAC"",""PermissionSetGroupId"":null,""Profile"":{""attributes"":{""type"":""Profile"",""url"":""/services/data/v53.0/sobjects/Profile/00ed0000001A5vnAAC""},""Id"":""00ed0000001A5vnAAC"",""Name"":""ASU Service - Integrative Sciences and Arts""}}},{""Parent"":{""Id"":""0PSd0000000r8ZaGAI"",""Type"":""Profile"",""Label"":""00ed0000001A5ZRAA0"",""PermissionSetGroupId"":null,""Profile"":{""attributes"":{""type"":""Profile"",""url"":""/services/data/v53.0/sobjects/Profile/00ed0000001A5ZRAA0""},""Id"":""00ed0000001A5ZRAA0"",""Name"":""ASU Service - Global Education Office""}}},{""Parent"":{""Id"":""0PSd0000000rAdhGAE"",""Type"":""Profile"",""Label"":""00ed0000001A6alAAC"",""PermissionSetGroupId"":null,""Profile"":{""attributes"":{""type"":""Profile"",""url"":""/services/data/v53.0/sobjects/Profile/00ed0000001A6alAAC""},""Id"":""00ed0000001A6alAAC"",""Name"":""ASU Service - Student & Cultural Engagement""}}},{""Parent"":{""Id"":""0PSd0000000rAdmGAE"",""Type"":""Profile"",""Label"":""00ed0000001A6aqAAC"",""PermissionSetGroupId"":null,""Profile"":{""attributes"":{""type"":""Profile"",""url"":""/services/data/v53.0/sobjects/Profile/00ed0000001A6aqAAC""},""Id"":""00ed0000001A6aqAAC"",""Name"":""ASU Service - International Student Engagement""}}},{""Parent"":{""Id"":""0PSd0000000rAdrGAE"",""Type"":""Profile"",""Label"":""00ed0000001A6avAAC"",""PermissionSetGroupId"":null,""Profile"":{""attributes"":{""type"":""Profile"",""url"":""/services/data/v53.0/sobjects/Profile/00ed0000001A6avAAC""},""Id"":""00ed0000001A6avAAC"",""Name"":""ASU Service - Changemaker Central""}}},{""Parent"":{""Id"":""0PSd0000001o7dEGAQ"",""Type"":""Profile"",""Label"":""00ed0000002FFdnAAG"",""PermissionSetGroupId"":null,""Profile"":{""attributes"":{""type"":""Profile"",""url"":""/services/data/v53.0/sobjects/Profile/00ed0000002FFdnAAG""},""Id"":""00ed0000002FFdnAAG"",""Name"":""Premier Support User""}}},{""Parent"":{""Id"":""0PSd0000001o7EsGAI"",""Type"":""Profile"",""Label"":""00ed0000002FFRcAAO"",""PermissionSetGroupId"":null,""Profile"":{""attributes"":{""type"":""Profile"",""url"":""/services/data/v53.0/sobjects/Profile/00ed0000002FFRcAAO""},""Id"":""00ed0000002FFRcAAO"",""Name"":""ASU Recruitment - Freshman Recruiter (Temp Access to Org Wide)""}}},{""Parent"":{""Id"":""0PSd0000001o7ETGAY"",""Type"":""Profile"",""Label"":""00ed0000002FFRSAA4"",""PermissionSetGroupId"":null,""Profile"":{""attributes"":{""type"":""Profile"",""url"":""/services/data/v53.0/sobjects/Profile/00ed0000002FFRSAA4""},""Id"":""00ed0000002FFRSAA4"",""Name"":""ASU Service - Sun Devil Athletics""}}},{""Parent"":{""Id"":""0PSd0000001o7HmGAI"",""Type"":""Profile"",""Label"":""00ed0000002FFSLAA4"",""PermissionSetGroupId"":null,""Profile"":{""attributes"":{""type"":""Profile"",""url"":""/services/data/v53.0/sobjects/Profile/00ed0000002FFSLAA4""},""Id"":""00ed0000002FFSLAA4"",""Name"":""ASU Service - Office of the President (Temp Access to Org Wide)""}}},{""Parent"":{""Id"":""0PSd0000001o7VKGAY"",""Type"":""Profile"",""Label"":""00ed0000002FFY4AAO"",""PermissionSetGroupId"":null,""Profile"":{""attributes"":{""type"":""Profile"",""url"":""/services/data/v53.0/sobjects/Profile/00ed0000002FFY4AAO""},""Id"":""00ed0000002FFY4AAO"",""Name"":""ASU Service - ASU-USA Pathways""}}},{""Parent"":{""Id"":""0PSd0000001sK82GAE"",""Type"":""Profile"",""Label"":""00ed0000002JRvSAAW"",""PermissionSetGroupId"":null,""Profile"":{""attributes"":{""type"":""Profile"",""url"":""/services/data/v53.0/sobjects/Profile/00ed0000002JRvSAAW""},""Id"":""00ed0000002JRvSAAW"",""Name"":""ASU Service - First in the World Grant""}}},{""Parent"":{""Id"":""0PSd0000001sKJBGA2"",""Type"":""Profile"",""Label"":""00ed0000002JRyMAAW"",""PermissionSetGroupId"":null,""Profile"":{""attributes"":{""type"":""Profile"",""url"":""/services/data/v53.0/sobjects/Profile/00ed0000002JRyMAAW""},""Id"":""00ed0000002JRyMAAW"",""Name"":""ASU Service - ITCSS Library Services""}}},{""Parent"":{""Id"":""0PSd0000001sKNNGA2"",""Type"":""Profile"",""Label"":""00ed0000002JS0DAAW"",""PermissionSetGroupId"":null,""Profile"":{""attributes"":{""type"":""Profile"",""url"":""/services/data/v53.0/sobjects/Profile/00ed0000002JS0DAAW""},""Id"":""00ed0000002JS0DAAW"",""Name"":""ASU Service - Success Coach""}}},{""Parent"":{""Id"":""0PSd0000001sKO6GAM"",""Type"":""Profile"",""Label"":""00ed0000002JS0NAAW"",""PermissionSetGroupId"":null,""Profile"":{""attributes"":{""type"":""Profile"",""url"":""/services/data/v53.0/sobjects/Profile/00ed0000002JS0NAAW""},""Id"":""00ed0000002JS0NAAW"",""Name"":""ASU Service - TC - ISSR""}}},{""Parent"":{""Id"":""0PSd0000001jxObGAI"",""Type"":""Profile"",""Label"":""00ed0000002NelYAAS"",""PermissionSetGroupId"":null,""Profile"":{""attributes"":{""type"":""Profile"",""url"":""/services/data/v53.0/sobjects/Profile/00ed0000002NelYAAS""},""Id"":""00ed0000002NelYAAS"",""Name"":""ASU Service - Academic Partnerships""}}},{""Parent"":{""Id"":""0PSd0000001jxa8GAA"",""Type"":""Profile"",""Label"":""00ed0000002Neq4AAC"",""PermissionSetGroupId"":null,""Profile"":{""attributes"":{""type"":""Profile"",""url"":""/services/data/v53.0/sobjects/Profile/00ed0000002Neq4AAC""},""Id"":""00ed0000002Neq4AAC"",""Name"":""ASU Service - Student Accessibility and Inclusive Learning Services""}}},{""Parent"":{""Id"":""0PSd0000001jygbGAA"",""Type"":""Profile"",""Label"":""00ed0000002Nf7AAAS"",""PermissionSetGroupId"":null,""Profile"":{""attributes"":{""type"":""Profile"",""url"":""/services/data/v53.0/sobjects/Profile/00ed0000002Nf7AAAS""},""Id"":""00ed0000002Nf7AAAS"",""Name"":""ASU Recruitment - Business Intelligence""}}},{""Parent"":{""Id"":""0PSd0000000oWPgGAM"",""Type"":""Profile"",""Label"":""00ex00000018ozT_128_09_43_34_1"",""PermissionSetGroupId"":null,""Profile"":{""attributes"":{""type"":""Profile"",""url"":""/services/data/v53.0/sobjects/Profile/00ed00000017IobAAE""},""Id"":""00ed00000017IobAAE"",""Name"":""System Administrator""}}},{""Parent"":{""Id"":""0PSd0000000oWPnGAM"",""Type"":""Profile"",""Label"":""00ex00000018ozV_128_09_43_34_3"",""PermissionSetGroupId"":null,""Profile"":{""attributes"":{""type"":""Profile"",""url"":""/services/data/v53.0/sobjects/Profile/00ed00000017IogAAE""},""Id"":""00ed00000017IogAAE"",""Name"":""Standard User""}}},{""Parent"":{""Id"":""0PSd0000000oWPqGAM"",""Type"":""Profile"",""Label"":""00ex00000018ozX_128_09_43_34_5"",""PermissionSetGroupId"":null,""Profile"":{""attributes"":{""type"":""Profile"",""url"":""/services/data/v53.0/sobjects/Profile/00ed00000017IoiAAE""},""Id"":""00ed00000017IoiAAE"",""Name"":""Solution Manager""}}},{""Parent"":{""Id"":""0PSd0000000oWPpGAM"",""Type"":""Profile"",""Label"":""00ex00000018ozY_128_09_43_34_6"",""PermissionSetGroupId"":null,""Profile"":{""attributes"":{""type"":""Profile"",""url"":""/services/data/v53.0/sobjects/Profile/00ed00000017IojAAE""},""Id"":""00ed00000017IojAAE"",""Name"":""Marketing User""}}},{""Parent"":{""Id"":""0PSd0000000oWPmGAM"",""Type"":""Profile"",""Label"":""00ex00000018ozZ_128_09_43_34_7"",""PermissionSetGroupId"":null,""Profile"":{""attributes"":{""type"":""Profile"",""url"":""/services/data/v53.0/sobjects/Profile/00ed00000017IokAAE""},""Id"":""00ed00000017IokAAE"",""Name"":""Contract Manager""}}},{""Parent"":{""Id"":""0PS6T000001CZGsWAO"",""Type"":""Regular"",""Label"":""Role: EdPlus Coach Portal (Non-Success Coach)"",""PermissionSetGroupId"":null,""Profile"":null}}]"
"0660W000003BjklQAC","EdPlusAggregatedNotes","[{""Parent"":{""Id"":""0PS0W000001CNqIWAW"",""Type"":""Profile"",""Label"":""00e0W000001hh6oQAA"",""PermissionSetGroupId"":null,""Profile"":{""attributes"":{""type"":""Profile"",""url"":""/services/data/v53.0/sobjects/Profile/00e0W000001hh6oQAA""},""Id"":""00e0W000001hh6oQAA"",""Name"":""ASU Service - MasterCard Program""}}},{""Parent"":{""Id"":""0PS0W000001CNy2WAG"",""Type"":""Profile"",""Label"":""00e0W000001hhAbQAI"",""PermissionSetGroupId"":null,""Profile"":{""attributes"":{""type"":""Profile"",""url"":""/services/data/v53.0/sobjects/Profile/00e0W000001hhAbQAI""},""Id"":""00e0W000001hhAbQAI"",""Name"":""ASU Service - Public Service Academy""}}},{""Parent"":{""Id"":""0PS0W000001COffWAG"",""Type"":""Profile"",""Label"":""00e0W000001hhfyQAA"",""PermissionSetGroupId"":null,""Profile"":{""attributes"":{""type"":""Profile"",""url"":""/services/data/v53.0/sobjects/Profile/00e0W000001hhfyQAA""},""Id"":""00e0W000001hhfyQAA"",""Name"":""ASU Service - Biosafety""}}},{""Parent"":{""Id"":""0PS0W000001CO7YWAW"",""Type"":""Profile"",""Label"":""00e0W000001hhI6QAI"",""PermissionSetGroupId"":null,""Profile"":{""attributes"":{""type"":""Profile"",""url"":""/services/data/v53.0/sobjects/Profile/00e0W000001hhI6QAI""},""Id"":""00e0W000001hhI6QAI"",""Name"":""ASU Service - New College Deans Office""}}},{""Parent"":{""Id"":""0PS0W000001CO8CWAW"",""Type"":""Profile"",""Label"":""00e0W000001hhIfQAI"",""PermissionSetGroupId"":null,""Profile"":{""attributes"":{""type"":""Profile"",""url"":""/services/data/v53.0/sobjects/Profile/00e0W000001hhIfQAI""},""Id"":""00e0W000001hhIfQAI"",""Name"":""ASU Service - Engineering - K12 Engineering Education""}}},{""Parent"":{""Id"":""0PS0W000001GgWMWA0"",""Type"":""Profile"",""Label"":""00e0W000001lvaCQAQ"",""PermissionSetGroupId"":null,""Profile"":{""attributes"":{""type"":""Profile"",""url"":""/services/data/v53.0/sobjects/Profile/00e0W000001lvaCQAQ""},""Id"":""00e0W000001lvaCQAQ"",""Name"":""ASU Service - University Events & Protocol""}}},{""Parent"":{""Id"":""0PS0W000001Gga4WAC"",""Type"":""Profile"",""Label"":""00e0W000001lvb5QAA"",""PermissionSetGroupId"":null,""Profile"":{""attributes"":{""type"":""Profile"",""url"":""/services/data/v53.0/sobjects/Profile/00e0W000001lvb5QAA""},""Id"":""00e0W000001lvb5QAA"",""Name"":""ASU Service - Psychology Research Advancement""}}},{""Parent"":{""Id"":""0PS0W000001GgbCWAS"",""Type"":""Profile"",""Label"":""00e0W000001lvbKQAQ"",""PermissionSetGroupId"":null,""Profile"":{""attributes"":{""type"":""Profile"",""url"":""/services/data/v53.0/sobjects/Profile/00e0W000001lvbKQAQ""},""Id"":""00e0W000001lvbKQAQ"",""Name"":""ASU Service - ASU Local""}}},{""Parent"":{""Id"":""0PS0W000001GgfJWAS"",""Type"":""Profile"",""Label"":""00e0W000001lvcIQAQ"",""PermissionSetGroupId"":null,""Profile"":{""attributes"":{""type"":""Profile"",""url"":""/services/data/v53.0/sobjects/Profile/00e0W000001lvcIQAQ""},""Id"":""00e0W000001lvcIQAQ"",""Name"":""ASU Service - The College - Interplanetary Initiatives""}}},{""Parent"":{""Id"":""0PS0W000001GgzxWAC"",""Type"":""Profile"",""Label"":""00e0W000001lvdaQAA"",""PermissionSetGroupId"":null,""Profile"":{""attributes"":{""type"":""Profile"",""url"":""/services/data/v53.0/sobjects/Profile/00e0W000001lvdaQAA""},""Id"":""00e0W000001lvdaQAA"",""Name"":""ASU Service - Watts Bridging Success""}}},{""Parent"":{""Id"":""0PS0W000001GftOWAS"",""Type"":""Profile"",""Label"":""00e0W000001lvOQQAY"",""PermissionSetGroupId"":null,""Profile"":{""attributes"":{""type"":""Profile"",""url"":""/services/data/v53.0/sobjects/Profile/00e0W000001lvOQQAY""},""Id"":""00e0W000001lvOQQAY"",""Name"":""ASU Service - ASU Family Programs""}}},{""Parent"":{""Id"":""0PS0W000001Gg0eWAC"",""Type"":""Profile"",""Label"":""00e0W000001lvQvQAI"",""PermissionSetGroupId"":null,""Profile"":{""attributes"":{""type"":""Profile"",""url"":""/services/data/v53.0/sobjects/Profile/00e0W000001lvQvQAI""},""Id"":""00e0W000001lvQvQAI"",""Name"":""ASU Service - TC SOLS Academic Integrity""}}},{""Parent"":{""Id"":""0PS0W000001GiExWAK"",""Type"":""Profile"",""Label"":""00e0W000001lvubQAA"",""PermissionSetGroupId"":null,""Profile"":{""attributes"":{""type"":""Profile"",""url"":""/services/data/v53.0/sobjects/Profile/00e0W000001lvubQAA""},""Id"":""00e0W000001lvubQAA"",""Name"":""ASU Service - DNASU Plasmid Repository""}}},{""Parent"":{""Id"":""0PS0W000001bgzVWAQ"",""Type"":""Profile"",""Label"":""00e0W000001yXmFQAU"",""PermissionSetGroupId"":null,""Profile"":{""attributes"":{""type"":""Profile"",""url"":""/services/data/v53.0/sobjects/Profile/00e0W000001yXmFQAU""},""Id"":""00e0W000001yXmFQAU"",""Name"":""ASU Recruitment - Team (ESISD)""}}},{""Parent"":{""Id"":""0PS0W000001P1NAWA0"",""Type"":""Profile"",""Label"":""00e0W0000022hBdQAI"",""PermissionSetGroupId"":null,""Profile"":{""attributes"":{""type"":""Profile"",""url"":""/services/data/v53.0/sobjects/Profile/00e0W0000022hBdQAI""},""Id"":""00e0W0000022hBdQAI"",""Name"":""ASU Service - Success Courses""}}},{""Parent"":{""Id"":""0PS0W000001fphCWAQ"",""Type"":""Profile"",""Label"":""00e0W0000026u4qQAA"",""PermissionSetGroupId"":null,""Profile"":{""attributes"":{""type"":""Profile"",""url"":""/services/data/v53.0/sobjects/Profile/00e0W0000026u4qQAA""},""Id"":""00e0W0000026u4qQAA"",""Name"":""ASU Service - Opportunities for Youth""}}},{""Parent"":{""Id"":""0PS0W000001KoULWA0"",""Type"":""Profile"",""Label"":""00e0W000002B4xjQAC"",""PermissionSetGroupId"":null,""Profile"":{""attributes"":{""type"":""Profile"",""url"":""/services/data/v53.0/sobjects/Profile/00e0W000002B4xjQAC""},""Id"":""00e0W000002B4xjQAC"",""Name"":""ASU Service - ATCS and Study Abroad""}}},{""Parent"":{""Id"":""0PS0W000001KpSQWA0"",""Type"":""Profile"",""Label"":""00e0W000002B5TBQA0"",""PermissionSetGroupId"":null,""Profile"":{""attributes"":{""type"":""Profile"",""url"":""/services/data/v53.0/sobjects/Profile/00e0W000002B5TBQA0""},""Id"":""00e0W000002B5TBQA0"",""Name"":""ASU Service - TC - SCETL""}}},{""Parent"":{""Id"":""0PS0W000001sasmWAA"",""Type"":""Profile"",""Label"":""00e0W000002JZG1QAO"",""PermissionSetGroupId"":null,""Profile"":{""attributes"":{""type"":""Profile"",""url"":""/services/data/v53.0/sobjects/Profile/00e0W000002JZG1QAO""},""Id"":""00e0W000002JZG1QAO"",""Name"":""API User - Ed Plus Org""}}},{""Parent"":{""Id"":""0PS0W000001sbaPWAQ"",""Type"":""Profile"",""Label"":""00e0W000002JZOFQA4"",""PermissionSetGroupId"":null,""Profile"":{""attributes"":{""type"":""Profile"",""url"":""/services/data/v53.0/sobjects/Profile/00e0W000002JZOFQA4""},""Id"":""00e0W000002JZOFQA4"",""Name"":""ASU Service - Explore""}}},{""Parent"":{""Id"":""0PS0W000001sbktWAA"",""Type"":""Profile"",""Label"":""00e0W000002JZROQA4"",""PermissionSetGroupId"":null,""Profile"":{""attributes"":{""type"":""Profile"",""url"":""/services/data/v53.0/sobjects/Profile/00e0W000002JZROQA4""},""Id"":""00e0W000002JZROQA4"",""Name"":""ASU Service - College of Global Futures""}}},{""Parent"":{""Id"":""0PS0W000001jz1PWAQ"",""Type"":""Profile"",""Label"":""00e0W000002NfGqQAK"",""PermissionSetGroupId"":null,""Profile"":{""attributes"":{""type"":""Profile"",""url"":""/services/data/v53.0/sobjects/Profile/00e0W000002NfGqQAK""},""Id"":""00e0W000002NfGqQAK"",""Name"":""ASU Service - Enrollment Analysis""}}},{""Parent"":{""Id"":""0PS0W000001k9UOWAY"",""Type"":""Profile"",""Label"":""00e0W000002NjQ0QAK"",""PermissionSetGroupId"":null,""Profile"":{""attributes"":{""type"":""Profile"",""url"":""/services/data/v53.0/sobjects/Profile/00e0W000002NjQ0QAK""},""Id"":""00e0W000002NjQ0QAK"",""Name"":""ASU Service - International Students and Scholars Center SMS""}}},{""Parent"":{""Id"":""0PS6T000001CZe3WAG"",""Type"":""Profile"",""Label"":""00e6T000001hlA1QAI"",""PermissionSetGroupId"":null,""Profile"":{""attributes"":{""type"":""Profile"",""url"":""/services/data/v53.0/sobjects/Profile/00e6T000001hlA1QAI""},""Id"":""00e6T000001hlA1QAI"",""Name"":""ASU Service - Engineering - Poly HR""}}},{""Parent"":{""Id"":""0PS6T000001k9crWAA"",""Type"":""Profile"",""Label"":""00e6T000002NjQeQAK"",""PermissionSetGroupId"":null,""Profile"":{""attributes"":{""type"":""Profile"",""url"":""/services/data/v53.0/sobjects/Profile/00e6T000002NjQeQAK""},""Id"":""00e6T000002NjQeQAK"",""Name"":""ASU Service - Information Technology Support Hub""}}},{""Parent"":{""Id"":""0PS6T000001kAE8WAM"",""Type"":""Profile"",""Label"":""00e6T000002NjSuQAK"",""PermissionSetGroupId"":null,""Profile"":{""attributes"":{""type"":""Profile"",""url"":""/services/data/v53.0/sobjects/Profile/00e6T000002NjSuQAK""},""Id"":""00e6T000002NjSuQAK"",""Name"":""ASU Service - SMS API""}}},{""Parent"":{""Id"":""0PSd0000000H441GAC"",""Type"":""Profile"",""Label"":""00ed0000000jbjMAAQ"",""PermissionSetGroupId"":null,""Profile"":{""attributes"":{""type"":""Profile"",""url"":""/services/data/v53.0/sobjects/Profile/00ed0000000jbjMAAQ""},""Id"":""00ed0000000jbjMAAQ"",""Name"":""ASU Service - Design and the Arts""}}},{""Parent"":{""Id"":""0PSd0000000H4AQGA0"",""Type"":""Profile"",""Label"":""00ed0000000jbo2AAA"",""PermissionSetGroupId"":null,""Profile"":{""attributes"":{""type"":""Profile"",""url"":""/services/data/v53.0/sobjects/Profile/00ed0000000jbo2AAA""},""Id"":""00ed0000000jbo2AAA"",""Name"":""ASU Service - International Initiatives Graduate Education""}}},{""Parent"":{""Id"":""0PSd0000000H4BxGAK"",""Type"":""Profile"",""Label"":""00ed0000000jboMAAQ"",""PermissionSetGroupId"":null,""Profile"":{""attributes"":{""type"":""Profile"",""url"":""/services/data/v53.0/sobjects/Profile/00ed0000000jboMAAQ""},""Id"":""00ed0000000jboMAAQ"",""Name"":""ASU Service - W. P. Carey Business""}}},{""Parent"":{""Id"":""0PSd0000000H4C2GAK"",""Type"":""Profile"",""Label"":""00ed0000000jboRAAQ"",""PermissionSetGroupId"":null,""Profile"":{""attributes"":{""type"":""Profile"",""url"":""/services/data/v53.0/sobjects/Profile/00ed0000000jboRAAQ""},""Id"":""00ed0000000jboRAAQ"",""Name"":""ASU Service - Parking and Transit Services""}}},{""Parent"":{""Id"":""0PSd0000000H4C7GAK"",""Type"":""Profile"",""Label"":""00ed0000000jboWAAQ"",""PermissionSetGroupId"":null,""Profile"":{""attributes"":{""type"":""Profile"",""url"":""/services/data/v53.0/sobjects/Profile/00ed0000000jboWAAQ""},""Id"":""00ed0000000jboWAAQ"",""Name"":""ASU Service - First Year Success Center""}}},{""Parent"":{""Id"":""0PSd0000000H4J3GAK"",""Type"":""Profile"",""Label"":""00ed0000000jbqhAAA"",""PermissionSetGroupId"":null,""Profile"":{""attributes"":{""type"":""Profile"",""url"":""/services/data/v53.0/sobjects/Profile/00ed0000000jbqhAAA""},""Id"":""00ed0000000jbqhAAA"",""Name"":""ASU Service - Pat Tillman Veteran Center""}}},{""Parent"":{""Id"":""0PSd0000000H4J8GAK"",""Type"":""Profile"",""Label"":""00ed0000000jbqmAAA"",""PermissionSetGroupId"":null,""Profile"":{""attributes"":{""type"":""Profile"",""url"":""/services/data/v53.0/sobjects/Profile/00ed0000000jbqmAAA""},""Id"":""00ed0000000jbqmAAA"",""Name"":""ASU Service - Thunderbird""}}},{""Parent"":{""Id"":""0PSd0000000H4N0GAK"",""Type"":""Profile"",""Label"":""00ed0000000jbtHAAQ"",""PermissionSetGroupId"":null,""Profile"":{""attributes"":{""type"":""Profile"",""url"":""/services/data/v53.0/sobjects/Profile/00ed0000000jbtHAAQ""},""Id"":""00ed0000000jbtHAAQ"",""Name"":""ASU Service - EOSS""}}},{""Parent"":{""Id"":""0PSd0000000H4N5GAK"",""Type"":""Profile"",""Label"":""00ed0000000jbtMAAQ"",""PermissionSetGroupId"":null,""Profile"":{""attributes"":{""type"":""Profile"",""url"":""/services/data/v53.0/sobjects/Profile/00ed0000000jbtMAAQ""},""Id"":""00ed0000000jbtMAAQ"",""Name"":""ASU Service - Sun Devil Card Services""}}},{""Parent"":{""Id"":""0PSd0000000H4NAGA0"",""Type"":""Profile"",""Label"":""00ed0000000jbtRAAQ"",""PermissionSetGroupId"":null,""Profile"":{""attributes"":{""type"":""Profile"",""url"":""/services/data/v53.0/sobjects/Profile/00ed0000000jbtRAAQ""},""Id"":""00ed0000000jbtRAAQ"",""Name"":""ASU Service - Career Services""}}},{""Parent"":{""Id"":""0PSd0000000H4PVGA0"",""Type"":""Profile"",""Label"":""00ed0000000jbu5AAA"",""PermissionSetGroupId"":null,""Profile"":{""attributes"":{""type"":""Profile"",""url"":""/services/data/v53.0/sobjects/Profile/00ed0000000jbu5AAA""},""Id"":""00ed0000000jbu5AAA"",""Name"":""ASU Service - University Academic Success Programs""}}},{""Parent"":{""Id"":""0PSd0000000H4PaGAK"",""Type"":""Profile"",""Label"":""00ed0000000jbuAAAQ"",""PermissionSetGroupId"":null,""Profile"":{""attributes"":{""type"":""Profile"",""url"":""/services/data/v53.0/sobjects/Profile/00ed0000000jbuAAAQ""},""Id"":""00ed0000000jbuAAAQ"",""Name"":""ASU Service - Honors""}}},{""Parent"":{""Id"":""0PSd0000000H4QTGA0"",""Type"":""Profile"",""Label"":""00ed0000000jbujAAA"",""PermissionSetGroupId"":null,""Profile"":{""attributes"":{""type"":""Profile"",""url"":""/services/data/v53.0/sobjects/Profile/00ed0000000jbujAAA""},""Id"":""00ed0000000jbujAAA"",""Name"":""ASU Service - Journalism""}}},{""Parent"":{""Id"":""0PSd0000000H4QYGA0"",""Type"":""Profile"",""Label"":""00ed0000000jbuoAAA"",""PermissionSetGroupId"":null,""Profile"":{""attributes"":{""type"":""Profile"",""url"":""/services/data/v53.0/sobjects/Profile/00ed0000000jbuoAAA""},""Id"":""00ed0000000jbuoAAA"",""Name"":""ASU Service - Office of the University Provost""}}},{""Parent"":{""Id"":""0PSd0000000H3g5GAC"",""Type"":""Profile"",""Label"":""00ed0000000jbV9AAI"",""PermissionSetGroupId"":null,""Profile"":{""attributes"":{""type"":""Profile"",""url"":""/services/data/v53.0/sobjects/Profile/00ed0000000jbV9AAI""},""Id"":""00ed0000000jbV9AAI"",""Name"":""ASU Service - TC - AIS""}}},{""Parent"":{""Id"":""0PSd0000000H3gAGAS"",""Type"":""Profile"",""Label"":""00ed0000000jbVEAAY"",""PermissionSetGroupId"":null,""Profile"":{""attributes"":{""type"":""Profile"",""url"":""/services/data/v53.0/sobjects/Profile/00ed0000000jbVEAAY""},""Id"":""00ed0000000jbVEAAY"",""Name"":""ASU Service - TC  - The Sanford School""}}},{""Parent"":{""Id"":""0PSd0000000H3gFGAS"",""Type"":""Profile"",""Label"":""00ed0000000jbVJAAY"",""PermissionSetGroupId"":null,""Profile"":{""attributes"":{""type"":""Profile"",""url"":""/services/data/v53.0/sobjects/Profile/00ed0000000jbVJAAY""},""Id"":""00ed0000000jbVJAAY"",""Name"":""ASU Service - TC - SST""}}},{""Parent"":{""Id"":""0PSd0000000H3gKGAS"",""Type"":""Profile"",""Label"":""00ed0000000jbVOAAY"",""PermissionSetGroupId"":null,""Profile"":{""attributes"":{""type"":""Profile"",""url"":""/services/data/v53.0/sobjects/Profile/00ed0000000jbVOAAY""},""Id"":""00ed0000000jbVOAAY"",""Name"":""ASU Service - TC - Army ROTC""}}},{""Parent"":{""Id"":""0PSd0000000H4ThGAK"",""Type"":""Profile"",""Label"":""00ed0000000jbwGAAQ"",""PermissionSetGroupId"":null,""Profile"":{""attributes"":{""type"":""Profile"",""url"":""/services/data/v53.0/sobjects/Profile/00ed0000000jbwGAAQ""},""Id"":""00ed0000000jbwGAAQ"",""Name"":""ASU Service - ASU Salesforce Support""}}},{""Parent"":{""Id"":""0PSd0000000H4WlGAK"",""Type"":""Profile"",""Label"":""00ed0000000jbyCAAQ"",""PermissionSetGroupId"":null,""Profile"":{""attributes"":{""type"":""Profile"",""url"":""/services/data/v53.0/sobjects/Profile/00ed0000000jbyCAAQ""},""Id"":""00ed0000000jbyCAAQ"",""Name"":""ASU Service - International Students and Scholars Center""}}},{""Parent"":{""Id"":""0PSd0000000H4XoGAK"",""Type"":""Profile"",""Label"":""00ed0000000jbylAAA"",""PermissionSetGroupId"":null,""Profile"":{""attributes"":{""type"":""Profile"",""url"":""/services/data/v53.0/sobjects/Profile/00ed0000000jbylAAA""},""Id"":""00ed0000000jbylAAA"",""Name"":""ASU Recruitment - Graduate Recruiter""}}},{""Parent"":{""Id"":""0PSd0000000H4ZLGA0"",""Type"":""Profile"",""Label"":""00ed0000000jbz0AAA"",""PermissionSetGroupId"":null,""Profile"":{""attributes"":{""type"":""Profile"",""url"":""/services/data/v53.0/sobjects/Profile/00ed0000000jbz0AAA""},""Id"":""00ed0000000jbz0AAA"",""Name"":""ASU Service - School for the Future of Innovation in Society""}}},{""Parent"":{""Id"":""0PSd0000000H4ZQGA0"",""Type"":""Profile"",""Label"":""00ed0000000jbz5AAA"",""PermissionSetGroupId"":null,""Profile"":{""attributes"":{""type"":""Profile"",""url"":""/services/data/v53.0/sobjects/Profile/00ed0000000jbz5AAA""},""Id"":""00ed0000000jbz5AAA"",""Name"":""ASU Service - American Indian Student Support Services""}}},{""Parent"":{""Id"":""0PSd0000000H4hyGAC"",""Type"":""Profile"",""Label"":""00ed0000000jc4eAAA"",""PermissionSetGroupId"":null,""Profile"":{""attributes"":{""type"":""Profile"",""url"":""/services/data/v53.0/sobjects/Profile/00ed0000000jc4eAAA""},""Id"":""00ed0000000jc4eAAA"",""Name"":""ASU Service - ASU Wellness""}}},{""Parent"":{""Id"":""0PSd0000000H4i3GAC"",""Type"":""Profile"",""Label"":""00ed0000000jc4jAAA"",""PermissionSetGroupId"":null,""Profile"":{""attributes"":{""type"":""Profile"",""url"":""/services/data/v53.0/sobjects/Profile/00ed0000000jc4jAAA""},""Id"":""00ed0000000jc4jAAA"",""Name"":""ASU Service - Student Engagement""}}},{""Parent"":{""Id"":""0PSd0000000H4i8GAC"",""Type"":""Profile"",""Label"":""00ed0000000jc4oAAA"",""PermissionSetGroupId"":null,""Profile"":{""attributes"":{""type"":""Profile"",""url"":""/services/data/v53.0/sobjects/Profile/00ed0000000jc4oAAA""},""Id"":""00ed0000000jc4oAAA"",""Name"":""ASU Service - TRIO""}}},{""Parent"":{""Id"":""0PSd0000000H4iXGAS"",""Type"":""Profile"",""Label"":""00ed0000000jc5DAAQ"",""PermissionSetGroupId"":null,""Profile"":{""attributes"":{""type"":""Profile"",""url"":""/services/data/v53.0/sobjects/Profile/00ed0000000jc5DAAQ""},""Id"":""00ed0000000jc5DAAQ"",""Name"":""ASU Service - TC - Air Force ROTC""}}},{""Parent"":{""Id"":""0PSd0000000H4icGAC"",""Type"":""Profile"",""Label"":""00ed0000000jc5IAAQ"",""PermissionSetGroupId"":null,""Profile"":{""attributes"":{""type"":""Profile"",""url"":""/services/data/v53.0/sobjects/Profile/00ed0000000jc5IAAQ""},""Id"":""00ed0000000jc5IAAQ"",""Name"":""ASU Service - TC - Navy ROTC""}}},{""Parent"":{""Id"":""0PSd0000000H4rKGAS"",""Type"":""Profile"",""Label"":""00ed0000000jc9PAAQ"",""PermissionSetGroupId"":null,""Profile"":{""attributes"":{""type"":""Profile"",""url"":""/services/data/v53.0/sobjects/Profile/00ed0000000jc9PAAQ""},""Id"":""00ed0000000jc9PAAQ"",""Name"":""ASU Service - Fraternity & Sorority Life""}}},{""Parent"":{""Id"":""0PSd0000000H4rPGAS"",""Type"":""Profile"",""Label"":""00ed0000000jc9UAAQ"",""PermissionSetGroupId"":null,""Profile"":{""attributes"":{""type"":""Profile"",""url"":""/services/data/v53.0/sobjects/Profile/00ed0000000jc9UAAQ""},""Id"":""00ed0000000jc9UAAQ"",""Name"":""ASU Service - Dean of Students""}}},{""Parent"":{""Id"":""0PSd0000000H4wyGAC"",""Type"":""Profile"",""Label"":""00ed0000000jcCOAAY"",""PermissionSetGroupId"":null,""Profile"":{""attributes"":{""type"":""Profile"",""url"":""/services/data/v53.0/sobjects/Profile/00ed0000000jcCOAAY""},""Id"":""00ed0000000jcCOAAY"",""Name"":""ASU Service - Enterprise Marketing Hub""}}},{""Parent"":{""Id"":""0PSd0000000H4x3GAC"",""Type"":""Profile"",""Label"":""00ed0000000jcCTAAY"",""PermissionSetGroupId"":null,""Profile"":{""attributes"":{""type"":""Profile"",""url"":""/services/data/v53.0/sobjects/Profile/00ed0000000jcCTAAY""},""Id"":""00ed0000000jcCTAAY"",""Name"":""ASU Service - Print Anywhere Tier 2""}}},{""Parent"":{""Id"":""0PSd0000000H4x8GAC"",""Type"":""Profile"",""Label"":""00ed0000000jcCYAAY"",""PermissionSetGroupId"":null,""Profile"":{""attributes"":{""type"":""Profile"",""url"":""/services/data/v53.0/sobjects/Profile/00ed0000000jcCYAAY""},""Id"":""00ed0000000jcCYAAY"",""Name"":""ASU Service - Sun Devil Fitness""}}},{""Parent"":{""Id"":""0PSd0000000H523GAC"",""Type"":""Profile"",""Label"":""00ed0000000jcFDAAY"",""PermissionSetGroupId"":null,""Profile"":{""attributes"":{""type"":""Profile"",""url"":""/services/data/v53.0/sobjects/Profile/00ed0000000jcFDAAY""},""Id"":""00ed0000000jcFDAAY"",""Name"":""ASU Service - MU Information Desk""}}},{""Parent"":{""Id"":""0PSd0000000H55HGAS"",""Type"":""Profile"",""Label"":""00ed0000000jcGQAAY"",""PermissionSetGroupId"":null,""Profile"":{""attributes"":{""type"":""Profile"",""url"":""/services/data/v53.0/sobjects/Profile/00ed0000000jcGQAAY""},""Id"":""00ed0000000jcGQAAY"",""Name"":""ASU Service - Sun Devil Dining""}}},{""Parent"":{""Id"":""0PSd0000000H5zBGAS"",""Type"":""Profile"",""Label"":""00ed0000000jcPXAAY"",""PermissionSetGroupId"":null,""Profile"":{""attributes"":{""type"":""Profile"",""url"":""/services/data/v53.0/sobjects/Profile/00ed0000000jcPXAAY""},""Id"":""00ed0000000jcPXAAY"",""Name"":""ASU Service - Student Government""}}},{""Parent"":{""Id"":""0PSd0000000H6BWGA0"",""Type"":""Profile"",""Label"":""00ed0000000jcWYAAY"",""PermissionSetGroupId"":null,""Profile"":{""attributes"":{""type"":""Profile"",""url"":""/services/data/v53.0/sobjects/Profile/00ed0000000jcWYAAY""},""Id"":""00ed0000000jcWYAAY"",""Name"":""ASU Service - Strategic Initiatives""}}},{""Parent"":{""Id"":""0PSd0000000qjenGAA"",""Type"":""Profile"",""Label"":""00ed00000019invAAA"",""PermissionSetGroupId"":null,""Profile"":{""attributes"":{""type"":""Profile"",""url"":""/services/data/v53.0/sobjects/Profile/00ed00000019invAAA""},""Id"":""00ed00000019invAAA"",""Name"":""ASU Read Only""}}},{""Parent"":{""Id"":""0PSd0000000qUhbGAE"",""Type"":""Profile"",""Label"":""00ed00000019TqNAAU"",""PermissionSetGroupId"":null,""Profile"":{""attributes"":{""type"":""Profile"",""url"":""/services/data/v53.0/sobjects/Profile/00ed00000019TqNAAU""},""Id"":""00ed00000019TqNAAU"",""Name"":""ASU Marketing User""}}},{""Parent"":{""Id"":""0PSd0000000qzaSGAQ"",""Type"":""Profile"",""Label"":""00ed00000019yBlAAI"",""PermissionSetGroupId"":null,""Profile"":{""attributes"":{""type"":""Profile"",""url"":""/services/data/v53.0/sobjects/Profile/00ed00000019yBlAAI""},""Id"":""00ed00000019yBlAAI"",""Name"":""ASU Service - Financial Aid""}}},{""Parent"":{""Id"":""0PSd0000000qzawGAA"",""Type"":""Profile"",""Label"":""00ed00000019yC5AAI"",""PermissionSetGroupId"":null,""Profile"":{""attributes"":{""type"":""Profile"",""url"":""/services/data/v53.0/sobjects/Profile/00ed00000019yC5AAI""},""Id"":""00ed00000019yC5AAI"",""Name"":""ASU Service - Registrar""}}},{""Parent"":{""Id"":""0PSd0000000qzb1GAA"",""Type"":""Profile"",""Label"":""00ed00000019yCAAAY"",""PermissionSetGroupId"":null,""Profile"":{""attributes"":{""type"":""Profile"",""url"":""/services/data/v53.0/sobjects/Profile/00ed00000019yCAAAY""},""Id"":""00ed00000019yCAAAY"",""Name"":""ASU Service - Student Business Services""}}},{""Parent"":{""Id"":""0PSd0000000qzl5GAA"",""Type"":""Profile"",""Label"":""00ed00000019yKBAAY"",""PermissionSetGroupId"":null,""Profile"":{""attributes"":{""type"":""Profile"",""url"":""/services/data/v53.0/sobjects/Profile/00ed00000019yKBAAY""},""Id"":""00ed00000019yKBAAY"",""Name"":""ASU View All Data""}}},{""Parent"":{""Id"":""0PSd0000000r0cAGAQ"",""Type"":""Profile"",""Label"":""00ed00000019z62AAA"",""PermissionSetGroupId"":null,""Profile"":{""attributes"":{""type"":""Profile"",""url"":""/services/data/v53.0/sobjects/Profile/00ed00000019z62AAA""},""Id"":""00ed00000019z62AAA"",""Name"":""ASU Service - ASU Online""}}},{""Parent"":{""Id"":""0PSd0000000r0cFGAQ"",""Type"":""Profile"",""Label"":""00ed00000019z67AAA"",""PermissionSetGroupId"":null,""Profile"":{""attributes"":{""type"":""Profile"",""url"":""/services/data/v53.0/sobjects/Profile/00ed00000019z67AAA""},""Id"":""00ed00000019z67AAA"",""Name"":""ASU Service - ESM Online""}}},{""Parent"":{""Id"":""0PSd0000000r0cKGAQ"",""Type"":""Profile"",""Label"":""00ed00000019z6CAAQ"",""PermissionSetGroupId"":null,""Profile"":{""attributes"":{""type"":""Profile"",""url"":""/services/data/v53.0/sobjects/Profile/00ed00000019z6CAAQ""},""Id"":""00ed00000019z6CAAQ"",""Name"":""ASU Service - Help Desk""}}},{""Parent"":{""Id"":""0PSd0000000r0qtGAA"",""Type"":""Profile"",""Label"":""00ed00000019zIqAAI"",""PermissionSetGroupId"":null,""Profile"":{""attributes"":{""type"":""Profile"",""url"":""/services/data/v53.0/sobjects/Profile/00ed00000019zIqAAI""},""Id"":""00ed00000019zIqAAI"",""Name"":""ASU Service - W. P. Carey Tech Services""}}},{""Parent"":{""Id"":""0PSd0000000r1SFGAY"",""Type"":""Profile"",""Label"":""00ed00000019zqdAAA"",""PermissionSetGroupId"":null,""Profile"":{""attributes"":{""type"":""Profile"",""url"":""/services/data/v53.0/sobjects/Profile/00ed00000019zqdAAA""},""Id"":""00ed00000019zqdAAA"",""Name"":""ASU Service - Tech Studio""}}},{""Parent"":{""Id"":""0PSd0000000r1SKGAY"",""Type"":""Profile"",""Label"":""00ed00000019zqiAAA"",""PermissionSetGroupId"":null,""Profile"":{""attributes"":{""type"":""Profile"",""url"":""/services/data/v53.0/sobjects/Profile/00ed00000019zqiAAA""},""Id"":""00ed00000019zqiAAA"",""Name"":""ASU Service - Engineering IT""}}},{""Parent"":{""Id"":""0PSd0000000r1SAGAY"",""Type"":""Profile"",""Label"":""00ed00000019zqYAAQ"",""PermissionSetGroupId"":null,""Profile"":{""attributes"":{""type"":""Profile"",""url"":""/services/data/v53.0/sobjects/Profile/00ed00000019zqYAAQ""},""Id"":""00ed00000019zqYAAQ"",""Name"":""ASU Service - Identity Management""}}},{""Parent"":{""Id"":""0PSd0000000r2e7GAA"",""Type"":""Profile"",""Label"":""00ed0000001A0pMAAS"",""PermissionSetGroupId"":null,""Profile"":{""attributes"":{""type"":""Profile"",""url"":""/services/data/v53.0/sobjects/Profile/00ed0000001A0pMAAS""},""Id"":""00ed0000001A0pMAAS"",""Name"":""ASU Service - Student Success Innovations""}}},{""Parent"":{""Id"":""0PSd0000000r2eCGAQ"",""Type"":""Profile"",""Label"":""00ed0000001A0pRAAS"",""PermissionSetGroupId"":null,""Profile"":{""attributes"":{""type"":""Profile"",""url"":""/services/data/v53.0/sobjects/Profile/00ed0000001A0pRAAS""},""Id"":""00ed0000001A0pRAAS"",""Name"":""ASU Service - Office of the President""}}},{""Parent"":{""Id"":""0PSd0000000r28IGAQ"",""Type"":""Profile"",""Label"":""00ed0000001A0PwAAK"",""PermissionSetGroupId"":null,""Profile"":{""attributes"":{""type"":""Profile"",""url"":""/services/data/v53.0/sobjects/Profile/00ed0000001A0PwAAK""},""Id"":""00ed0000001A0PwAAK"",""Name"":""ASU Service - Library Services(ARCHIVE)""}}},{""Parent"":{""Id"":""0PSd0000000r3amGAA"",""Type"":""Profile"",""Label"":""00ed0000001A1eqAAC"",""PermissionSetGroupId"":null,""Profile"":{""attributes"":{""type"":""Profile"",""url"":""/services/data/v53.0/sobjects/Profile/00ed0000001A1eqAAC""},""Id"":""00ed0000001A1eqAAC"",""Name"":""ASU Service - Integrated Services""}}},{""Parent"":{""Id"":""0PSd0000000r39YGAQ"",""Type"":""Profile"",""Label"":""00ed0000001A1GfAAK"",""PermissionSetGroupId"":null,""Profile"":{""attributes"":{""type"":""Profile"",""url"":""/services/data/v53.0/sobjects/Profile/00ed0000001A1GfAAK""},""Id"":""00ed0000001A1GfAAK"",""Name"":""ASU Service - TEMPLATE""}}},{""Parent"":{""Id"":""0PSd0000000r3KbGAI"",""Type"":""Profile"",""Label"":""00ed0000001A1OlAAK"",""PermissionSetGroupId"":null,""Profile"":{""attributes"":{""type"":""Profile"",""url"":""/services/data/v53.0/sobjects/Profile/00ed0000001A1OlAAK""},""Id"":""00ed0000001A1OlAAK"",""Name"":""ASU Service - Graduate College""}}},{""Parent"":{""Id"":""0PSd0000000r3syGAA"",""Type"":""Profile"",""Label"":""00ed0000001A1s3AAC"",""PermissionSetGroupId"":null,""Profile"":{""attributes"":{""type"":""Profile"",""url"":""/services/data/v53.0/sobjects/Profile/00ed0000001A1s3AAC""},""Id"":""00ed0000001A1s3AAC"",""Name"":""ASU Recruitment - Applicant Services""}}},{""Parent"":{""Id"":""0PSd0000000r3t3GAA"",""Type"":""Profile"",""Label"":""00ed0000001A1s8AAC"",""PermissionSetGroupId"":null,""Profile"":{""attributes"":{""type"":""Profile"",""url"":""/services/data/v53.0/sobjects/Profile/00ed0000001A1s8AAC""},""Id"":""00ed0000001A1s8AAC"",""Name"":""ASU Recruitment - Business Operations""}}},{""Parent"":{""Id"":""0PSd0000000r3t8GAA"",""Type"":""Profile"",""Label"":""00ed0000001A1sDAAS"",""PermissionSetGroupId"":null,""Profile"":{""attributes"":{""type"":""Profile"",""url"":""/services/data/v53.0/sobjects/Profile/00ed0000001A1sDAAS""},""Id"":""00ed0000001A1sDAAS"",""Name"":""ASU Recruitment - Freshman Recruiter""}}},{""Parent"":{""Id"":""0PSd0000000r3tcGAA"",""Type"":""Profile"",""Label"":""00ed0000001A1shAAC"",""PermissionSetGroupId"":null,""Profile"":{""attributes"":{""type"":""Profile"",""url"":""/services/data/v53.0/sobjects/Profile/00ed0000001A1shAAC""},""Id"":""00ed0000001A1shAAC"",""Name"":""ASU Recruitment - Admission Services""}}},{""Parent"":{""Id"":""0PSd0000000r3tDGAQ"",""Type"":""Profile"",""Label"":""00ed0000001A1sIAAS"",""PermissionSetGroupId"":null,""Profile"":{""attributes"":{""type"":""Profile"",""url"":""/services/data/v53.0/sobjects/Profile/00ed0000001A1sIAAS""},""Id"":""00ed0000001A1sIAAS"",""Name"":""ASU Recruitment - Transfer Recruiter""}}},{""Parent"":{""Id"":""0PSd0000000r3tIGAQ"",""Type"":""Profile"",""Label"":""00ed0000001A1sNAAS"",""PermissionSetGroupId"":null,""Profile"":{""attributes"":{""type"":""Profile"",""url"":""/services/data/v53.0/sobjects/Profile/00ed0000001A1sNAAS""},""Id"":""00ed0000001A1sNAAS"",""Name"":""ASU Recruitment - International Recruiter""}}},{""Parent"":{""Id"":""0PSd0000000r3tNGAQ"",""Type"":""Profile"",""Label"":""00ed0000001A1sSAAS"",""PermissionSetGroupId"":null,""Profile"":{""attributes"":{""type"":""Profile"",""url"":""/services/data/v53.0/sobjects/Profile/00ed0000001A1sSAAS""},""Id"":""00ed0000001A1sSAAS"",""Name"":""ASU Recruitment - Events""}}},{""Parent"":{""Id"":""0PSd0000000r3tSGAQ"",""Type"":""Profile"",""Label"":""00ed0000001A1sXAAS"",""PermissionSetGroupId"":null,""Profile"":{""attributes"":{""type"":""Profile"",""url"":""/services/data/v53.0/sobjects/Profile/00ed0000001A1sXAAS""},""Id"":""00ed0000001A1sXAAS"",""Name"":""ASU Recruitment - Havasu""}}},{""Parent"":{""Id"":""0PSd0000000r453GAA"",""Type"":""Profile"",""Label"":""00ed0000001A204AAC"",""PermissionSetGroupId"":null,""Profile"":{""attributes"":{""type"":""Profile"",""url"":""/services/data/v53.0/sobjects/Profile/00ed0000001A204AAC""},""Id"":""00ed0000001A204AAC"",""Name"":""ASU Recruitment - Leads (ESISD)""}}},{""Parent"":{""Id"":""0PSd0000000r4s2GAA"",""Type"":""Profile"",""Label"":""00ed0000001A2dLAAS"",""PermissionSetGroupId"":null,""Profile"":{""attributes"":{""type"":""Profile"",""url"":""/services/data/v53.0/sobjects/Profile/00ed0000001A2dLAAS""},""Id"":""00ed0000001A2dLAAS"",""Name"":""ASU Service - Engineering - Dean's Office""}}},{""Parent"":{""Id"":""0PSd0000000r4tZGAQ"",""Type"":""Profile"",""Label"":""00ed0000001A2eaAAC"",""PermissionSetGroupId"":null,""Profile"":{""attributes"":{""type"":""Profile"",""url"":""/services/data/v53.0/sobjects/Profile/00ed0000001A2eaAAC""},""Id"":""00ed0000001A2eaAAC"",""Name"":""ASU Service - Engineering - GOEE""}}},{""Parent"":{""Id"":""0PSd0000000r4teGAA"",""Type"":""Profile"",""Label"":""00ed0000001A2efAAC"",""PermissionSetGroupId"":null,""Profile"":{""attributes"":{""type"":""Profile"",""url"":""/services/data/v53.0/sobjects/Profile/00ed0000001A2efAAC""},""Id"":""00ed0000001A2efAAC"",""Name"":""ASU Service - Engineering - Poly""}}},{""Parent"":{""Id"":""0PSd0000000r4tjGAA"",""Type"":""Profile"",""Label"":""00ed0000001A2ekAAC"",""PermissionSetGroupId"":null,""Profile"":{""attributes"":{""type"":""Profile"",""url"":""/services/data/v53.0/sobjects/Profile/00ed0000001A2ekAAC""},""Id"":""00ed0000001A2ekAAC"",""Name"":""ASU Service - Engineering - SBHSE""}}},{""Parent"":{""Id"":""0PSd0000000r4toGAA"",""Type"":""Profile"",""Label"":""00ed0000001A2epAAC"",""PermissionSetGroupId"":null,""Profile"":{""attributes"":{""type"":""Profile"",""url"":""/services/data/v53.0/sobjects/Profile/00ed0000001A2epAAC""},""Id"":""00ed0000001A2epAAC"",""Name"":""ASU Service - Engineering - SEMTE""}}},{""Parent"":{""Id"":""0PSd0000000r4ttGAA"",""Type"":""Profile"",""Label"":""00ed0000001A2euAAC"",""PermissionSetGroupId"":null,""Profile"":{""attributes"":{""type"":""Profile"",""url"":""/services/data/v53.0/sobjects/Profile/00ed0000001A2euAAC""},""Id"":""00ed0000001A2euAAC"",""Name"":""ASU Service - Engineering - SSEBE""}}},{""Parent"":{""Id"":""0PSd0000000r4tUGAQ"",""Type"":""Profile"",""Label"":""00ed0000001A2eVAAS"",""PermissionSetGroupId"":null,""Profile"":{""attributes"":{""type"":""Profile"",""url"":""/services/data/v53.0/sobjects/Profile/00ed0000001A2eVAAS""},""Id"":""00ed0000001A2eVAAS"",""Name"":""ASU Service - Engineering - ECEE""}}},{""Parent"":{""Id"":""0PSd0000000r4tyGAA"",""Type"":""Profile"",""Label"":""00ed0000001A2ezAAC"",""PermissionSetGroupId"":null,""Profile"":{""attributes"":{""type"":""Profile"",""url"":""/services/data/v53.0/sobjects/Profile/00ed0000001A2ezAAC""},""Id"":""00ed0000001A2ezAAC"",""Name"":""ASU Service - Engineering - CIDSE""}}},{""Parent"":{""Id"":""0PSd0000000r4bhGAA"",""Type"":""Profile"",""Label"":""00ed0000001A2QNAA0"",""PermissionSetGroupId"":null,""Profile"":{""attributes"":{""type"":""Profile"",""url"":""/services/data/v53.0/sobjects/Profile/00ed0000001A2QNAA0""},""Id"":""00ed0000001A2QNAA0"",""Name"":""ASU Service - Access ASU Outreach""}}},{""Parent"":{""Id"":""0PSd0000000r5c8GAA"",""Type"":""Profile"",""Label"":""00ed0000001A3CUAA0"",""PermissionSetGroupId"":null,""Profile"":{""attributes"":{""type"":""Profile"",""url"":""/services/data/v53.0/sobjects/Profile/00ed0000001A3CUAA0""},""Id"":""00ed0000001A3CUAA0"",""Name"":""ASU Service - New Student Programs""}}},{""Parent"":{""Id"":""0PSd0000000r6MUGAY"",""Type"":""Profile"",""Label"":""00ed0000001A3nIAAS"",""PermissionSetGroupId"":null,""Profile"":{""attributes"":{""type"":""Profile"",""url"":""/services/data/v53.0/sobjects/Profile/00ed0000001A3nIAAS""},""Id"":""00ed0000001A3nIAAS"",""Name"":""ASU Service - University Housing""}}},{""Parent"":{""Id"":""0PSd0000000r60sGAA"",""Type"":""Profile"",""Label"":""00ed0000001A3X8AAK"",""PermissionSetGroupId"":null,""Profile"":{""attributes"":{""type"":""Profile"",""url"":""/services/data/v53.0/sobjects/Profile/00ed0000001A3X8AAK""},""Id"":""00ed0000001A3X8AAK"",""Name"":""ASU Training - College of ASU""}}},{""Parent"":{""Id"":""0PSd0000000r60xGAA"",""Type"":""Profile"",""Label"":""00ed0000001A3XDAA0"",""PermissionSetGroupId"":null,""Profile"":{""attributes"":{""type"":""Profile"",""url"":""/services/data/v53.0/sobjects/Profile/00ed0000001A3XDAA0""},""Id"":""00ed0000001A3XDAA0"",""Name"":""ASU Training - Department of ASU""}}},{""Parent"":{""Id"":""0PSd0000000r6ggGAA"",""Type"":""Profile"",""Label"":""00ed0000001A41pAAC"",""PermissionSetGroupId"":null,""Profile"":{""attributes"":{""type"":""Profile"",""url"":""/services/data/v53.0/sobjects/Profile/00ed0000001A41pAAC""},""Id"":""00ed0000001A41pAAC"",""Name"":""ASU Service - Sustainability""}}},{""Parent"":{""Id"":""0PSd0000000r6pgGAA"",""Type"":""Profile"",""Label"":""00ed0000001A49IAAS"",""PermissionSetGroupId"":null,""Profile"":{""attributes"":{""type"":""Profile"",""url"":""/services/data/v53.0/sobjects/Profile/00ed0000001A49IAAS""},""Id"":""00ed0000001A49IAAS"",""Name"":""ASU Service - Teachers College""}}},{""Parent"":{""Id"":""0PSd0000000r7PNGAY"",""Type"":""Profile"",""Label"":""00ed0000001A4dEAAS"",""PermissionSetGroupId"":null,""Profile"":{""attributes"":{""type"":""Profile"",""url"":""/services/data/v53.0/sobjects/Profile/00ed0000001A4dEAAS""},""Id"":""00ed0000001A4dEAAS"",""Name"":""ASU Service - Public Service""}}},{""Parent"":{""Id"":""0PSd0000000r7C5GAI"",""Type"":""Profile"",""Label"":""00ed0000001A4OpAAK"",""PermissionSetGroupId"":null,""Profile"":{""attributes"":{""type"":""Profile"",""url"":""/services/data/v53.0/sobjects/Profile/00ed0000001A4OpAAK""},""Id"":""00ed0000001A4OpAAK"",""Name"":""ASU Service - Nursing""}}},{""Parent"":{""Id"":""0PSd0000000r7FiGAI"",""Type"":""Profile"",""Label"":""00ed0000001A4RAAA0"",""PermissionSetGroupId"":null,""Profile"":{""attributes"":{""type"":""Profile"",""url"":""/services/data/v53.0/sobjects/Profile/00ed0000001A4RAAA0""},""Id"":""00ed0000001A4RAAA0"",""Name"":""ASU Service - Health Solutions""}}},{""Parent"":{""Id"":""0PSd0000000r7nEGAQ"",""Type"":""Profile"",""Label"":""00ed0000001A4x8AAC"",""PermissionSetGroupId"":null,""Profile"":{""attributes"":{""type"":""Profile"",""url"":""/services/data/v53.0/sobjects/Profile/00ed0000001A4x8AAC""},""Id"":""00ed0000001A4x8AAC"",""Name"":""ASU Service - New College""}}},{""Parent"":{""Id"":""0PSd0000000r7tuGAA"",""Type"":""Profile"",""Label"":""00ed0000001A52VAAS"",""PermissionSetGroupId"":null,""Profile"":{""attributes"":{""type"":""Profile"",""url"":""/services/data/v53.0/sobjects/Profile/00ed0000001A52VAAS""},""Id"":""00ed0000001A52VAAS"",""Name"":""ASU Service - Universal Learner Courses""}}},{""Parent"":{""Id"":""0PSd0000000r7v8GAA"",""Type"":""Profile"",""Label"":""00ed0000001A53VAAS"",""PermissionSetGroupId"":null,""Profile"":{""attributes"":{""type"":""Profile"",""url"":""/services/data/v53.0/sobjects/Profile/00ed0000001A53VAAS""},""Id"":""00ed0000001A53VAAS"",""Name"":""ASU Service - LMS Support""}}},{""Parent"":{""Id"":""0PSd0000000r8fDGAQ"",""Type"":""Profile"",""Label"":""00ed0000001A5dbAAC"",""PermissionSetGroupId"":null,""Profile"":{""attributes"":{""type"":""Profile"",""url"":""/services/data/v53.0/sobjects/Profile/00ed0000001A5dbAAC""},""Id"":""00ed0000001A5dbAAC"",""Name"":""ASU Service - Academic Transfer Credit Solutions""}}},{""Parent"":{""Id"":""0PSd0000000r8gGGAQ"",""Type"":""Profile"",""Label"":""00ed0000001A5e5AAC"",""PermissionSetGroupId"":null,""Profile"":{""attributes"":{""type"":""Profile"",""url"":""/services/data/v53.0/sobjects/Profile/00ed0000001A5e5AAC""},""Id"":""00ed0000001A5e5AAC"",""Name"":""ASU Service - TC - Dean's Office""}}},{""Parent"":{""Id"":""0PSd0000000r8zQGAQ"",""Type"":""Profile"",""Label"":""00ed0000001A5pHAAS"",""PermissionSetGroupId"":null,""Profile"":{""attributes"":{""type"":""Profile"",""url"":""/services/data/v53.0/sobjects/Profile/00ed0000001A5pHAAS""},""Id"":""00ed0000001A5pHAAS"",""Name"":""ASU Service - TC - English""}}},{""Parent"":{""Id"":""0PSd0000000r8zVGAQ"",""Type"":""Profile"",""Label"":""00ed0000001A5pMAAS"",""PermissionSetGroupId"":null,""Profile"":{""attributes"":{""type"":""Profile"",""url"":""/services/data/v53.0/sobjects/Profile/00ed0000001A5pMAAS""},""Id"":""00ed0000001A5pMAAS"",""Name"":""ASU Service - TC - SILC""}}},{""Parent"":{""Id"":""0PSd0000000r8zaGAA"",""Type"":""Profile"",""Label"":""00ed0000001A5pRAAS"",""PermissionSetGroupId"":null,""Profile"":{""attributes"":{""type"":""Profile"",""url"":""/services/data/v53.0/sobjects/Profile/00ed0000001A5pRAAS""},""Id"":""00ed0000001A5pRAAS"",""Name"":""ASU Service - TC - SHPRS""}}},{""Parent"":{""Id"":""0PSd0000000r93BGAQ"",""Type"":""Profile"",""Label"":""00ed0000001A5rcAAC"",""PermissionSetGroupId"":null,""Profile"":{""attributes"":{""type"":""Profile"",""url"":""/services/data/v53.0/sobjects/Profile/00ed0000001A5rcAAC""},""Id"":""00ed0000001A5rcAAC"",""Name"":""ASU Service - TC - SESE""}}},{""Parent"":{""Id"":""0PSd0000000r92mGAA"",""Type"":""Profile"",""Label"":""00ed0000001A5rDAAS"",""PermissionSetGroupId"":null,""Profile"":{""attributes"":{""type"":""Profile"",""url"":""/services/data/v53.0/sobjects/Profile/00ed0000001A5rDAAS""},""Id"":""00ed0000001A5rDAAS"",""Name"":""ASU Service - TC - SOLS""}}},{""Parent"":{""Id"":""0PSd0000000r92rGAA"",""Type"":""Profile"",""Label"":""00ed0000001A5rIAAS"",""PermissionSetGroupId"":null,""Profile"":{""attributes"":{""type"":""Profile"",""url"":""/services/data/v53.0/sobjects/Profile/00ed0000001A5rIAAS""},""Id"":""00ed0000001A5rIAAS"",""Name"":""ASU Service - TC - SoMSS""}}},{""Parent"":{""Id"":""0PSd0000000r92wGAA"",""Type"":""Profile"",""Label"":""00ed0000001A5rNAAS"",""PermissionSetGroupId"":null,""Profile"":{""attributes"":{""type"":""Profile"",""url"":""/services/data/v53.0/sobjects/Profile/00ed0000001A5rNAAS""},""Id"":""00ed0000001A5rNAAS"",""Name"":""ASU Service - TC  - SMS""}}},{""Parent"":{""Id"":""0PSd0000000r931GAA"",""Type"":""Profile"",""Label"":""00ed0000001A5rSAAS"",""PermissionSetGroupId"":null,""Profile"":{""attributes"":{""type"":""Profile"",""url"":""/services/data/v53.0/sobjects/Profile/00ed0000001A5rSAAS""},""Id"":""00ed0000001A5rSAAS"",""Name"":""ASU Service - TC - Physics""}}},{""Parent"":{""Id"":""0PSd0000000r936GAA"",""Type"":""Profile"",""Label"":""00ed0000001A5rXAAS"",""PermissionSetGroupId"":null,""Profile"":{""attributes"":{""type"":""Profile"",""url"":""/services/data/v53.0/sobjects/Profile/00ed0000001A5rXAAS""},""Id"":""00ed0000001A5rXAAS"",""Name"":""ASU Service - TC - Psychology""}}},{""Parent"":{""Id"":""0PSd0000000r8PUGAY"",""Type"":""Profile"",""Label"":""00ed0000001A5S7AAK"",""PermissionSetGroupId"":null,""Profile"":{""attributes"":{""type"":""Profile"",""url"":""/services/data/v53.0/sobjects/Profile/00ed0000001A5S7AAK""},""Id"":""00ed0000001A5S7AAK"",""Name"":""ASU Service - Curricular Activities and Actions""}}},{""Parent"":{""Id"":""0PSd0000000r97mGAA"",""Type"":""Profile"",""Label"":""00ed0000001A5udAAC"",""PermissionSetGroupId"":null,""Profile"":{""attributes"":{""type"":""Profile"",""url"":""/services/data/v53.0/sobjects/Profile/00ed0000001A5udAAC""},""Id"":""00ed0000001A5udAAC"",""Name"":""ASU Service - TC - STS""}}},{""Parent"":{""Id"":""0PSd0000000r97SGAQ"",""Type"":""Profile"",""Label"":""00ed0000001A5uJAAS"",""PermissionSetGroupId"":null,""Profile"":{""attributes"":{""type"":""Profile"",""url"":""/services/data/v53.0/sobjects/Profile/00ed0000001A5uJAAS""},""Id"":""00ed0000001A5uJAAS"",""Name"":""ASU Service - TC - SGSUP""}}},{""Parent"":{""Id"":""0PSd0000000r97XGAQ"",""Type"":""Profile"",""Label"":""00ed0000001A5uOAAS"",""PermissionSetGroupId"":null,""Profile"":{""attributes"":{""type"":""Profile"",""url"":""/services/data/v53.0/sobjects/Profile/00ed0000001A5uOAAS""},""Id"":""00ed0000001A5uOAAS"",""Name"":""ASU Service - TC - HDSHC""}}},{""Parent"":{""Id"":""0PSd0000000r97cGAA"",""Type"":""Profile"",""Label"":""00ed0000001A5uTAAS"",""PermissionSetGroupId"":null,""Profile"":{""attributes"":{""type"":""Profile"",""url"":""/services/data/v53.0/sobjects/Profile/00ed0000001A5uTAAS""},""Id"":""00ed0000001A5uTAAS"",""Name"":""ASU Service - TC - SPGS""}}},{""Parent"":{""Id"":""0PSd0000000r97hGAA"",""Type"":""Profile"",""Label"":""00ed0000001A5uYAAS"",""PermissionSetGroupId"":null,""Profile"":{""attributes"":{""type"":""Profile"",""url"":""/services/data/v53.0/sobjects/Profile/00ed0000001A5uYAAS""},""Id"":""00ed0000001A5uYAAS"",""Name"":""ASU Service - TC - SHESC""}}},{""Parent"":{""Id"":""0PSd0000000r9AFGAY"",""Type"":""Profile"",""Label"":""00ed0000001A5vnAAC"",""PermissionSetGroupId"":null,""Profile"":{""attributes"":{""type"":""Profile"",""url"":""/services/data/v53.0/sobjects/Profile/00ed0000001A5vnAAC""},""Id"":""00ed0000001A5vnAAC"",""Name"":""ASU Service - Integrative Sciences and Arts""}}},{""Parent"":{""Id"":""0PSd0000000r8ZaGAI"",""Type"":""Profile"",""Label"":""00ed0000001A5ZRAA0"",""PermissionSetGroupId"":null,""Profile"":{""attributes"":{""type"":""Profile"",""url"":""/services/data/v53.0/sobjects/Profile/00ed0000001A5ZRAA0""},""Id"":""00ed0000001A5ZRAA0"",""Name"":""ASU Service - Global Education Office""}}},{""Parent"":{""Id"":""0PSd0000000rAdhGAE"",""Type"":""Profile"",""Label"":""00ed0000001A6alAAC"",""PermissionSetGroupId"":null,""Profile"":{""attributes"":{""type"":""Profile"",""url"":""/services/data/v53.0/sobjects/Profile/00ed0000001A6alAAC""},""Id"":""00ed0000001A6alAAC"",""Name"":""ASU Service - Student & Cultural Engagement""}}},{""Parent"":{""Id"":""0PSd0000000rAdmGAE"",""Type"":""Profile"",""Label"":""00ed0000001A6aqAAC"",""PermissionSetGroupId"":null,""Profile"":{""attributes"":{""type"":""Profile"",""url"":""/services/data/v53.0/sobjects/Profile/00ed0000001A6aqAAC""},""Id"":""00ed0000001A6aqAAC"",""Name"":""ASU Service - International Student Engagement""}}},{""Parent"":{""Id"":""0PSd0000000rAdrGAE"",""Type"":""Profile"",""Label"":""00ed0000001A6avAAC"",""PermissionSetGroupId"":null,""Profile"":{""attributes"":{""type"":""Profile"",""url"":""/services/data/v53.0/sobjects/Profile/00ed0000001A6avAAC""},""Id"":""00ed0000001A6avAAC"",""Name"":""ASU Service - Changemaker Central""}}},{""Parent"":{""Id"":""0PSd0000001o7EsGAI"",""Type"":""Profile"",""Label"":""00ed0000002FFRcAAO"",""PermissionSetGroupId"":null,""Profile"":{""attributes"":{""type"":""Profile"",""url"":""/services/data/v53.0/sobjects/Profile/00ed0000002FFRcAAO""},""Id"":""00ed0000002FFRcAAO"",""Name"":""ASU Recruitment - Freshman Recruiter (Temp Access to Org Wide)""}}},{""Parent"":{""Id"":""0PSd0000001o7ETGAY"",""Type"":""Profile"",""Label"":""00ed0000002FFRSAA4"",""PermissionSetGroupId"":null,""Profile"":{""attributes"":{""type"":""Profile"",""url"":""/services/data/v53.0/sobjects/Profile/00ed0000002FFRSAA4""},""Id"":""00ed0000002FFRSAA4"",""Name"":""ASU Service - Sun Devil Athletics""}}},{""Parent"":{""Id"":""0PSd0000001o7HmGAI"",""Type"":""Profile"",""Label"":""00ed0000002FFSLAA4"",""PermissionSetGroupId"":null,""Profile"":{""attributes"":{""type"":""Profile"",""url"":""/services/data/v53.0/sobjects/Profile/00ed0000002FFSLAA4""},""Id"":""00ed0000002FFSLAA4"",""Name"":""ASU Service - Office of the President (Temp Access to Org Wide)""}}},{""Parent"":{""Id"":""0PSd0000001o7VKGAY"",""Type"":""Profile"",""Label"":""00ed0000002FFY4AAO"",""PermissionSetGroupId"":null,""Profile"":{""attributes"":{""type"":""Profile"",""url"":""/services/data/v53.0/sobjects/Profile/00ed0000002FFY4AAO""},""Id"":""00ed0000002FFY4AAO"",""Name"":""ASU Service - ASU-USA Pathways""}}},{""Parent"":{""Id"":""0PSd0000001sK82GAE"",""Type"":""Profile"",""Label"":""00ed0000002JRvSAAW"",""PermissionSetGroupId"":null,""Profile"":{""attributes"":{""type"":""Profile"",""url"":""/services/data/v53.0/sobjects/Profile/00ed0000002JRvSAAW""},""Id"":""00ed0000002JRvSAAW"",""Name"":""ASU Service - First in the World Grant""}}},{""Parent"":{""Id"":""0PSd0000001sKJBGA2"",""Type"":""Profile"",""Label"":""00ed0000002JRyMAAW"",""PermissionSetGroupId"":null,""Profile"":{""attributes"":{""type"":""Profile"",""url"":""/services/data/v53.0/sobjects/Profile/00ed0000002JRyMAAW""},""Id"":""00ed0000002JRyMAAW"",""Name"":""ASU Service - ITCSS Library Services""}}},{""Parent"":{""Id"":""0PSd0000001sKNNGA2"",""Type"":""Profile"",""Label"":""00ed0000002JS0DAAW"",""PermissionSetGroupId"":null,""Profile"":{""attributes"":{""type"":""Profile"",""url"":""/services/data/v53.0/sobjects/Profile/00ed0000002JS0DAAW""},""Id"":""00ed0000002JS0DAAW"",""Name"":""ASU Service - Success Coach""}}},{""Parent"":{""Id"":""0PSd0000001sKO6GAM"",""Type"":""Profile"",""Label"":""00ed0000002JS0NAAW"",""PermissionSetGroupId"":null,""Profile"":{""attributes"":{""type"":""Profile"",""url"":""/services/data/v53.0/sobjects/Profile/00ed0000002JS0NAAW""},""Id"":""00ed0000002JS0NAAW"",""Name"":""ASU Service - TC - ISSR""}}},{""Parent"":{""Id"":""0PSd0000001jxObGAI"",""Type"":""Profile"",""Label"":""00ed0000002NelYAAS"",""PermissionSetGroupId"":null,""Profile"":{""attributes"":{""type"":""Profile"",""url"":""/services/data/v53.0/sobjects/Profile/00ed0000002NelYAAS""},""Id"":""00ed0000002NelYAAS"",""Name"":""ASU Service - Academic Partnerships""}}},{""Parent"":{""Id"":""0PSd0000001jxa8GAA"",""Type"":""Profile"",""Label"":""00ed0000002Neq4AAC"",""PermissionSetGroupId"":null,""Profile"":{""attributes"":{""type"":""Profile"",""url"":""/services/data/v53.0/sobjects/Profile/00ed0000002Neq4AAC""},""Id"":""00ed0000002Neq4AAC"",""Name"":""ASU Service - Student Accessibility and Inclusive Learning Services""}}},{""Parent"":{""Id"":""0PSd0000001jygbGAA"",""Type"":""Profile"",""Label"":""00ed0000002Nf7AAAS"",""PermissionSetGroupId"":null,""Profile"":{""attributes"":{""type"":""Profile"",""url"":""/services/data/v53.0/sobjects/Profile/00ed0000002Nf7AAAS""},""Id"":""00ed0000002Nf7AAAS"",""Name"":""ASU Recruitment - Business Intelligence""}}},{""Parent"":{""Id"":""0PSd0000000oWPgGAM"",""Type"":""Profile"",""Label"":""00ex00000018ozT_128_09_43_34_1"",""PermissionSetGroupId"":null,""Profile"":{""attributes"":{""type"":""Profile"",""url"":""/services/data/v53.0/sobjects/Profile/00ed00000017IobAAE""},""Id"":""00ed00000017IobAAE"",""Name"":""System Administrator""}}},{""Parent"":{""Id"":""0PS6T000001CZGsWAO"",""Type"":""Regular"",""Label"":""Role: EdPlus Coach Portal (Non-Success Coach)"",""PermissionSetGroupId"":null,""Profile"":null}}]"
"0666T000002z0WhQAI","EdPlusEarnedAdmission","[{""Parent"":{""Id"":""0PSd0000000qzl5GAA"",""Type"":""Profile"",""Label"":""00ed00000019yKBAAY"",""PermissionSetGroupId"":null,""Profile"":{""attributes"":{""type"":""Profile"",""url"":""/services/data/v53.0/sobjects/Profile/00ed00000019yKBAAY""},""Id"":""00ed00000019yKBAAY"",""Name"":""ASU View All Data""}}},{""Parent"":{""Id"":""0PSd0000000r7tuGAA"",""Type"":""Profile"",""Label"":""00ed0000001A52VAAS"",""PermissionSetGroupId"":null,""Profile"":{""attributes"":{""type"":""Profile"",""url"":""/services/data/v53.0/sobjects/Profile/00ed0000001A52VAAS""},""Id"":""00ed0000001A52VAAS"",""Name"":""ASU Service - Universal Learner Courses""}}},{""Parent"":{""Id"":""0PSd0000000oWPgGAM"",""Type"":""Profile"",""Label"":""00ex00000018ozT_128_09_43_34_1"",""PermissionSetGroupId"":null,""Profile"":{""attributes"":{""type"":""Profile"",""url"":""/services/data/v53.0/sobjects/Profile/00ed00000017IobAAE""},""Id"":""00ed00000017IobAAE"",""Name"":""System Administrator""}}}]"
"066d0000003BGAkAAO","EmailMessageViewer","[{""Parent"":{""Id"":""0PSd0000001sKNNGA2"",""Type"":""Profile"",""Label"":""00ed0000002JS0DAAW"",""PermissionSetGroupId"":null,""Profile"":{""attributes"":{""type"":""Profile"",""url"":""/services/data/v53.0/sobjects/Profile/00ed0000002JS0DAAW""},""Id"":""00ed0000002JS0DAAW"",""Name"":""ASU Service - Success Coach""}}},{""Parent"":{""Id"":""0PSd0000000oWPgGAM"",""Type"":""Profile"",""Label"":""00ex00000018ozT_128_09_43_34_1"",""PermissionSetGroupId"":null,""Profile"":{""attributes"":{""type"":""Profile"",""url"":""/services/data/v53.0/sobjects/Profile/00ed00000017IobAAE""},""Id"":""00ed00000017IobAAE"",""Name"":""System Administrator""}}},{""Parent"":{""Id"":""0PSd0000001sKhEGAU"",""Type"":""Regular"",""Label"":""Role: Academic Advisor Portal (Service Users)"",""PermissionSetGroupId"":null,""Profile"":null}},{""Parent"":{""Id"":""0PS6T000001CZGsWAO"",""Type"":""Regular"",""Label"":""Role: EdPlus Coach Portal (Non-Success Coach)"",""PermissionSetGroupId"":null,""Profile"":null}},{""Parent"":{""Id"":""0PSd0000001sKN8GAM"",""Type"":""Regular"",""Label"":""Success Portal Management (EdPlus)"",""PermissionSetGroupId"":null,""Profile"":null}}]"
"066d0000002Amb4AAC","error","[{""Parent"":{""Id"":""0PSd0000000qzl5GAA"",""Type"":""Profile"",""Label"":""00ed00000019yKBAAY"",""PermissionSetGroupId"":null,""Profile"":{""attributes"":{""type"":""Profile"",""url"":""/services/data/v53.0/sobjects/Profile/00ed00000019yKBAAY""},""Id"":""00ed00000019yKBAAY"",""Name"":""ASU View All Data""}}},{""Parent"":{""Id"":""0PSd0000000r0dDGAQ"",""Type"":""Profile"",""Label"":""00ed00000019z77AAA"",""PermissionSetGroupId"":null,""Profile"":{""attributes"":{""type"":""Profile"",""url"":""/services/data/v53.0/sobjects/Profile/00ed00000019z77AAA""},""Id"":""00ed00000019z77AAA"",""Name"":""My ASU Profile""}}},{""Parent"":{""Id"":""0PSd0000000r2e7GAA"",""Type"":""Profile"",""Label"":""00ed0000001A0pMAAS"",""PermissionSetGroupId"":null,""Profile"":{""attributes"":{""type"":""Profile"",""url"":""/services/data/v53.0/sobjects/Profile/00ed0000001A0pMAAS""},""Id"":""00ed0000001A0pMAAS"",""Name"":""ASU Service - Student Success Innovations""}}},{""Parent"":{""Id"":""0PSd0000000oWPgGAM"",""Type"":""Profile"",""Label"":""00ex00000018ozT_128_09_43_34_1"",""PermissionSetGroupId"":null,""Profile"":{""attributes"":{""type"":""Profile"",""url"":""/services/data/v53.0/sobjects/Profile/00ed00000017IobAAE""},""Id"":""00ed00000017IobAAE"",""Name"":""System Administrator""}}}]"
"066d0000002AVSCAA4","Exception","[{""Parent"":{""Id"":""0PS0W000001GgU7WAK"",""Type"":""Profile"",""Label"":""00e0W000001lvZsQAI"",""PermissionSetGroupId"":null,""Profile"":{""attributes"":{""type"":""Profile"",""url"":""/services/data/v53.0/sobjects/Profile/00e0W000001lvZsQAI""},""Id"":""00e0W000001lvZsQAI"",""Name"":""ASU Advising Community Profile""}}},{""Parent"":{""Id"":""0PS0W000001bgy8WAA"",""Type"":""Profile"",""Label"":""00e0W000001yXlHQAU"",""PermissionSetGroupId"":null,""Profile"":{""attributes"":{""type"":""Profile"",""url"":""/services/data/v53.0/sobjects/Profile/00e0W000001yXlHQAU""},""Id"":""00e0W000001yXlHQAU"",""Name"":""Jira Profile""}}},{""Parent"":{""Id"":""0PS0W000001k9RKWAY"",""Type"":""Profile"",""Label"":""00e0W000002NjO9QAK"",""PermissionSetGroupId"":null,""Profile"":{""attributes"":{""type"":""Profile"",""url"":""/services/data/v53.0/sobjects/Profile/00e0W000002NjO9QAK""},""Id"":""00e0W000002NjO9QAK"",""Name"":""Family Portal Profile""}}},{""Parent"":{""Id"":""0PS0W000001watlWAA"",""Type"":""Profile"",""Label"":""00e0W000002RsQNQA0"",""PermissionSetGroupId"":null,""Profile"":{""attributes"":{""type"":""Profile"",""url"":""/services/data/v53.0/sobjects/Profile/00e0W000002RsQNQA0""},""Id"":""00e0W000002RsQNQA0"",""Name"":""AsuChat Profile""}}},{""Parent"":{""Id"":""0PSd0000000quTfGAI"",""Type"":""Profile"",""Label"":""00ed00000019tQkAAI"",""PermissionSetGroupId"":null,""Profile"":{""attributes"":{""type"":""Profile"",""url"":""/services/data/v53.0/sobjects/Profile/00ed00000019tQkAAI""},""Id"":""00ed00000019tQkAAI"",""Name"":""Public Knowledge Base for ASU Profile""}}},{""Parent"":{""Id"":""0PSd0000000qzl5GAA"",""Type"":""Profile"",""Label"":""00ed00000019yKBAAY"",""PermissionSetGroupId"":null,""Profile"":{""attributes"":{""type"":""Profile"",""url"":""/services/data/v53.0/sobjects/Profile/00ed00000019yKBAAY""},""Id"":""00ed00000019yKBAAY"",""Name"":""ASU View All Data""}}},{""Parent"":{""Id"":""0PSd0000000r0eSGAQ"",""Type"":""Profile"",""Label"":""00ed00000019z84AAA"",""PermissionSetGroupId"":null,""Profile"":{""attributes"":{""type"":""Profile"",""url"":""/services/data/v53.0/sobjects/Profile/00ed00000019z84AAA""},""Id"":""00ed00000019z84AAA"",""Name"":""Top Level Site Profile""}}},{""Parent"":{""Id"":""0PSd0000000TwGUGA0"",""Type"":""Profile"",""Label"":""00ed0000001EPuyAAG"",""PermissionSetGroupId"":null,""Profile"":{""attributes"":{""type"":""Profile"",""url"":""/services/data/v53.0/sobjects/Profile/00ed0000001EPuyAAG""},""Id"":""00ed0000001EPuyAAG"",""Name"":""Bomgar Profile""}}},{""Parent"":{""Id"":""0PSd0000001o83gGAA"",""Type"":""Profile"",""Label"":""00ed0000002FFobAAG"",""PermissionSetGroupId"":null,""Profile"":{""attributes"":{""type"":""Profile"",""url"":""/services/data/v53.0/sobjects/Profile/00ed0000002FFobAAG""},""Id"":""00ed0000002FFobAAG"",""Name"":""Unsubscribe Profile""}}},{""Parent"":{""Id"":""0PSd0000001jxyyGAA"",""Type"":""Profile"",""Label"":""00ed0000002Nf2KAAS"",""PermissionSetGroupId"":null,""Profile"":{""attributes"":{""type"":""Profile"",""url"":""/services/data/v53.0/sobjects/Profile/00ed0000002Nf2KAAS""},""Id"":""00ed0000002Nf2KAAS"",""Name"":""IdeaMachine Profile""}}},{""Parent"":{""Id"":""0PSd0000000oWPgGAM"",""Type"":""Profile"",""Label"":""00ex00000018ozT_128_09_43_34_1"",""PermissionSetGroupId"":null,""Profile"":{""attributes"":{""type"":""Profile"",""url"":""/services/data/v53.0/sobjects/Profile/00ed00000017IobAAE""},""Id"":""00ed00000017IobAAE"",""Name"":""System Administrator""}}},{""Parent"":{""Id"":""0PSd0000000quKmGAI"",""Type"":""Regular"",""Label"":""Additional Administrator Permissions"",""PermissionSetGroupId"":null,""Profile"":null}}]"
"0666T000002dwy2QAA","ExternalObjectQuery","[{""Parent"":{""Id"":""0PSd0000000oWPgGAM"",""Type"":""Profile"",""Label"":""00ex00000018ozT_128_09_43_34_1"",""PermissionSetGroupId"":null,""Profile"":{""attributes"":{""type"":""Profile"",""url"":""/services/data/v53.0/sobjects/Profile/00ed00000017IobAAE""},""Id"":""00ed00000017IobAAE"",""Name"":""System Administrator""}}}]"
"0660W000002z0J4QAI","FamilyPortalStep1","[{""Parent"":{""Id"":""0PS0W000001k9RKWAY"",""Type"":""Profile"",""Label"":""00e0W000002NjO9QAK"",""PermissionSetGroupId"":null,""Profile"":{""attributes"":{""type"":""Profile"",""url"":""/services/data/v53.0/sobjects/Profile/00e0W000002NjO9QAK""},""Id"":""00e0W000002NjO9QAK"",""Name"":""Family Portal Profile""}}},{""Parent"":{""Id"":""0PSd0000000r0bvGAA"",""Type"":""Profile"",""Label"":""00ed00000019z5nAAA"",""PermissionSetGroupId"":null,""Profile"":{""attributes"":{""type"":""Profile"",""url"":""/services/data/v53.0/sobjects/Profile/00ed00000019z5nAAA""},""Id"":""00ed00000019z5nAAA"",""Name"":""ASU Community""}}},{""Parent"":{""Id"":""0PSd0000000r0c0GAA"",""Type"":""Profile"",""Label"":""00ed00000019z5sAAA"",""PermissionSetGroupId"":null,""Profile"":{""attributes"":{""type"":""Profile"",""url"":""/services/data/v53.0/sobjects/Profile/00ed00000019z5sAAA""},""Id"":""00ed00000019z5sAAA"",""Name"":""ASU Community CAP""}}},{""Parent"":{""Id"":""0PSd0000000oWPgGAM"",""Type"":""Profile"",""Label"":""00ex00000018ozT_128_09_43_34_1"",""PermissionSetGroupId"":null,""Profile"":{""attributes"":{""type"":""Profile"",""url"":""/services/data/v53.0/sobjects/Profile/00ed00000017IobAAE""},""Id"":""00ed00000017IobAAE"",""Name"":""System Administrator""}}}]"
"0660W000002z0J5QAI","FamilyPortalStep2","[{""Parent"":{""Id"":""0PS0W000001k9RKWAY"",""Type"":""Profile"",""Label"":""00e0W000002NjO9QAK"",""PermissionSetGroupId"":null,""Profile"":{""attributes"":{""type"":""Profile"",""url"":""/services/data/v53.0/sobjects/Profile/00e0W000002NjO9QAK""},""Id"":""00e0W000002NjO9QAK"",""Name"":""Family Portal Profile""}}},{""Parent"":{""Id"":""0PSd0000000r0bvGAA"",""Type"":""Profile"",""Label"":""00ed00000019z5nAAA"",""PermissionSetGroupId"":null,""Profile"":{""attributes"":{""type"":""Profile"",""url"":""/services/data/v53.0/sobjects/Profile/00ed00000019z5nAAA""},""Id"":""00ed00000019z5nAAA"",""Name"":""ASU Community""}}},{""Parent"":{""Id"":""0PSd0000000r0c0GAA"",""Type"":""Profile"",""Label"":""00ed00000019z5sAAA"",""PermissionSetGroupId"":null,""Profile"":{""attributes"":{""type"":""Profile"",""url"":""/services/data/v53.0/sobjects/Profile/00ed00000019z5sAAA""},""Id"":""00ed00000019z5sAAA"",""Name"":""ASU Community CAP""}}},{""Parent"":{""Id"":""0PSd0000000oWPgGAM"",""Type"":""Profile"",""Label"":""00ex00000018ozT_128_09_43_34_1"",""PermissionSetGroupId"":null,""Profile"":{""attributes"":{""type"":""Profile"",""url"":""/services/data/v53.0/sobjects/Profile/00ed00000017IobAAE""},""Id"":""00ed00000017IobAAE"",""Name"":""System Administrator""}}}]"
"0660W000002z0J6QAI","FamilyPortalStep3","[{""Parent"":{""Id"":""0PS0W000001k9RKWAY"",""Type"":""Profile"",""Label"":""00e0W000002NjO9QAK"",""PermissionSetGroupId"":null,""Profile"":{""attributes"":{""type"":""Profile"",""url"":""/services/data/v53.0/sobjects/Profile/00e0W000002NjO9QAK""},""Id"":""00e0W000002NjO9QAK"",""Name"":""Family Portal Profile""}}},{""Parent"":{""Id"":""0PSd0000000r0bvGAA"",""Type"":""Profile"",""Label"":""00ed00000019z5nAAA"",""PermissionSetGroupId"":null,""Profile"":{""attributes"":{""type"":""Profile"",""url"":""/services/data/v53.0/sobjects/Profile/00ed00000019z5nAAA""},""Id"":""00ed00000019z5nAAA"",""Name"":""ASU Community""}}},{""Parent"":{""Id"":""0PSd0000000r0c0GAA"",""Type"":""Profile"",""Label"":""00ed00000019z5sAAA"",""PermissionSetGroupId"":null,""Profile"":{""attributes"":{""type"":""Profile"",""url"":""/services/data/v53.0/sobjects/Profile/00ed00000019z5sAAA""},""Id"":""00ed00000019z5sAAA"",""Name"":""ASU Community CAP""}}},{""Parent"":{""Id"":""0PSd0000000oWPgGAM"",""Type"":""Profile"",""Label"":""00ex00000018ozT_128_09_43_34_1"",""PermissionSetGroupId"":null,""Profile"":{""attributes"":{""type"":""Profile"",""url"":""/services/data/v53.0/sobjects/Profile/00ed00000017IobAAE""},""Id"":""00ed00000017IobAAE"",""Name"":""System Administrator""}}}]"
"0660W000002z0J7QAI","FamilyPortalStep4","[{""Parent"":{""Id"":""0PS0W000001k9RKWAY"",""Type"":""Profile"",""Label"":""00e0W000002NjO9QAK"",""PermissionSetGroupId"":null,""Profile"":{""attributes"":{""type"":""Profile"",""url"":""/services/data/v53.0/sobjects/Profile/00e0W000002NjO9QAK""},""Id"":""00e0W000002NjO9QAK"",""Name"":""Family Portal Profile""}}},{""Parent"":{""Id"":""0PSd0000000r0bvGAA"",""Type"":""Profile"",""Label"":""00ed00000019z5nAAA"",""PermissionSetGroupId"":null,""Profile"":{""attributes"":{""type"":""Profile"",""url"":""/services/data/v53.0/sobjects/Profile/00ed00000019z5nAAA""},""Id"":""00ed00000019z5nAAA"",""Name"":""ASU Community""}}},{""Parent"":{""Id"":""0PSd0000000r0c0GAA"",""Type"":""Profile"",""Label"":""00ed00000019z5sAAA"",""PermissionSetGroupId"":null,""Profile"":{""attributes"":{""type"":""Profile"",""url"":""/services/data/v53.0/sobjects/Profile/00ed00000019z5sAAA""},""Id"":""00ed00000019z5sAAA"",""Name"":""ASU Community CAP""}}},{""Parent"":{""Id"":""0PSd0000000oWPgGAM"",""Type"":""Profile"",""Label"":""00ex00000018ozT_128_09_43_34_1"",""PermissionSetGroupId"":null,""Profile"":{""attributes"":{""type"":""Profile"",""url"":""/services/data/v53.0/sobjects/Profile/00ed00000017IobAAE""},""Id"":""00ed00000017IobAAE"",""Name"":""System Administrator""}}}]"
"0660W000002z0J8QAI","FamilyPortalStep5","[{""Parent"":{""Id"":""0PS0W000001k9RKWAY"",""Type"":""Profile"",""Label"":""00e0W000002NjO9QAK"",""PermissionSetGroupId"":null,""Profile"":{""attributes"":{""type"":""Profile"",""url"":""/services/data/v53.0/sobjects/Profile/00e0W000002NjO9QAK""},""Id"":""00e0W000002NjO9QAK"",""Name"":""Family Portal Profile""}}},{""Parent"":{""Id"":""0PSd0000000r0bvGAA"",""Type"":""Profile"",""Label"":""00ed00000019z5nAAA"",""PermissionSetGroupId"":null,""Profile"":{""attributes"":{""type"":""Profile"",""url"":""/services/data/v53.0/sobjects/Profile/00ed00000019z5nAAA""},""Id"":""00ed00000019z5nAAA"",""Name"":""ASU Community""}}},{""Parent"":{""Id"":""0PSd0000000r0c0GAA"",""Type"":""Profile"",""Label"":""00ed00000019z5sAAA"",""PermissionSetGroupId"":null,""Profile"":{""attributes"":{""type"":""Profile"",""url"":""/services/data/v53.0/sobjects/Profile/00ed00000019z5sAAA""},""Id"":""00ed00000019z5sAAA"",""Name"":""ASU Community CAP""}}},{""Parent"":{""Id"":""0PSd0000000oWPgGAM"",""Type"":""Profile"",""Label"":""00ex00000018ozT_128_09_43_34_1"",""PermissionSetGroupId"":null,""Profile"":{""attributes"":{""type"":""Profile"",""url"":""/services/data/v53.0/sobjects/Profile/00ed00000017IobAAE""},""Id"":""00ed00000017IobAAE"",""Name"":""System Administrator""}}}]"
"066d0000002B6LiAAK","feedback","[{""Parent"":{""Id"":""0PSd0000000qzl5GAA"",""Type"":""Profile"",""Label"":""00ed00000019yKBAAY"",""PermissionSetGroupId"":null,""Profile"":{""attributes"":{""type"":""Profile"",""url"":""/services/data/v53.0/sobjects/Profile/00ed00000019yKBAAY""},""Id"":""00ed00000019yKBAAY"",""Name"":""ASU View All Data""}}},{""Parent"":{""Id"":""0PSd0000000r0bvGAA"",""Type"":""Profile"",""Label"":""00ed00000019z5nAAA"",""PermissionSetGroupId"":null,""Profile"":{""attributes"":{""type"":""Profile"",""url"":""/services/data/v53.0/sobjects/Profile/00ed00000019z5nAAA""},""Id"":""00ed00000019z5nAAA"",""Name"":""ASU Community""}}},{""Parent"":{""Id"":""0PSd0000000r0c0GAA"",""Type"":""Profile"",""Label"":""00ed00000019z5sAAA"",""PermissionSetGroupId"":null,""Profile"":{""attributes"":{""type"":""Profile"",""url"":""/services/data/v53.0/sobjects/Profile/00ed00000019z5sAAA""},""Id"":""00ed00000019z5sAAA"",""Name"":""ASU Community CAP""}}},{""Parent"":{""Id"":""0PSd0000000oWPgGAM"",""Type"":""Profile"",""Label"":""00ex00000018ozT_128_09_43_34_1"",""PermissionSetGroupId"":null,""Profile"":{""attributes"":{""type"":""Profile"",""url"":""/services/data/v53.0/sobjects/Profile/00ed00000017IobAAE""},""Id"":""00ed00000017IobAAE"",""Name"":""System Administrator""}}}]"
"066d0000002AVSAAA4","FileNotFound","[{""Parent"":{""Id"":""0PS0W000001GgU7WAK"",""Type"":""Profile"",""Label"":""00e0W000001lvZsQAI"",""PermissionSetGroupId"":null,""Profile"":{""attributes"":{""type"":""Profile"",""url"":""/services/data/v53.0/sobjects/Profile/00e0W000001lvZsQAI""},""Id"":""00e0W000001lvZsQAI"",""Name"":""ASU Advising Community Profile""}}},{""Parent"":{""Id"":""0PS0W000001bgy8WAA"",""Type"":""Profile"",""Label"":""00e0W000001yXlHQAU"",""PermissionSetGroupId"":null,""Profile"":{""attributes"":{""type"":""Profile"",""url"":""/services/data/v53.0/sobjects/Profile/00e0W000001yXlHQAU""},""Id"":""00e0W000001yXlHQAU"",""Name"":""Jira Profile""}}},{""Parent"":{""Id"":""0PS0W000001k9RKWAY"",""Type"":""Profile"",""Label"":""00e0W000002NjO9QAK"",""PermissionSetGroupId"":null,""Profile"":{""attributes"":{""type"":""Profile"",""url"":""/services/data/v53.0/sobjects/Profile/00e0W000002NjO9QAK""},""Id"":""00e0W000002NjO9QAK"",""Name"":""Family Portal Profile""}}},{""Parent"":{""Id"":""0PS0W000001watlWAA"",""Type"":""Profile"",""Label"":""00e0W000002RsQNQA0"",""PermissionSetGroupId"":null,""Profile"":{""attributes"":{""type"":""Profile"",""url"":""/services/data/v53.0/sobjects/Profile/00e0W000002RsQNQA0""},""Id"":""00e0W000002RsQNQA0"",""Name"":""AsuChat Profile""}}},{""Parent"":{""Id"":""0PSd0000000quTfGAI"",""Type"":""Profile"",""Label"":""00ed00000019tQkAAI"",""PermissionSetGroupId"":null,""Profile"":{""attributes"":{""type"":""Profile"",""url"":""/services/data/v53.0/sobjects/Profile/00ed00000019tQkAAI""},""Id"":""00ed00000019tQkAAI"",""Name"":""Public Knowledge Base for ASU Profile""}}},{""Parent"":{""Id"":""0PSd0000000qzl5GAA"",""Type"":""Profile"",""Label"":""00ed00000019yKBAAY"",""PermissionSetGroupId"":null,""Profile"":{""attributes"":{""type"":""Profile"",""url"":""/services/data/v53.0/sobjects/Profile/00ed00000019yKBAAY""},""Id"":""00ed00000019yKBAAY"",""Name"":""ASU View All Data""}}},{""Parent"":{""Id"":""0PSd0000000r0dDGAQ"",""Type"":""Profile"",""Label"":""00ed00000019z77AAA"",""PermissionSetGroupId"":null,""Profile"":{""attributes"":{""type"":""Profile"",""url"":""/services/data/v53.0/sobjects/Profile/00ed00000019z77AAA""},""Id"":""00ed00000019z77AAA"",""Name"":""My ASU Profile""}}},{""Parent"":{""Id"":""0PSd0000000r0eSGAQ"",""Type"":""Profile"",""Label"":""00ed00000019z84AAA"",""PermissionSetGroupId"":null,""Profile"":{""attributes"":{""type"":""Profile"",""url"":""/services/data/v53.0/sobjects/Profile/00ed00000019z84AAA""},""Id"":""00ed00000019z84AAA"",""Name"":""Top Level Site Profile""}}},{""Parent"":{""Id"":""0PSd0000000TwGUGA0"",""Type"":""Profile"",""Label"":""00ed0000001EPuyAAG"",""PermissionSetGroupId"":null,""Profile"":{""attributes"":{""type"":""Profile"",""url"":""/services/data/v53.0/sobjects/Profile/00ed0000001EPuyAAG""},""Id"":""00ed0000001EPuyAAG"",""Name"":""Bomgar Profile""}}},{""Parent"":{""Id"":""0PSd0000001o83gGAA"",""Type"":""Profile"",""Label"":""00ed0000002FFobAAG"",""PermissionSetGroupId"":null,""Profile"":{""attributes"":{""type"":""Profile"",""url"":""/services/data/v53.0/sobjects/Profile/00ed0000002FFobAAG""},""Id"":""00ed0000002FFobAAG"",""Name"":""Unsubscribe Profile""}}},{""Parent"":{""Id"":""0PSd0000001jxyyGAA"",""Type"":""Profile"",""Label"":""00ed0000002Nf2KAAS"",""PermissionSetGroupId"":null,""Profile"":{""attributes"":{""type"":""Profile"",""url"":""/services/data/v53.0/sobjects/Profile/00ed0000002Nf2KAAS""},""Id"":""00ed0000002Nf2KAAS"",""Name"":""IdeaMachine Profile""}}},{""Parent"":{""Id"":""0PSd0000000oWPgGAM"",""Type"":""Profile"",""Label"":""00ex00000018ozT_128_09_43_34_1"",""PermissionSetGroupId"":null,""Profile"":{""attributes"":{""type"":""Profile"",""url"":""/services/data/v53.0/sobjects/Profile/00ed00000017IobAAE""},""Id"":""00ed00000017IobAAE"",""Name"":""System Administrator""}}},{""Parent"":{""Id"":""0PSd0000000quKmGAI"",""Type"":""Regular"",""Label"":""Additional Administrator Permissions"",""PermissionSetGroupId"":null,""Profile"":null}}]"
"066d0000002AVS3AAO","ForgotPassword","[{""Parent"":{""Id"":""0PS0W000001GgU7WAK"",""Type"":""Profile"",""Label"":""00e0W000001lvZsQAI"",""PermissionSetGroupId"":null,""Profile"":{""attributes"":{""type"":""Profile"",""url"":""/services/data/v53.0/sobjects/Profile/00e0W000001lvZsQAI""},""Id"":""00e0W000001lvZsQAI"",""Name"":""ASU Advising Community Profile""}}},{""Parent"":{""Id"":""0PS0W000001bgy8WAA"",""Type"":""Profile"",""Label"":""00e0W000001yXlHQAU"",""PermissionSetGroupId"":null,""Profile"":{""attributes"":{""type"":""Profile"",""url"":""/services/data/v53.0/sobjects/Profile/00e0W000001yXlHQAU""},""Id"":""00e0W000001yXlHQAU"",""Name"":""Jira Profile""}}},{""Parent"":{""Id"":""0PS0W000001k9RKWAY"",""Type"":""Profile"",""Label"":""00e0W000002NjO9QAK"",""PermissionSetGroupId"":null,""Profile"":{""attributes"":{""type"":""Profile"",""url"":""/services/data/v53.0/sobjects/Profile/00e0W000002NjO9QAK""},""Id"":""00e0W000002NjO9QAK"",""Name"":""Family Portal Profile""}}},{""Parent"":{""Id"":""0PS0W000001watlWAA"",""Type"":""Profile"",""Label"":""00e0W000002RsQNQA0"",""PermissionSetGroupId"":null,""Profile"":{""attributes"":{""type"":""Profile"",""url"":""/services/data/v53.0/sobjects/Profile/00e0W000002RsQNQA0""},""Id"":""00e0W000002RsQNQA0"",""Name"":""AsuChat Profile""}}},{""Parent"":{""Id"":""0PSd0000000quTfGAI"",""Type"":""Profile"",""Label"":""00ed00000019tQkAAI"",""PermissionSetGroupId"":null,""Profile"":{""attributes"":{""type"":""Profile"",""url"":""/services/data/v53.0/sobjects/Profile/00ed00000019tQkAAI""},""Id"":""00ed00000019tQkAAI"",""Name"":""Public Knowledge Base for ASU Profile""}}},{""Parent"":{""Id"":""0PSd0000000qzl5GAA"",""Type"":""Profile"",""Label"":""00ed00000019yKBAAY"",""PermissionSetGroupId"":null,""Profile"":{""attributes"":{""type"":""Profile"",""url"":""/services/data/v53.0/sobjects/Profile/00ed00000019yKBAAY""},""Id"":""00ed00000019yKBAAY"",""Name"":""ASU View All Data""}}},{""Parent"":{""Id"":""0PSd0000000r0eSGAQ"",""Type"":""Profile"",""Label"":""00ed00000019z84AAA"",""PermissionSetGroupId"":null,""Profile"":{""attributes"":{""type"":""Profile"",""url"":""/services/data/v53.0/sobjects/Profile/00ed00000019z84AAA""},""Id"":""00ed00000019z84AAA"",""Name"":""Top Level Site Profile""}}},{""Parent"":{""Id"":""0PSd0000000TwGUGA0"",""Type"":""Profile"",""Label"":""00ed0000001EPuyAAG"",""PermissionSetGroupId"":null,""Profile"":{""attributes"":{""type"":""Profile"",""url"":""/services/data/v53.0/sobjects/Profile/00ed0000001EPuyAAG""},""Id"":""00ed0000001EPuyAAG"",""Name"":""Bomgar Profile""}}},{""Parent"":{""Id"":""0PSd0000001o83gGAA"",""Type"":""Profile"",""Label"":""00ed0000002FFobAAG"",""PermissionSetGroupId"":null,""Profile"":{""attributes"":{""type"":""Profile"",""url"":""/services/data/v53.0/sobjects/Profile/00ed0000002FFobAAG""},""Id"":""00ed0000002FFobAAG"",""Name"":""Unsubscribe Profile""}}},{""Parent"":{""Id"":""0PSd0000001jxyyGAA"",""Type"":""Profile"",""Label"":""00ed0000002Nf2KAAS"",""PermissionSetGroupId"":null,""Profile"":{""attributes"":{""type"":""Profile"",""url"":""/services/data/v53.0/sobjects/Profile/00ed0000002Nf2KAAS""},""Id"":""00ed0000002Nf2KAAS"",""Name"":""IdeaMachine Profile""}}},{""Parent"":{""Id"":""0PSd0000000oWPgGAM"",""Type"":""Profile"",""Label"":""00ex00000018ozT_128_09_43_34_1"",""PermissionSetGroupId"":null,""Profile"":{""attributes"":{""type"":""Profile"",""url"":""/services/data/v53.0/sobjects/Profile/00ed00000017IobAAE""},""Id"":""00ed00000017IobAAE"",""Name"":""System Administrator""}}},{""Parent"":{""Id"":""0PSd0000000quKmGAI"",""Type"":""Regular"",""Label"":""Additional Administrator Permissions"",""PermissionSetGroupId"":null,""Profile"":null}}]"
"066d0000002AVS5AAO","ForgotPasswordConfirm","[{""Parent"":{""Id"":""0PS0W000001GgU7WAK"",""Type"":""Profile"",""Label"":""00e0W000001lvZsQAI"",""PermissionSetGroupId"":null,""Profile"":{""attributes"":{""type"":""Profile"",""url"":""/services/data/v53.0/sobjects/Profile/00e0W000001lvZsQAI""},""Id"":""00e0W000001lvZsQAI"",""Name"":""ASU Advising Community Profile""}}},{""Parent"":{""Id"":""0PS0W000001bgy8WAA"",""Type"":""Profile"",""Label"":""00e0W000001yXlHQAU"",""PermissionSetGroupId"":null,""Profile"":{""attributes"":{""type"":""Profile"",""url"":""/services/data/v53.0/sobjects/Profile/00e0W000001yXlHQAU""},""Id"":""00e0W000001yXlHQAU"",""Name"":""Jira Profile""}}},{""Parent"":{""Id"":""0PS0W000001k9RKWAY"",""Type"":""Profile"",""Label"":""00e0W000002NjO9QAK"",""PermissionSetGroupId"":null,""Profile"":{""attributes"":{""type"":""Profile"",""url"":""/services/data/v53.0/sobjects/Profile/00e0W000002NjO9QAK""},""Id"":""00e0W000002NjO9QAK"",""Name"":""Family Portal Profile""}}},{""Parent"":{""Id"":""0PS0W000001watlWAA"",""Type"":""Profile"",""Label"":""00e0W000002RsQNQA0"",""PermissionSetGroupId"":null,""Profile"":{""attributes"":{""type"":""Profile"",""url"":""/services/data/v53.0/sobjects/Profile/00e0W000002RsQNQA0""},""Id"":""00e0W000002RsQNQA0"",""Name"":""AsuChat Profile""}}},{""Parent"":{""Id"":""0PSd0000000quTfGAI"",""Type"":""Profile"",""Label"":""00ed00000019tQkAAI"",""PermissionSetGroupId"":null,""Profile"":{""attributes"":{""type"":""Profile"",""url"":""/services/data/v53.0/sobjects/Profile/00ed00000019tQkAAI""},""Id"":""00ed00000019tQkAAI"",""Name"":""Public Knowledge Base for ASU Profile""}}},{""Parent"":{""Id"":""0PSd0000000qzl5GAA"",""Type"":""Profile"",""Label"":""00ed00000019yKBAAY"",""PermissionSetGroupId"":null,""Profile"":{""attributes"":{""type"":""Profile"",""url"":""/services/data/v53.0/sobjects/Profile/00ed00000019yKBAAY""},""Id"":""00ed00000019yKBAAY"",""Name"":""ASU View All Data""}}},{""Parent"":{""Id"":""0PSd0000000r0eSGAQ"",""Type"":""Profile"",""Label"":""00ed00000019z84AAA"",""PermissionSetGroupId"":null,""Profile"":{""attributes"":{""type"":""Profile"",""url"":""/services/data/v53.0/sobjects/Profile/00ed00000019z84AAA""},""Id"":""00ed00000019z84AAA"",""Name"":""Top Level Site Profile""}}},{""Parent"":{""Id"":""0PSd0000000TwGUGA0"",""Type"":""Profile"",""Label"":""00ed0000001EPuyAAG"",""PermissionSetGroupId"":null,""Profile"":{""attributes"":{""type"":""Profile"",""url"":""/services/data/v53.0/sobjects/Profile/00ed0000001EPuyAAG""},""Id"":""00ed0000001EPuyAAG"",""Name"":""Bomgar Profile""}}},{""Parent"":{""Id"":""0PSd0000001o83gGAA"",""Type"":""Profile"",""Label"":""00ed0000002FFobAAG"",""PermissionSetGroupId"":null,""Profile"":{""attributes"":{""type"":""Profile"",""url"":""/services/data/v53.0/sobjects/Profile/00ed0000002FFobAAG""},""Id"":""00ed0000002FFobAAG"",""Name"":""Unsubscribe Profile""}}},{""Parent"":{""Id"":""0PSd0000001jxyyGAA"",""Type"":""Profile"",""Label"":""00ed0000002Nf2KAAS"",""PermissionSetGroupId"":null,""Profile"":{""attributes"":{""type"":""Profile"",""url"":""/services/data/v53.0/sobjects/Profile/00ed0000002Nf2KAAS""},""Id"":""00ed0000002Nf2KAAS"",""Name"":""IdeaMachine Profile""}}},{""Parent"":{""Id"":""0PSd0000000oWPgGAM"",""Type"":""Profile"",""Label"":""00ex00000018ozT_128_09_43_34_1"",""PermissionSetGroupId"":null,""Profile"":{""attributes"":{""type"":""Profile"",""url"":""/services/data/v53.0/sobjects/Profile/00ed00000017IobAAE""},""Id"":""00ed00000017IobAAE"",""Name"":""System Administrator""}}},{""Parent"":{""Id"":""0PSd0000000quKmGAI"",""Type"":""Regular"",""Label"":""Additional Administrator Permissions"",""PermissionSetGroupId"":null,""Profile"":null}}]"
"066d0000002ykFLAAY","fullCaseComments","[{""Parent"":{""Id"":""0PS0W000001CNqIWAW"",""Type"":""Profile"",""Label"":""00e0W000001hh6oQAA"",""PermissionSetGroupId"":null,""Profile"":{""attributes"":{""type"":""Profile"",""url"":""/services/data/v53.0/sobjects/Profile/00e0W000001hh6oQAA""},""Id"":""00e0W000001hh6oQAA"",""Name"":""ASU Service - MasterCard Program""}}},{""Parent"":{""Id"":""0PS0W000001CNy2WAG"",""Type"":""Profile"",""Label"":""00e0W000001hhAbQAI"",""PermissionSetGroupId"":null,""Profile"":{""attributes"":{""type"":""Profile"",""url"":""/services/data/v53.0/sobjects/Profile/00e0W000001hhAbQAI""},""Id"":""00e0W000001hhAbQAI"",""Name"":""ASU Service - Public Service Academy""}}},{""Parent"":{""Id"":""0PS0W000001COffWAG"",""Type"":""Profile"",""Label"":""00e0W000001hhfyQAA"",""PermissionSetGroupId"":null,""Profile"":{""attributes"":{""type"":""Profile"",""url"":""/services/data/v53.0/sobjects/Profile/00e0W000001hhfyQAA""},""Id"":""00e0W000001hhfyQAA"",""Name"":""ASU Service - Biosafety""}}},{""Parent"":{""Id"":""0PS0W000001CO7YWAW"",""Type"":""Profile"",""Label"":""00e0W000001hhI6QAI"",""PermissionSetGroupId"":null,""Profile"":{""attributes"":{""type"":""Profile"",""url"":""/services/data/v53.0/sobjects/Profile/00e0W000001hhI6QAI""},""Id"":""00e0W000001hhI6QAI"",""Name"":""ASU Service - New College Deans Office""}}},{""Parent"":{""Id"":""0PS0W000001CO8CWAW"",""Type"":""Profile"",""Label"":""00e0W000001hhIfQAI"",""PermissionSetGroupId"":null,""Profile"":{""attributes"":{""type"":""Profile"",""url"":""/services/data/v53.0/sobjects/Profile/00e0W000001hhIfQAI""},""Id"":""00e0W000001hhIfQAI"",""Name"":""ASU Service - Engineering - K12 Engineering Education""}}},{""Parent"":{""Id"":""0PS0W000001GgWMWA0"",""Type"":""Profile"",""Label"":""00e0W000001lvaCQAQ"",""PermissionSetGroupId"":null,""Profile"":{""attributes"":{""type"":""Profile"",""url"":""/services/data/v53.0/sobjects/Profile/00e0W000001lvaCQAQ""},""Id"":""00e0W000001lvaCQAQ"",""Name"":""ASU Service - University Events & Protocol""}}},{""Parent"":{""Id"":""0PS0W000001Gga4WAC"",""Type"":""Profile"",""Label"":""00e0W000001lvb5QAA"",""PermissionSetGroupId"":null,""Profile"":{""attributes"":{""type"":""Profile"",""url"":""/services/data/v53.0/sobjects/Profile/00e0W000001lvb5QAA""},""Id"":""00e0W000001lvb5QAA"",""Name"":""ASU Service - Psychology Research Advancement""}}},{""Parent"":{""Id"":""0PS0W000001GgbCWAS"",""Type"":""Profile"",""Label"":""00e0W000001lvbKQAQ"",""PermissionSetGroupId"":null,""Profile"":{""attributes"":{""type"":""Profile"",""url"":""/services/data/v53.0/sobjects/Profile/00e0W000001lvbKQAQ""},""Id"":""00e0W000001lvbKQAQ"",""Name"":""ASU Service - ASU Local""}}},{""Parent"":{""Id"":""0PS0W000001GgfJWAS"",""Type"":""Profile"",""Label"":""00e0W000001lvcIQAQ"",""PermissionSetGroupId"":null,""Profile"":{""attributes"":{""type"":""Profile"",""url"":""/services/data/v53.0/sobjects/Profile/00e0W000001lvcIQAQ""},""Id"":""00e0W000001lvcIQAQ"",""Name"":""ASU Service - The College - Interplanetary Initiatives""}}},{""Parent"":{""Id"":""0PS0W000001GgzxWAC"",""Type"":""Profile"",""Label"":""00e0W000001lvdaQAA"",""PermissionSetGroupId"":null,""Profile"":{""attributes"":{""type"":""Profile"",""url"":""/services/data/v53.0/sobjects/Profile/00e0W000001lvdaQAA""},""Id"":""00e0W000001lvdaQAA"",""Name"":""ASU Service - Watts Bridging Success""}}},{""Parent"":{""Id"":""0PS0W000001GftOWAS"",""Type"":""Profile"",""Label"":""00e0W000001lvOQQAY"",""PermissionSetGroupId"":null,""Profile"":{""attributes"":{""type"":""Profile"",""url"":""/services/data/v53.0/sobjects/Profile/00e0W000001lvOQQAY""},""Id"":""00e0W000001lvOQQAY"",""Name"":""ASU Service - ASU Family Programs""}}},{""Parent"":{""Id"":""0PS0W000001Gg0eWAC"",""Type"":""Profile"",""Label"":""00e0W000001lvQvQAI"",""PermissionSetGroupId"":null,""Profile"":{""attributes"":{""type"":""Profile"",""url"":""/services/data/v53.0/sobjects/Profile/00e0W000001lvQvQAI""},""Id"":""00e0W000001lvQvQAI"",""Name"":""ASU Service - TC SOLS Academic Integrity""}}},{""Parent"":{""Id"":""0PS0W000001GiExWAK"",""Type"":""Profile"",""Label"":""00e0W000001lvubQAA"",""PermissionSetGroupId"":null,""Profile"":{""attributes"":{""type"":""Profile"",""url"":""/services/data/v53.0/sobjects/Profile/00e0W000001lvubQAA""},""Id"":""00e0W000001lvubQAA"",""Name"":""ASU Service - DNASU Plasmid Repository""}}},{""Parent"":{""Id"":""0PS0W000001bgzVWAQ"",""Type"":""Profile"",""Label"":""00e0W000001yXmFQAU"",""PermissionSetGroupId"":null,""Profile"":{""attributes"":{""type"":""Profile"",""url"":""/services/data/v53.0/sobjects/Profile/00e0W000001yXmFQAU""},""Id"":""00e0W000001yXmFQAU"",""Name"":""ASU Recruitment - Team (ESISD)""}}},{""Parent"":{""Id"":""0PS0W000001P1NAWA0"",""Type"":""Profile"",""Label"":""00e0W0000022hBdQAI"",""PermissionSetGroupId"":null,""Profile"":{""attributes"":{""type"":""Profile"",""url"":""/services/data/v53.0/sobjects/Profile/00e0W0000022hBdQAI""},""Id"":""00e0W0000022hBdQAI"",""Name"":""ASU Service - Success Courses""}}},{""Parent"":{""Id"":""0PS0W000001fphCWAQ"",""Type"":""Profile"",""Label"":""00e0W0000026u4qQAA"",""PermissionSetGroupId"":null,""Profile"":{""attributes"":{""type"":""Profile"",""url"":""/services/data/v53.0/sobjects/Profile/00e0W0000026u4qQAA""},""Id"":""00e0W0000026u4qQAA"",""Name"":""ASU Service - Opportunities for Youth""}}},{""Parent"":{""Id"":""0PS0W000001KoULWA0"",""Type"":""Profile"",""Label"":""00e0W000002B4xjQAC"",""PermissionSetGroupId"":null,""Profile"":{""attributes"":{""type"":""Profile"",""url"":""/services/data/v53.0/sobjects/Profile/00e0W000002B4xjQAC""},""Id"":""00e0W000002B4xjQAC"",""Name"":""ASU Service - ATCS and Study Abroad""}}},{""Parent"":{""Id"":""0PS0W000001KpSQWA0"",""Type"":""Profile"",""Label"":""00e0W000002B5TBQA0"",""PermissionSetGroupId"":null,""Profile"":{""attributes"":{""type"":""Profile"",""url"":""/services/data/v53.0/sobjects/Profile/00e0W000002B5TBQA0""},""Id"":""00e0W000002B5TBQA0"",""Name"":""ASU Service - TC - SCETL""}}},{""Parent"":{""Id"":""0PS0W000001sbaPWAQ"",""Type"":""Profile"",""Label"":""00e0W000002JZOFQA4"",""PermissionSetGroupId"":null,""Profile"":{""attributes"":{""type"":""Profile"",""url"":""/services/data/v53.0/sobjects/Profile/00e0W000002JZOFQA4""},""Id"":""00e0W000002JZOFQA4"",""Name"":""ASU Service - Explore""}}},{""Parent"":{""Id"":""0PS0W000001sbktWAA"",""Type"":""Profile"",""Label"":""00e0W000002JZROQA4"",""PermissionSetGroupId"":null,""Profile"":{""attributes"":{""type"":""Profile"",""url"":""/services/data/v53.0/sobjects/Profile/00e0W000002JZROQA4""},""Id"":""00e0W000002JZROQA4"",""Name"":""ASU Service - College of Global Futures""}}},{""Parent"":{""Id"":""0PS0W000001jz1PWAQ"",""Type"":""Profile"",""Label"":""00e0W000002NfGqQAK"",""PermissionSetGroupId"":null,""Profile"":{""attributes"":{""type"":""Profile"",""url"":""/services/data/v53.0/sobjects/Profile/00e0W000002NfGqQAK""},""Id"":""00e0W000002NfGqQAK"",""Name"":""ASU Service - Enrollment Analysis""}}},{""Parent"":{""Id"":""0PS0W000001k9UOWAY"",""Type"":""Profile"",""Label"":""00e0W000002NjQ0QAK"",""PermissionSetGroupId"":null,""Profile"":{""attributes"":{""type"":""Profile"",""url"":""/services/data/v53.0/sobjects/Profile/00e0W000002NjQ0QAK""},""Id"":""00e0W000002NjQ0QAK"",""Name"":""ASU Service - International Students and Scholars Center SMS""}}},{""Parent"":{""Id"":""0PS6T000001CZe3WAG"",""Type"":""Profile"",""Label"":""00e6T000001hlA1QAI"",""PermissionSetGroupId"":null,""Profile"":{""attributes"":{""type"":""Profile"",""url"":""/services/data/v53.0/sobjects/Profile/00e6T000001hlA1QAI""},""Id"":""00e6T000001hlA1QAI"",""Name"":""ASU Service - Engineering - Poly HR""}}},{""Parent"":{""Id"":""0PS6T000001k9crWAA"",""Type"":""Profile"",""Label"":""00e6T000002NjQeQAK"",""PermissionSetGroupId"":null,""Profile"":{""attributes"":{""type"":""Profile"",""url"":""/services/data/v53.0/sobjects/Profile/00e6T000002NjQeQAK""},""Id"":""00e6T000002NjQeQAK"",""Name"":""ASU Service - Information Technology Support Hub""}}},{""Parent"":{""Id"":""0PS6T000001kAE8WAM"",""Type"":""Profile"",""Label"":""00e6T000002NjSuQAK"",""PermissionSetGroupId"":null,""Profile"":{""attributes"":{""type"":""Profile"",""url"":""/services/data/v53.0/sobjects/Profile/00e6T000002NjSuQAK""},""Id"":""00e6T000002NjSuQAK"",""Name"":""ASU Service - SMS API""}}},{""Parent"":{""Id"":""0PSd0000000H441GAC"",""Type"":""Profile"",""Label"":""00ed0000000jbjMAAQ"",""PermissionSetGroupId"":null,""Profile"":{""attributes"":{""type"":""Profile"",""url"":""/services/data/v53.0/sobjects/Profile/00ed0000000jbjMAAQ""},""Id"":""00ed0000000jbjMAAQ"",""Name"":""ASU Service - Design and the Arts""}}},{""Parent"":{""Id"":""0PSd0000000H4AQGA0"",""Type"":""Profile"",""Label"":""00ed0000000jbo2AAA"",""PermissionSetGroupId"":null,""Profile"":{""attributes"":{""type"":""Profile"",""url"":""/services/data/v53.0/sobjects/Profile/00ed0000000jbo2AAA""},""Id"":""00ed0000000jbo2AAA"",""Name"":""ASU Service - International Initiatives Graduate Education""}}},{""Parent"":{""Id"":""0PSd0000000H4BxGAK"",""Type"":""Profile"",""Label"":""00ed0000000jboMAAQ"",""PermissionSetGroupId"":null,""Profile"":{""attributes"":{""type"":""Profile"",""url"":""/services/data/v53.0/sobjects/Profile/00ed0000000jboMAAQ""},""Id"":""00ed0000000jboMAAQ"",""Name"":""ASU Service - W. P. Carey Business""}}},{""Parent"":{""Id"":""0PSd0000000H4C2GAK"",""Type"":""Profile"",""Label"":""00ed0000000jboRAAQ"",""PermissionSetGroupId"":null,""Profile"":{""attributes"":{""type"":""Profile"",""url"":""/services/data/v53.0/sobjects/Profile/00ed0000000jboRAAQ""},""Id"":""00ed0000000jboRAAQ"",""Name"":""ASU Service - Parking and Transit Services""}}},{""Parent"":{""Id"":""0PSd0000000H4C7GAK"",""Type"":""Profile"",""Label"":""00ed0000000jboWAAQ"",""PermissionSetGroupId"":null,""Profile"":{""attributes"":{""type"":""Profile"",""url"":""/services/data/v53.0/sobjects/Profile/00ed0000000jboWAAQ""},""Id"":""00ed0000000jboWAAQ"",""Name"":""ASU Service - First Year Success Center""}}},{""Parent"":{""Id"":""0PSd0000000H4J3GAK"",""Type"":""Profile"",""Label"":""00ed0000000jbqhAAA"",""PermissionSetGroupId"":null,""Profile"":{""attributes"":{""type"":""Profile"",""url"":""/services/data/v53.0/sobjects/Profile/00ed0000000jbqhAAA""},""Id"":""00ed0000000jbqhAAA"",""Name"":""ASU Service - Pat Tillman Veteran Center""}}},{""Parent"":{""Id"":""0PSd0000000H4J8GAK"",""Type"":""Profile"",""Label"":""00ed0000000jbqmAAA"",""PermissionSetGroupId"":null,""Profile"":{""attributes"":{""type"":""Profile"",""url"":""/services/data/v53.0/sobjects/Profile/00ed0000000jbqmAAA""},""Id"":""00ed0000000jbqmAAA"",""Name"":""ASU Service - Thunderbird""}}},{""Parent"":{""Id"":""0PSd0000000H4N0GAK"",""Type"":""Profile"",""Label"":""00ed0000000jbtHAAQ"",""PermissionSetGroupId"":null,""Profile"":{""attributes"":{""type"":""Profile"",""url"":""/services/data/v53.0/sobjects/Profile/00ed0000000jbtHAAQ""},""Id"":""00ed0000000jbtHAAQ"",""Name"":""ASU Service - EOSS""}}},{""Parent"":{""Id"":""0PSd0000000H4N5GAK"",""Type"":""Profile"",""Label"":""00ed0000000jbtMAAQ"",""PermissionSetGroupId"":null,""Profile"":{""attributes"":{""type"":""Profile"",""url"":""/services/data/v53.0/sobjects/Profile/00ed0000000jbtMAAQ""},""Id"":""00ed0000000jbtMAAQ"",""Name"":""ASU Service - Sun Devil Card Services""}}},{""Parent"":{""Id"":""0PSd0000000H4NAGA0"",""Type"":""Profile"",""Label"":""00ed0000000jbtRAAQ"",""PermissionSetGroupId"":null,""Profile"":{""attributes"":{""type"":""Profile"",""url"":""/services/data/v53.0/sobjects/Profile/00ed0000000jbtRAAQ""},""Id"":""00ed0000000jbtRAAQ"",""Name"":""ASU Service - Career Services""}}},{""Parent"":{""Id"":""0PSd0000000H4PVGA0"",""Type"":""Profile"",""Label"":""00ed0000000jbu5AAA"",""PermissionSetGroupId"":null,""Profile"":{""attributes"":{""type"":""Profile"",""url"":""/services/data/v53.0/sobjects/Profile/00ed0000000jbu5AAA""},""Id"":""00ed0000000jbu5AAA"",""Name"":""ASU Service - University Academic Success Programs""}}},{""Parent"":{""Id"":""0PSd0000000H4PaGAK"",""Type"":""Profile"",""Label"":""00ed0000000jbuAAAQ"",""PermissionSetGroupId"":null,""Profile"":{""attributes"":{""type"":""Profile"",""url"":""/services/data/v53.0/sobjects/Profile/00ed0000000jbuAAAQ""},""Id"":""00ed0000000jbuAAAQ"",""Name"":""ASU Service - Honors""}}},{""Parent"":{""Id"":""0PSd0000000H4QTGA0"",""Type"":""Profile"",""Label"":""00ed0000000jbujAAA"",""PermissionSetGroupId"":null,""Profile"":{""attributes"":{""type"":""Profile"",""url"":""/services/data/v53.0/sobjects/Profile/00ed0000000jbujAAA""},""Id"":""00ed0000000jbujAAA"",""Name"":""ASU Service - Journalism""}}},{""Parent"":{""Id"":""0PSd0000000H4QYGA0"",""Type"":""Profile"",""Label"":""00ed0000000jbuoAAA"",""PermissionSetGroupId"":null,""Profile"":{""attributes"":{""type"":""Profile"",""url"":""/services/data/v53.0/sobjects/Profile/00ed0000000jbuoAAA""},""Id"":""00ed0000000jbuoAAA"",""Name"":""ASU Service - Office of the University Provost""}}},{""Parent"":{""Id"":""0PSd0000000H3g5GAC"",""Type"":""Profile"",""Label"":""00ed0000000jbV9AAI"",""PermissionSetGroupId"":null,""Profile"":{""attributes"":{""type"":""Profile"",""url"":""/services/data/v53.0/sobjects/Profile/00ed0000000jbV9AAI""},""Id"":""00ed0000000jbV9AAI"",""Name"":""ASU Service - TC - AIS""}}},{""Parent"":{""Id"":""0PSd0000000H3gAGAS"",""Type"":""Profile"",""Label"":""00ed0000000jbVEAAY"",""PermissionSetGroupId"":null,""Profile"":{""attributes"":{""type"":""Profile"",""url"":""/services/data/v53.0/sobjects/Profile/00ed0000000jbVEAAY""},""Id"":""00ed0000000jbVEAAY"",""Name"":""ASU Service - TC  - The Sanford School""}}},{""Parent"":{""Id"":""0PSd0000000H3gFGAS"",""Type"":""Profile"",""Label"":""00ed0000000jbVJAAY"",""PermissionSetGroupId"":null,""Profile"":{""attributes"":{""type"":""Profile"",""url"":""/services/data/v53.0/sobjects/Profile/00ed0000000jbVJAAY""},""Id"":""00ed0000000jbVJAAY"",""Name"":""ASU Service - TC - SST""}}},{""Parent"":{""Id"":""0PSd0000000H3gKGAS"",""Type"":""Profile"",""Label"":""00ed0000000jbVOAAY"",""PermissionSetGroupId"":null,""Profile"":{""attributes"":{""type"":""Profile"",""url"":""/services/data/v53.0/sobjects/Profile/00ed0000000jbVOAAY""},""Id"":""00ed0000000jbVOAAY"",""Name"":""ASU Service - TC - Army ROTC""}}},{""Parent"":{""Id"":""0PSd0000000H4ThGAK"",""Type"":""Profile"",""Label"":""00ed0000000jbwGAAQ"",""PermissionSetGroupId"":null,""Profile"":{""attributes"":{""type"":""Profile"",""url"":""/services/data/v53.0/sobjects/Profile/00ed0000000jbwGAAQ""},""Id"":""00ed0000000jbwGAAQ"",""Name"":""ASU Service - ASU Salesforce Support""}}},{""Parent"":{""Id"":""0PSd0000000H4WlGAK"",""Type"":""Profile"",""Label"":""00ed0000000jbyCAAQ"",""PermissionSetGroupId"":null,""Profile"":{""attributes"":{""type"":""Profile"",""url"":""/services/data/v53.0/sobjects/Profile/00ed0000000jbyCAAQ""},""Id"":""00ed0000000jbyCAAQ"",""Name"":""ASU Service - International Students and Scholars Center""}}},{""Parent"":{""Id"":""0PSd0000000H4XoGAK"",""Type"":""Profile"",""Label"":""00ed0000000jbylAAA"",""PermissionSetGroupId"":null,""Profile"":{""attributes"":{""type"":""Profile"",""url"":""/services/data/v53.0/sobjects/Profile/00ed0000000jbylAAA""},""Id"":""00ed0000000jbylAAA"",""Name"":""ASU Recruitment - Graduate Recruiter""}}},{""Parent"":{""Id"":""0PSd0000000H4ZLGA0"",""Type"":""Profile"",""Label"":""00ed0000000jbz0AAA"",""PermissionSetGroupId"":null,""Profile"":{""attributes"":{""type"":""Profile"",""url"":""/services/data/v53.0/sobjects/Profile/00ed0000000jbz0AAA""},""Id"":""00ed0000000jbz0AAA"",""Name"":""ASU Service - School for the Future of Innovation in Society""}}},{""Parent"":{""Id"":""0PSd0000000H4ZQGA0"",""Type"":""Profile"",""Label"":""00ed0000000jbz5AAA"",""PermissionSetGroupId"":null,""Profile"":{""attributes"":{""type"":""Profile"",""url"":""/services/data/v53.0/sobjects/Profile/00ed0000000jbz5AAA""},""Id"":""00ed0000000jbz5AAA"",""Name"":""ASU Service - American Indian Student Support Services""}}},{""Parent"":{""Id"":""0PSd0000000H4hyGAC"",""Type"":""Profile"",""Label"":""00ed0000000jc4eAAA"",""PermissionSetGroupId"":null,""Profile"":{""attributes"":{""type"":""Profile"",""url"":""/services/data/v53.0/sobjects/Profile/00ed0000000jc4eAAA""},""Id"":""00ed0000000jc4eAAA"",""Name"":""ASU Service - ASU Wellness""}}},{""Parent"":{""Id"":""0PSd0000000H4i3GAC"",""Type"":""Profile"",""Label"":""00ed0000000jc4jAAA"",""PermissionSetGroupId"":null,""Profile"":{""attributes"":{""type"":""Profile"",""url"":""/services/data/v53.0/sobjects/Profile/00ed0000000jc4jAAA""},""Id"":""00ed0000000jc4jAAA"",""Name"":""ASU Service - Student Engagement""}}},{""Parent"":{""Id"":""0PSd0000000H4i8GAC"",""Type"":""Profile"",""Label"":""00ed0000000jc4oAAA"",""PermissionSetGroupId"":null,""Profile"":{""attributes"":{""type"":""Profile"",""url"":""/services/data/v53.0/sobjects/Profile/00ed0000000jc4oAAA""},""Id"":""00ed0000000jc4oAAA"",""Name"":""ASU Service - TRIO""}}},{""Parent"":{""Id"":""0PSd0000000H4iXGAS"",""Type"":""Profile"",""Label"":""00ed0000000jc5DAAQ"",""PermissionSetGroupId"":null,""Profile"":{""attributes"":{""type"":""Profile"",""url"":""/services/data/v53.0/sobjects/Profile/00ed0000000jc5DAAQ""},""Id"":""00ed0000000jc5DAAQ"",""Name"":""ASU Service - TC - Air Force ROTC""}}},{""Parent"":{""Id"":""0PSd0000000H4icGAC"",""Type"":""Profile"",""Label"":""00ed0000000jc5IAAQ"",""PermissionSetGroupId"":null,""Profile"":{""attributes"":{""type"":""Profile"",""url"":""/services/data/v53.0/sobjects/Profile/00ed0000000jc5IAAQ""},""Id"":""00ed0000000jc5IAAQ"",""Name"":""ASU Service - TC - Navy ROTC""}}},{""Parent"":{""Id"":""0PSd0000000H4rKGAS"",""Type"":""Profile"",""Label"":""00ed0000000jc9PAAQ"",""PermissionSetGroupId"":null,""Profile"":{""attributes"":{""type"":""Profile"",""url"":""/services/data/v53.0/sobjects/Profile/00ed0000000jc9PAAQ""},""Id"":""00ed0000000jc9PAAQ"",""Name"":""ASU Service - Fraternity & Sorority Life""}}},{""Parent"":{""Id"":""0PSd0000000H4rPGAS"",""Type"":""Profile"",""Label"":""00ed0000000jc9UAAQ"",""PermissionSetGroupId"":null,""Profile"":{""attributes"":{""type"":""Profile"",""url"":""/services/data/v53.0/sobjects/Profile/00ed0000000jc9UAAQ""},""Id"":""00ed0000000jc9UAAQ"",""Name"":""ASU Service - Dean of Students""}}},{""Parent"":{""Id"":""0PSd0000000H4wyGAC"",""Type"":""Profile"",""Label"":""00ed0000000jcCOAAY"",""PermissionSetGroupId"":null,""Profile"":{""attributes"":{""type"":""Profile"",""url"":""/services/data/v53.0/sobjects/Profile/00ed0000000jcCOAAY""},""Id"":""00ed0000000jcCOAAY"",""Name"":""ASU Service - Enterprise Marketing Hub""}}},{""Parent"":{""Id"":""0PSd0000000H4x3GAC"",""Type"":""Profile"",""Label"":""00ed0000000jcCTAAY"",""PermissionSetGroupId"":null,""Profile"":{""attributes"":{""type"":""Profile"",""url"":""/services/data/v53.0/sobjects/Profile/00ed0000000jcCTAAY""},""Id"":""00ed0000000jcCTAAY"",""Name"":""ASU Service - Print Anywhere Tier 2""}}},{""Parent"":{""Id"":""0PSd0000000H4x8GAC"",""Type"":""Profile"",""Label"":""00ed0000000jcCYAAY"",""PermissionSetGroupId"":null,""Profile"":{""attributes"":{""type"":""Profile"",""url"":""/services/data/v53.0/sobjects/Profile/00ed0000000jcCYAAY""},""Id"":""00ed0000000jcCYAAY"",""Name"":""ASU Service - Sun Devil Fitness""}}},{""Parent"":{""Id"":""0PSd0000000H523GAC"",""Type"":""Profile"",""Label"":""00ed0000000jcFDAAY"",""PermissionSetGroupId"":null,""Profile"":{""attributes"":{""type"":""Profile"",""url"":""/services/data/v53.0/sobjects/Profile/00ed0000000jcFDAAY""},""Id"":""00ed0000000jcFDAAY"",""Name"":""ASU Service - MU Information Desk""}}},{""Parent"":{""Id"":""0PSd0000000H55HGAS"",""Type"":""Profile"",""Label"":""00ed0000000jcGQAAY"",""PermissionSetGroupId"":null,""Profile"":{""attributes"":{""type"":""Profile"",""url"":""/services/data/v53.0/sobjects/Profile/00ed0000000jcGQAAY""},""Id"":""00ed0000000jcGQAAY"",""Name"":""ASU Service - Sun Devil Dining""}}},{""Parent"":{""Id"":""0PSd0000000H5zBGAS"",""Type"":""Profile"",""Label"":""00ed0000000jcPXAAY"",""PermissionSetGroupId"":null,""Profile"":{""attributes"":{""type"":""Profile"",""url"":""/services/data/v53.0/sobjects/Profile/00ed0000000jcPXAAY""},""Id"":""00ed0000000jcPXAAY"",""Name"":""ASU Service - Student Government""}}},{""Parent"":{""Id"":""0PSd0000000H6BWGA0"",""Type"":""Profile"",""Label"":""00ed0000000jcWYAAY"",""PermissionSetGroupId"":null,""Profile"":{""attributes"":{""type"":""Profile"",""url"":""/services/data/v53.0/sobjects/Profile/00ed0000000jcWYAAY""},""Id"":""00ed0000000jcWYAAY"",""Name"":""ASU Service - Strategic Initiatives""}}},{""Parent"":{""Id"":""0PSd0000000qjenGAA"",""Type"":""Profile"",""Label"":""00ed00000019invAAA"",""PermissionSetGroupId"":null,""Profile"":{""attributes"":{""type"":""Profile"",""url"":""/services/data/v53.0/sobjects/Profile/00ed00000019invAAA""},""Id"":""00ed00000019invAAA"",""Name"":""ASU Read Only""}}},{""Parent"":{""Id"":""0PSd0000000qzaSGAQ"",""Type"":""Profile"",""Label"":""00ed00000019yBlAAI"",""PermissionSetGroupId"":null,""Profile"":{""attributes"":{""type"":""Profile"",""url"":""/services/data/v53.0/sobjects/Profile/00ed00000019yBlAAI""},""Id"":""00ed00000019yBlAAI"",""Name"":""ASU Service - Financial Aid""}}},{""Parent"":{""Id"":""0PSd0000000qzawGAA"",""Type"":""Profile"",""Label"":""00ed00000019yC5AAI"",""PermissionSetGroupId"":null,""Profile"":{""attributes"":{""type"":""Profile"",""url"":""/services/data/v53.0/sobjects/Profile/00ed00000019yC5AAI""},""Id"":""00ed00000019yC5AAI"",""Name"":""ASU Service - Registrar""}}},{""Parent"":{""Id"":""0PSd0000000qzb1GAA"",""Type"":""Profile"",""Label"":""00ed00000019yCAAAY"",""PermissionSetGroupId"":null,""Profile"":{""attributes"":{""type"":""Profile"",""url"":""/services/data/v53.0/sobjects/Profile/00ed00000019yCAAAY""},""Id"":""00ed00000019yCAAAY"",""Name"":""ASU Service - Student Business Services""}}},{""Parent"":{""Id"":""0PSd0000000qzl5GAA"",""Type"":""Profile"",""Label"":""00ed00000019yKBAAY"",""PermissionSetGroupId"":null,""Profile"":{""attributes"":{""type"":""Profile"",""url"":""/services/data/v53.0/sobjects/Profile/00ed00000019yKBAAY""},""Id"":""00ed00000019yKBAAY"",""Name"":""ASU View All Data""}}},{""Parent"":{""Id"":""0PSd0000000r0cAGAQ"",""Type"":""Profile"",""Label"":""00ed00000019z62AAA"",""PermissionSetGroupId"":null,""Profile"":{""attributes"":{""type"":""Profile"",""url"":""/services/data/v53.0/sobjects/Profile/00ed00000019z62AAA""},""Id"":""00ed00000019z62AAA"",""Name"":""ASU Service - ASU Online""}}},{""Parent"":{""Id"":""0PSd0000000r0cFGAQ"",""Type"":""Profile"",""Label"":""00ed00000019z67AAA"",""PermissionSetGroupId"":null,""Profile"":{""attributes"":{""type"":""Profile"",""url"":""/services/data/v53.0/sobjects/Profile/00ed00000019z67AAA""},""Id"":""00ed00000019z67AAA"",""Name"":""ASU Service - ESM Online""}}},{""Parent"":{""Id"":""0PSd0000000r0cKGAQ"",""Type"":""Profile"",""Label"":""00ed00000019z6CAAQ"",""PermissionSetGroupId"":null,""Profile"":{""attributes"":{""type"":""Profile"",""url"":""/services/data/v53.0/sobjects/Profile/00ed00000019z6CAAQ""},""Id"":""00ed00000019z6CAAQ"",""Name"":""ASU Service - Help Desk""}}},{""Parent"":{""Id"":""0PSd0000000r0qtGAA"",""Type"":""Profile"",""Label"":""00ed00000019zIqAAI"",""PermissionSetGroupId"":null,""Profile"":{""attributes"":{""type"":""Profile"",""url"":""/services/data/v53.0/sobjects/Profile/00ed00000019zIqAAI""},""Id"":""00ed00000019zIqAAI"",""Name"":""ASU Service - W. P. Carey Tech Services""}}},{""Parent"":{""Id"":""0PSd0000000r1SFGAY"",""Type"":""Profile"",""Label"":""00ed00000019zqdAAA"",""PermissionSetGroupId"":null,""Profile"":{""attributes"":{""type"":""Profile"",""url"":""/services/data/v53.0/sobjects/Profile/00ed00000019zqdAAA""},""Id"":""00ed00000019zqdAAA"",""Name"":""ASU Service - Tech Studio""}}},{""Parent"":{""Id"":""0PSd0000000r1SKGAY"",""Type"":""Profile"",""Label"":""00ed00000019zqiAAA"",""PermissionSetGroupId"":null,""Profile"":{""attributes"":{""type"":""Profile"",""url"":""/services/data/v53.0/sobjects/Profile/00ed00000019zqiAAA""},""Id"":""00ed00000019zqiAAA"",""Name"":""ASU Service - Engineering IT""}}},{""Parent"":{""Id"":""0PSd0000000r1SAGAY"",""Type"":""Profile"",""Label"":""00ed00000019zqYAAQ"",""PermissionSetGroupId"":null,""Profile"":{""attributes"":{""type"":""Profile"",""url"":""/services/data/v53.0/sobjects/Profile/00ed00000019zqYAAQ""},""Id"":""00ed00000019zqYAAQ"",""Name"":""ASU Service - Identity Management""}}},{""Parent"":{""Id"":""0PSd0000000r2e7GAA"",""Type"":""Profile"",""Label"":""00ed0000001A0pMAAS"",""PermissionSetGroupId"":null,""Profile"":{""attributes"":{""type"":""Profile"",""url"":""/services/data/v53.0/sobjects/Profile/00ed0000001A0pMAAS""},""Id"":""00ed0000001A0pMAAS"",""Name"":""ASU Service - Student Success Innovations""}}},{""Parent"":{""Id"":""0PSd0000000r2eCGAQ"",""Type"":""Profile"",""Label"":""00ed0000001A0pRAAS"",""PermissionSetGroupId"":null,""Profile"":{""attributes"":{""type"":""Profile"",""url"":""/services/data/v53.0/sobjects/Profile/00ed0000001A0pRAAS""},""Id"":""00ed0000001A0pRAAS"",""Name"":""ASU Service - Office of the President""}}},{""Parent"":{""Id"":""0PSd0000000r28IGAQ"",""Type"":""Profile"",""Label"":""00ed0000001A0PwAAK"",""PermissionSetGroupId"":null,""Profile"":{""attributes"":{""type"":""Profile"",""url"":""/services/data/v53.0/sobjects/Profile/00ed0000001A0PwAAK""},""Id"":""00ed0000001A0PwAAK"",""Name"":""ASU Service - Library Services(ARCHIVE)""}}},{""Parent"":{""Id"":""0PSd0000000r3amGAA"",""Type"":""Profile"",""Label"":""00ed0000001A1eqAAC"",""PermissionSetGroupId"":null,""Profile"":{""attributes"":{""type"":""Profile"",""url"":""/services/data/v53.0/sobjects/Profile/00ed0000001A1eqAAC""},""Id"":""00ed0000001A1eqAAC"",""Name"":""ASU Service - Integrated Services""}}},{""Parent"":{""Id"":""0PSd0000000r39YGAQ"",""Type"":""Profile"",""Label"":""00ed0000001A1GfAAK"",""PermissionSetGroupId"":null,""Profile"":{""attributes"":{""type"":""Profile"",""url"":""/services/data/v53.0/sobjects/Profile/00ed0000001A1GfAAK""},""Id"":""00ed0000001A1GfAAK"",""Name"":""ASU Service - TEMPLATE""}}},{""Parent"":{""Id"":""0PSd0000000r3KbGAI"",""Type"":""Profile"",""Label"":""00ed0000001A1OlAAK"",""PermissionSetGroupId"":null,""Profile"":{""attributes"":{""type"":""Profile"",""url"":""/services/data/v53.0/sobjects/Profile/00ed0000001A1OlAAK""},""Id"":""00ed0000001A1OlAAK"",""Name"":""ASU Service - Graduate College""}}},{""Parent"":{""Id"":""0PSd0000000r3syGAA"",""Type"":""Profile"",""Label"":""00ed0000001A1s3AAC"",""PermissionSetGroupId"":null,""Profile"":{""attributes"":{""type"":""Profile"",""url"":""/services/data/v53.0/sobjects/Profile/00ed0000001A1s3AAC""},""Id"":""00ed0000001A1s3AAC"",""Name"":""ASU Recruitment - Applicant Services""}}},{""Parent"":{""Id"":""0PSd0000000r3t3GAA"",""Type"":""Profile"",""Label"":""00ed0000001A1s8AAC"",""PermissionSetGroupId"":null,""Profile"":{""attributes"":{""type"":""Profile"",""url"":""/services/data/v53.0/sobjects/Profile/00ed0000001A1s8AAC""},""Id"":""00ed0000001A1s8AAC"",""Name"":""ASU Recruitment - Business Operations""}}},{""Parent"":{""Id"":""0PSd0000000r3t8GAA"",""Type"":""Profile"",""Label"":""00ed0000001A1sDAAS"",""PermissionSetGroupId"":null,""Profile"":{""attributes"":{""type"":""Profile"",""url"":""/services/data/v53.0/sobjects/Profile/00ed0000001A1sDAAS""},""Id"":""00ed0000001A1sDAAS"",""Name"":""ASU Recruitment - Freshman Recruiter""}}},{""Parent"":{""Id"":""0PSd0000000r3tcGAA"",""Type"":""Profile"",""Label"":""00ed0000001A1shAAC"",""PermissionSetGroupId"":null,""Profile"":{""attributes"":{""type"":""Profile"",""url"":""/services/data/v53.0/sobjects/Profile/00ed0000001A1shAAC""},""Id"":""00ed0000001A1shAAC"",""Name"":""ASU Recruitment - Admission Services""}}},{""Parent"":{""Id"":""0PSd0000000r3tDGAQ"",""Type"":""Profile"",""Label"":""00ed0000001A1sIAAS"",""PermissionSetGroupId"":null,""Profile"":{""attributes"":{""type"":""Profile"",""url"":""/services/data/v53.0/sobjects/Profile/00ed0000001A1sIAAS""},""Id"":""00ed0000001A1sIAAS"",""Name"":""ASU Recruitment - Transfer Recruiter""}}},{""Parent"":{""Id"":""0PSd0000000r3tIGAQ"",""Type"":""Profile"",""Label"":""00ed0000001A1sNAAS"",""PermissionSetGroupId"":null,""Profile"":{""attributes"":{""type"":""Profile"",""url"":""/services/data/v53.0/sobjects/Profile/00ed0000001A1sNAAS""},""Id"":""00ed0000001A1sNAAS"",""Name"":""ASU Recruitment - International Recruiter""}}},{""Parent"":{""Id"":""0PSd0000000r3tNGAQ"",""Type"":""Profile"",""Label"":""00ed0000001A1sSAAS"",""PermissionSetGroupId"":null,""Profile"":{""attributes"":{""type"":""Profile"",""url"":""/services/data/v53.0/sobjects/Profile/00ed0000001A1sSAAS""},""Id"":""00ed0000001A1sSAAS"",""Name"":""ASU Recruitment - Events""}}},{""Parent"":{""Id"":""0PSd0000000r3tSGAQ"",""Type"":""Profile"",""Label"":""00ed0000001A1sXAAS"",""PermissionSetGroupId"":null,""Profile"":{""attributes"":{""type"":""Profile"",""url"":""/services/data/v53.0/sobjects/Profile/00ed0000001A1sXAAS""},""Id"":""00ed0000001A1sXAAS"",""Name"":""ASU Recruitment - Havasu""}}},{""Parent"":{""Id"":""0PSd0000000r453GAA"",""Type"":""Profile"",""Label"":""00ed0000001A204AAC"",""PermissionSetGroupId"":null,""Profile"":{""attributes"":{""type"":""Profile"",""url"":""/services/data/v53.0/sobjects/Profile/00ed0000001A204AAC""},""Id"":""00ed0000001A204AAC"",""Name"":""ASU Recruitment - Leads (ESISD)""}}},{""Parent"":{""Id"":""0PSd0000000r4s2GAA"",""Type"":""Profile"",""Label"":""00ed0000001A2dLAAS"",""PermissionSetGroupId"":null,""Profile"":{""attributes"":{""type"":""Profile"",""url"":""/services/data/v53.0/sobjects/Profile/00ed0000001A2dLAAS""},""Id"":""00ed0000001A2dLAAS"",""Name"":""ASU Service - Engineering - Dean's Office""}}},{""Parent"":{""Id"":""0PSd0000000r4tZGAQ"",""Type"":""Profile"",""Label"":""00ed0000001A2eaAAC"",""PermissionSetGroupId"":null,""Profile"":{""attributes"":{""type"":""Profile"",""url"":""/services/data/v53.0/sobjects/Profile/00ed0000001A2eaAAC""},""Id"":""00ed0000001A2eaAAC"",""Name"":""ASU Service - Engineering - GOEE""}}},{""Parent"":{""Id"":""0PSd0000000r4teGAA"",""Type"":""Profile"",""Label"":""00ed0000001A2efAAC"",""PermissionSetGroupId"":null,""Profile"":{""attributes"":{""type"":""Profile"",""url"":""/services/data/v53.0/sobjects/Profile/00ed0000001A2efAAC""},""Id"":""00ed0000001A2efAAC"",""Name"":""ASU Service - Engineering - Poly""}}},{""Parent"":{""Id"":""0PSd0000000r4tjGAA"",""Type"":""Profile"",""Label"":""00ed0000001A2ekAAC"",""PermissionSetGroupId"":null,""Profile"":{""attributes"":{""type"":""Profile"",""url"":""/services/data/v53.0/sobjects/Profile/00ed0000001A2ekAAC""},""Id"":""00ed0000001A2ekAAC"",""Name"":""ASU Service - Engineering - SBHSE""}}},{""Parent"":{""Id"":""0PSd0000000r4toGAA"",""Type"":""Profile"",""Label"":""00ed0000001A2epAAC"",""PermissionSetGroupId"":null,""Profile"":{""attributes"":{""type"":""Profile"",""url"":""/services/data/v53.0/sobjects/Profile/00ed0000001A2epAAC""},""Id"":""00ed0000001A2epAAC"",""Name"":""ASU Service - Engineering - SEMTE""}}},{""Parent"":{""Id"":""0PSd0000000r4ttGAA"",""Type"":""Profile"",""Label"":""00ed0000001A2euAAC"",""PermissionSetGroupId"":null,""Profile"":{""attributes"":{""type"":""Profile"",""url"":""/services/data/v53.0/sobjects/Profile/00ed0000001A2euAAC""},""Id"":""00ed0000001A2euAAC"",""Name"":""ASU Service - Engineering - SSEBE""}}},{""Parent"":{""Id"":""0PSd0000000r4tUGAQ"",""Type"":""Profile"",""Label"":""00ed0000001A2eVAAS"",""PermissionSetGroupId"":null,""Profile"":{""attributes"":{""type"":""Profile"",""url"":""/services/data/v53.0/sobjects/Profile/00ed0000001A2eVAAS""},""Id"":""00ed0000001A2eVAAS"",""Name"":""ASU Service - Engineering - ECEE""}}},{""Parent"":{""Id"":""0PSd0000000r4tyGAA"",""Type"":""Profile"",""Label"":""00ed0000001A2ezAAC"",""PermissionSetGroupId"":null,""Profile"":{""attributes"":{""type"":""Profile"",""url"":""/services/data/v53.0/sobjects/Profile/00ed0000001A2ezAAC""},""Id"":""00ed0000001A2ezAAC"",""Name"":""ASU Service - Engineering - CIDSE""}}},{""Parent"":{""Id"":""0PSd0000000r4bhGAA"",""Type"":""Profile"",""Label"":""00ed0000001A2QNAA0"",""PermissionSetGroupId"":null,""Profile"":{""attributes"":{""type"":""Profile"",""url"":""/services/data/v53.0/sobjects/Profile/00ed0000001A2QNAA0""},""Id"":""00ed0000001A2QNAA0"",""Name"":""ASU Service - Access ASU Outreach""}}},{""Parent"":{""Id"":""0PSd0000000r5c8GAA"",""Type"":""Profile"",""Label"":""00ed0000001A3CUAA0"",""PermissionSetGroupId"":null,""Profile"":{""attributes"":{""type"":""Profile"",""url"":""/services/data/v53.0/sobjects/Profile/00ed0000001A3CUAA0""},""Id"":""00ed0000001A3CUAA0"",""Name"":""ASU Service - New Student Programs""}}},{""Parent"":{""Id"":""0PSd0000000r6MUGAY"",""Type"":""Profile"",""Label"":""00ed0000001A3nIAAS"",""PermissionSetGroupId"":null,""Profile"":{""attributes"":{""type"":""Profile"",""url"":""/services/data/v53.0/sobjects/Profile/00ed0000001A3nIAAS""},""Id"":""00ed0000001A3nIAAS"",""Name"":""ASU Service - University Housing""}}},{""Parent"":{""Id"":""0PSd0000000r60sGAA"",""Type"":""Profile"",""Label"":""00ed0000001A3X8AAK"",""PermissionSetGroupId"":null,""Profile"":{""attributes"":{""type"":""Profile"",""url"":""/services/data/v53.0/sobjects/Profile/00ed0000001A3X8AAK""},""Id"":""00ed0000001A3X8AAK"",""Name"":""ASU Training - College of ASU""}}},{""Parent"":{""Id"":""0PSd0000000r60xGAA"",""Type"":""Profile"",""Label"":""00ed0000001A3XDAA0"",""PermissionSetGroupId"":null,""Profile"":{""attributes"":{""type"":""Profile"",""url"":""/services/data/v53.0/sobjects/Profile/00ed0000001A3XDAA0""},""Id"":""00ed0000001A3XDAA0"",""Name"":""ASU Training - Department of ASU""}}},{""Parent"":{""Id"":""0PSd0000000r6ggGAA"",""Type"":""Profile"",""Label"":""00ed0000001A41pAAC"",""PermissionSetGroupId"":null,""Profile"":{""attributes"":{""type"":""Profile"",""url"":""/services/data/v53.0/sobjects/Profile/00ed0000001A41pAAC""},""Id"":""00ed0000001A41pAAC"",""Name"":""ASU Service - Sustainability""}}},{""Parent"":{""Id"":""0PSd0000000r6pgGAA"",""Type"":""Profile"",""Label"":""00ed0000001A49IAAS"",""PermissionSetGroupId"":null,""Profile"":{""attributes"":{""type"":""Profile"",""url"":""/services/data/v53.0/sobjects/Profile/00ed0000001A49IAAS""},""Id"":""00ed0000001A49IAAS"",""Name"":""ASU Service - Teachers College""}}},{""Parent"":{""Id"":""0PSd0000000r7PNGAY"",""Type"":""Profile"",""Label"":""00ed0000001A4dEAAS"",""PermissionSetGroupId"":null,""Profile"":{""attributes"":{""type"":""Profile"",""url"":""/services/data/v53.0/sobjects/Profile/00ed0000001A4dEAAS""},""Id"":""00ed0000001A4dEAAS"",""Name"":""ASU Service - Public Service""}}},{""Parent"":{""Id"":""0PSd0000000r7C5GAI"",""Type"":""Profile"",""Label"":""00ed0000001A4OpAAK"",""PermissionSetGroupId"":null,""Profile"":{""attributes"":{""type"":""Profile"",""url"":""/services/data/v53.0/sobjects/Profile/00ed0000001A4OpAAK""},""Id"":""00ed0000001A4OpAAK"",""Name"":""ASU Service - Nursing""}}},{""Parent"":{""Id"":""0PSd0000000r7FiGAI"",""Type"":""Profile"",""Label"":""00ed0000001A4RAAA0"",""PermissionSetGroupId"":null,""Profile"":{""attributes"":{""type"":""Profile"",""url"":""/services/data/v53.0/sobjects/Profile/00ed0000001A4RAAA0""},""Id"":""00ed0000001A4RAAA0"",""Name"":""ASU Service - Health Solutions""}}},{""Parent"":{""Id"":""0PSd0000000r7nEGAQ"",""Type"":""Profile"",""Label"":""00ed0000001A4x8AAC"",""PermissionSetGroupId"":null,""Profile"":{""attributes"":{""type"":""Profile"",""url"":""/services/data/v53.0/sobjects/Profile/00ed0000001A4x8AAC""},""Id"":""00ed0000001A4x8AAC"",""Name"":""ASU Service - New College""}}},{""Parent"":{""Id"":""0PSd0000000r7tuGAA"",""Type"":""Profile"",""Label"":""00ed0000001A52VAAS"",""PermissionSetGroupId"":null,""Profile"":{""attributes"":{""type"":""Profile"",""url"":""/services/data/v53.0/sobjects/Profile/00ed0000001A52VAAS""},""Id"":""00ed0000001A52VAAS"",""Name"":""ASU Service - Universal Learner Courses""}}},{""Parent"":{""Id"":""0PSd0000000r7v8GAA"",""Type"":""Profile"",""Label"":""00ed0000001A53VAAS"",""PermissionSetGroupId"":null,""Profile"":{""attributes"":{""type"":""Profile"",""url"":""/services/data/v53.0/sobjects/Profile/00ed0000001A53VAAS""},""Id"":""00ed0000001A53VAAS"",""Name"":""ASU Service - LMS Support""}}},{""Parent"":{""Id"":""0PSd0000000r8fDGAQ"",""Type"":""Profile"",""Label"":""00ed0000001A5dbAAC"",""PermissionSetGroupId"":null,""Profile"":{""attributes"":{""type"":""Profile"",""url"":""/services/data/v53.0/sobjects/Profile/00ed0000001A5dbAAC""},""Id"":""00ed0000001A5dbAAC"",""Name"":""ASU Service - Academic Transfer Credit Solutions""}}},{""Parent"":{""Id"":""0PSd0000000r8gGGAQ"",""Type"":""Profile"",""Label"":""00ed0000001A5e5AAC"",""PermissionSetGroupId"":null,""Profile"":{""attributes"":{""type"":""Profile"",""url"":""/services/data/v53.0/sobjects/Profile/00ed0000001A5e5AAC""},""Id"":""00ed0000001A5e5AAC"",""Name"":""ASU Service - TC - Dean's Office""}}},{""Parent"":{""Id"":""0PSd0000000r8zQGAQ"",""Type"":""Profile"",""Label"":""00ed0000001A5pHAAS"",""PermissionSetGroupId"":null,""Profile"":{""attributes"":{""type"":""Profile"",""url"":""/services/data/v53.0/sobjects/Profile/00ed0000001A5pHAAS""},""Id"":""00ed0000001A5pHAAS"",""Name"":""ASU Service - TC - English""}}},{""Parent"":{""Id"":""0PSd0000000r8zVGAQ"",""Type"":""Profile"",""Label"":""00ed0000001A5pMAAS"",""PermissionSetGroupId"":null,""Profile"":{""attributes"":{""type"":""Profile"",""url"":""/services/data/v53.0/sobjects/Profile/00ed0000001A5pMAAS""},""Id"":""00ed0000001A5pMAAS"",""Name"":""ASU Service - TC - SILC""}}},{""Parent"":{""Id"":""0PSd0000000r8zaGAA"",""Type"":""Profile"",""Label"":""00ed0000001A5pRAAS"",""PermissionSetGroupId"":null,""Profile"":{""attributes"":{""type"":""Profile"",""url"":""/services/data/v53.0/sobjects/Profile/00ed0000001A5pRAAS""},""Id"":""00ed0000001A5pRAAS"",""Name"":""ASU Service - TC - SHPRS""}}},{""Parent"":{""Id"":""0PSd0000000r93BGAQ"",""Type"":""Profile"",""Label"":""00ed0000001A5rcAAC"",""PermissionSetGroupId"":null,""Profile"":{""attributes"":{""type"":""Profile"",""url"":""/services/data/v53.0/sobjects/Profile/00ed0000001A5rcAAC""},""Id"":""00ed0000001A5rcAAC"",""Name"":""ASU Service - TC - SESE""}}},{""Parent"":{""Id"":""0PSd0000000r92mGAA"",""Type"":""Profile"",""Label"":""00ed0000001A5rDAAS"",""PermissionSetGroupId"":null,""Profile"":{""attributes"":{""type"":""Profile"",""url"":""/services/data/v53.0/sobjects/Profile/00ed0000001A5rDAAS""},""Id"":""00ed0000001A5rDAAS"",""Name"":""ASU Service - TC - SOLS""}}},{""Parent"":{""Id"":""0PSd0000000r92rGAA"",""Type"":""Profile"",""Label"":""00ed0000001A5rIAAS"",""PermissionSetGroupId"":null,""Profile"":{""attributes"":{""type"":""Profile"",""url"":""/services/data/v53.0/sobjects/Profile/00ed0000001A5rIAAS""},""Id"":""00ed0000001A5rIAAS"",""Name"":""ASU Service - TC - SoMSS""}}},{""Parent"":{""Id"":""0PSd0000000r92wGAA"",""Type"":""Profile"",""Label"":""00ed0000001A5rNAAS"",""PermissionSetGroupId"":null,""Profile"":{""attributes"":{""type"":""Profile"",""url"":""/services/data/v53.0/sobjects/Profile/00ed0000001A5rNAAS""},""Id"":""00ed0000001A5rNAAS"",""Name"":""ASU Service - TC  - SMS""}}},{""Parent"":{""Id"":""0PSd0000000r931GAA"",""Type"":""Profile"",""Label"":""00ed0000001A5rSAAS"",""PermissionSetGroupId"":null,""Profile"":{""attributes"":{""type"":""Profile"",""url"":""/services/data/v53.0/sobjects/Profile/00ed0000001A5rSAAS""},""Id"":""00ed0000001A5rSAAS"",""Name"":""ASU Service - TC - Physics""}}},{""Parent"":{""Id"":""0PSd0000000r936GAA"",""Type"":""Profile"",""Label"":""00ed0000001A5rXAAS"",""PermissionSetGroupId"":null,""Profile"":{""attributes"":{""type"":""Profile"",""url"":""/services/data/v53.0/sobjects/Profile/00ed0000001A5rXAAS""},""Id"":""00ed0000001A5rXAAS"",""Name"":""ASU Service - TC - Psychology""}}},{""Parent"":{""Id"":""0PSd0000000r8PUGAY"",""Type"":""Profile"",""Label"":""00ed0000001A5S7AAK"",""PermissionSetGroupId"":null,""Profile"":{""attributes"":{""type"":""Profile"",""url"":""/services/data/v53.0/sobjects/Profile/00ed0000001A5S7AAK""},""Id"":""00ed0000001A5S7AAK"",""Name"":""ASU Service - Curricular Activities and Actions""}}},{""Parent"":{""Id"":""0PSd0000000r97mGAA"",""Type"":""Profile"",""Label"":""00ed0000001A5udAAC"",""PermissionSetGroupId"":null,""Profile"":{""attributes"":{""type"":""Profile"",""url"":""/services/data/v53.0/sobjects/Profile/00ed0000001A5udAAC""},""Id"":""00ed0000001A5udAAC"",""Name"":""ASU Service - TC - STS""}}},{""Parent"":{""Id"":""0PSd0000000r97SGAQ"",""Type"":""Profile"",""Label"":""00ed0000001A5uJAAS"",""PermissionSetGroupId"":null,""Profile"":{""attributes"":{""type"":""Profile"",""url"":""/services/data/v53.0/sobjects/Profile/00ed0000001A5uJAAS""},""Id"":""00ed0000001A5uJAAS"",""Name"":""ASU Service - TC - SGSUP""}}},{""Parent"":{""Id"":""0PSd0000000r97XGAQ"",""Type"":""Profile"",""Label"":""00ed0000001A5uOAAS"",""PermissionSetGroupId"":null,""Profile"":{""attributes"":{""type"":""Profile"",""url"":""/services/data/v53.0/sobjects/Profile/00ed0000001A5uOAAS""},""Id"":""00ed0000001A5uOAAS"",""Name"":""ASU Service - TC - HDSHC""}}},{""Parent"":{""Id"":""0PSd0000000r97cGAA"",""Type"":""Profile"",""Label"":""00ed0000001A5uTAAS"",""PermissionSetGroupId"":null,""Profile"":{""attributes"":{""type"":""Profile"",""url"":""/services/data/v53.0/sobjects/Profile/00ed0000001A5uTAAS""},""Id"":""00ed0000001A5uTAAS"",""Name"":""ASU Service - TC - SPGS""}}},{""Parent"":{""Id"":""0PSd0000000r97hGAA"",""Type"":""Profile"",""Label"":""00ed0000001A5uYAAS"",""PermissionSetGroupId"":null,""Profile"":{""attributes"":{""type"":""Profile"",""url"":""/services/data/v53.0/sobjects/Profile/00ed0000001A5uYAAS""},""Id"":""00ed0000001A5uYAAS"",""Name"":""ASU Service - TC - SHESC""}}},{""Parent"":{""Id"":""0PSd0000000r9AFGAY"",""Type"":""Profile"",""Label"":""00ed0000001A5vnAAC"",""PermissionSetGroupId"":null,""Profile"":{""attributes"":{""type"":""Profile"",""url"":""/services/data/v53.0/sobjects/Profile/00ed0000001A5vnAAC""},""Id"":""00ed0000001A5vnAAC"",""Name"":""ASU Service - Integrative Sciences and Arts""}}},{""Parent"":{""Id"":""0PSd0000000r8ZaGAI"",""Type"":""Profile"",""Label"":""00ed0000001A5ZRAA0"",""PermissionSetGroupId"":null,""Profile"":{""attributes"":{""type"":""Profile"",""url"":""/services/data/v53.0/sobjects/Profile/00ed0000001A5ZRAA0""},""Id"":""00ed0000001A5ZRAA0"",""Name"":""ASU Service - Global Education Office""}}},{""Parent"":{""Id"":""0PSd0000000rAdhGAE"",""Type"":""Profile"",""Label"":""00ed0000001A6alAAC"",""PermissionSetGroupId"":null,""Profile"":{""attributes"":{""type"":""Profile"",""url"":""/services/data/v53.0/sobjects/Profile/00ed0000001A6alAAC""},""Id"":""00ed0000001A6alAAC"",""Name"":""ASU Service - Student & Cultural Engagement""}}},{""Parent"":{""Id"":""0PSd0000000rAdmGAE"",""Type"":""Profile"",""Label"":""00ed0000001A6aqAAC"",""PermissionSetGroupId"":null,""Profile"":{""attributes"":{""type"":""Profile"",""url"":""/services/data/v53.0/sobjects/Profile/00ed0000001A6aqAAC""},""Id"":""00ed0000001A6aqAAC"",""Name"":""ASU Service - International Student Engagement""}}},{""Parent"":{""Id"":""0PSd0000000rAdrGAE"",""Type"":""Profile"",""Label"":""00ed0000001A6avAAC"",""PermissionSetGroupId"":null,""Profile"":{""attributes"":{""type"":""Profile"",""url"":""/services/data/v53.0/sobjects/Profile/00ed0000001A6avAAC""},""Id"":""00ed0000001A6avAAC"",""Name"":""ASU Service - Changemaker Central""}}},{""Parent"":{""Id"":""0PSd0000001o7EsGAI"",""Type"":""Profile"",""Label"":""00ed0000002FFRcAAO"",""PermissionSetGroupId"":null,""Profile"":{""attributes"":{""type"":""Profile"",""url"":""/services/data/v53.0/sobjects/Profile/00ed0000002FFRcAAO""},""Id"":""00ed0000002FFRcAAO"",""Name"":""ASU Recruitment - Freshman Recruiter (Temp Access to Org Wide)""}}},{""Parent"":{""Id"":""0PSd0000001o7ETGAY"",""Type"":""Profile"",""Label"":""00ed0000002FFRSAA4"",""PermissionSetGroupId"":null,""Profile"":{""attributes"":{""type"":""Profile"",""url"":""/services/data/v53.0/sobjects/Profile/00ed0000002FFRSAA4""},""Id"":""00ed0000002FFRSAA4"",""Name"":""ASU Service - Sun Devil Athletics""}}},{""Parent"":{""Id"":""0PSd0000001o7HmGAI"",""Type"":""Profile"",""Label"":""00ed0000002FFSLAA4"",""PermissionSetGroupId"":null,""Profile"":{""attributes"":{""type"":""Profile"",""url"":""/services/data/v53.0/sobjects/Profile/00ed0000002FFSLAA4""},""Id"":""00ed0000002FFSLAA4"",""Name"":""ASU Service - Office of the President (Temp Access to Org Wide)""}}},{""Parent"":{""Id"":""0PSd0000001o7VKGAY"",""Type"":""Profile"",""Label"":""00ed0000002FFY4AAO"",""PermissionSetGroupId"":null,""Profile"":{""attributes"":{""type"":""Profile"",""url"":""/services/data/v53.0/sobjects/Profile/00ed0000002FFY4AAO""},""Id"":""00ed0000002FFY4AAO"",""Name"":""ASU Service - ASU-USA Pathways""}}},{""Parent"":{""Id"":""0PSd0000001sK82GAE"",""Type"":""Profile"",""Label"":""00ed0000002JRvSAAW"",""PermissionSetGroupId"":null,""Profile"":{""attributes"":{""type"":""Profile"",""url"":""/services/data/v53.0/sobjects/Profile/00ed0000002JRvSAAW""},""Id"":""00ed0000002JRvSAAW"",""Name"":""ASU Service - First in the World Grant""}}},{""Parent"":{""Id"":""0PSd0000001sKJBGA2"",""Type"":""Profile"",""Label"":""00ed0000002JRyMAAW"",""PermissionSetGroupId"":null,""Profile"":{""attributes"":{""type"":""Profile"",""url"":""/services/data/v53.0/sobjects/Profile/00ed0000002JRyMAAW""},""Id"":""00ed0000002JRyMAAW"",""Name"":""ASU Service - ITCSS Library Services""}}},{""Parent"":{""Id"":""0PSd0000001sKNNGA2"",""Type"":""Profile"",""Label"":""00ed0000002JS0DAAW"",""PermissionSetGroupId"":null,""Profile"":{""attributes"":{""type"":""Profile"",""url"":""/services/data/v53.0/sobjects/Profile/00ed0000002JS0DAAW""},""Id"":""00ed0000002JS0DAAW"",""Name"":""ASU Service - Success Coach""}}},{""Parent"":{""Id"":""0PSd0000001sKO6GAM"",""Type"":""Profile"",""Label"":""00ed0000002JS0NAAW"",""PermissionSetGroupId"":null,""Profile"":{""attributes"":{""type"":""Profile"",""url"":""/services/data/v53.0/sobjects/Profile/00ed0000002JS0NAAW""},""Id"":""00ed0000002JS0NAAW"",""Name"":""ASU Service - TC - ISSR""}}},{""Parent"":{""Id"":""0PSd0000001jxObGAI"",""Type"":""Profile"",""Label"":""00ed0000002NelYAAS"",""PermissionSetGroupId"":null,""Profile"":{""attributes"":{""type"":""Profile"",""url"":""/services/data/v53.0/sobjects/Profile/00ed0000002NelYAAS""},""Id"":""00ed0000002NelYAAS"",""Name"":""ASU Service - Academic Partnerships""}}},{""Parent"":{""Id"":""0PSd0000001jxa8GAA"",""Type"":""Profile"",""Label"":""00ed0000002Neq4AAC"",""PermissionSetGroupId"":null,""Profile"":{""attributes"":{""type"":""Profile"",""url"":""/services/data/v53.0/sobjects/Profile/00ed0000002Neq4AAC""},""Id"":""00ed0000002Neq4AAC"",""Name"":""ASU Service - Student Accessibility and Inclusive Learning Services""}}},{""Parent"":{""Id"":""0PSd0000001jygbGAA"",""Type"":""Profile"",""Label"":""00ed0000002Nf7AAAS"",""PermissionSetGroupId"":null,""Profile"":{""attributes"":{""type"":""Profile"",""url"":""/services/data/v53.0/sobjects/Profile/00ed0000002Nf7AAAS""},""Id"":""00ed0000002Nf7AAAS"",""Name"":""ASU Recruitment - Business Intelligence""}}},{""Parent"":{""Id"":""0PSd0000000oWPgGAM"",""Type"":""Profile"",""Label"":""00ex00000018ozT_128_09_43_34_1"",""PermissionSetGroupId"":null,""Profile"":{""attributes"":{""type"":""Profile"",""url"":""/services/data/v53.0/sobjects/Profile/00ed00000017IobAAE""},""Id"":""00ed00000017IobAAE"",""Name"":""System Administrator""}}},{""Parent"":{""Id"":""0PS6T000001CZGsWAO"",""Type"":""Regular"",""Label"":""Role: EdPlus Coach Portal (Non-Success Coach)"",""PermissionSetGroupId"":null,""Profile"":null}}]"
"066d0000002ykFMAAY","fullContactCaseComments","[{""Parent"":{""Id"":""0PSd0000001sKNNGA2"",""Type"":""Profile"",""Label"":""00ed0000002JS0DAAW"",""PermissionSetGroupId"":null,""Profile"":{""attributes"":{""type"":""Profile"",""url"":""/services/data/v53.0/sobjects/Profile/00ed0000002JS0DAAW""},""Id"":""00ed0000002JS0DAAW"",""Name"":""ASU Service - Success Coach""}}},{""Parent"":{""Id"":""0PSd0000000oWPgGAM"",""Type"":""Profile"",""Label"":""00ex00000018ozT_128_09_43_34_1"",""PermissionSetGroupId"":null,""Profile"":{""attributes"":{""type"":""Profile"",""url"":""/services/data/v53.0/sobjects/Profile/00ed00000017IobAAE""},""Id"":""00ed00000017IobAAE"",""Name"":""System Administrator""}}},{""Parent"":{""Id"":""0PS6T000001CZGsWAO"",""Type"":""Regular"",""Label"":""Role: EdPlus Coach Portal (Non-Success Coach)"",""PermissionSetGroupId"":null,""Profile"":null}}]"
"066d00000024f7CAAQ","HelpDesk","[{""Parent"":{""Id"":""0PS6T000001k9crWAA"",""Type"":""Profile"",""Label"":""00e6T000002NjQeQAK"",""PermissionSetGroupId"":null,""Profile"":{""attributes"":{""type"":""Profile"",""url"":""/services/data/v53.0/sobjects/Profile/00e6T000002NjQeQAK""},""Id"":""00e6T000002NjQeQAK"",""Name"":""ASU Service - Information Technology Support Hub""}}},{""Parent"":{""Id"":""0PSd0000000qzaSGAQ"",""Type"":""Profile"",""Label"":""00ed00000019yBlAAI"",""PermissionSetGroupId"":null,""Profile"":{""attributes"":{""type"":""Profile"",""url"":""/services/data/v53.0/sobjects/Profile/00ed00000019yBlAAI""},""Id"":""00ed00000019yBlAAI"",""Name"":""ASU Service - Financial Aid""}}},{""Parent"":{""Id"":""0PSd0000000qzb1GAA"",""Type"":""Profile"",""Label"":""00ed00000019yCAAAY"",""PermissionSetGroupId"":null,""Profile"":{""attributes"":{""type"":""Profile"",""url"":""/services/data/v53.0/sobjects/Profile/00ed00000019yCAAAY""},""Id"":""00ed00000019yCAAAY"",""Name"":""ASU Service - Student Business Services""}}},{""Parent"":{""Id"":""0PSd0000000qzl5GAA"",""Type"":""Profile"",""Label"":""00ed00000019yKBAAY"",""PermissionSetGroupId"":null,""Profile"":{""attributes"":{""type"":""Profile"",""url"":""/services/data/v53.0/sobjects/Profile/00ed00000019yKBAAY""},""Id"":""00ed00000019yKBAAY"",""Name"":""ASU View All Data""}}},{""Parent"":{""Id"":""0PSd0000000r0cKGAQ"",""Type"":""Profile"",""Label"":""00ed00000019z6CAAQ"",""PermissionSetGroupId"":null,""Profile"":{""attributes"":{""type"":""Profile"",""url"":""/services/data/v53.0/sobjects/Profile/00ed00000019z6CAAQ""},""Id"":""00ed00000019z6CAAQ"",""Name"":""ASU Service - Help Desk""}}},{""Parent"":{""Id"":""0PSd0000000r7v8GAA"",""Type"":""Profile"",""Label"":""00ed0000001A53VAAS"",""PermissionSetGroupId"":null,""Profile"":{""attributes"":{""type"":""Profile"",""url"":""/services/data/v53.0/sobjects/Profile/00ed0000001A53VAAS""},""Id"":""00ed0000001A53VAAS"",""Name"":""ASU Service - LMS Support""}}},{""Parent"":{""Id"":""0PSd0000000oWPgGAM"",""Type"":""Profile"",""Label"":""00ex00000018ozT_128_09_43_34_1"",""PermissionSetGroupId"":null,""Profile"":{""attributes"":{""type"":""Profile"",""url"":""/services/data/v53.0/sobjects/Profile/00ed00000017IobAAE""},""Id"":""00ed00000017IobAAE"",""Name"":""System Administrator""}}}]"
"066d0000002AVSGAA4","IdeasHome","[{""Parent"":{""Id"":""0PSd0000000qzl5GAA"",""Type"":""Profile"",""Label"":""00ed00000019yKBAAY"",""PermissionSetGroupId"":null,""Profile"":{""attributes"":{""type"":""Profile"",""url"":""/services/data/v53.0/sobjects/Profile/00ed00000019yKBAAY""},""Id"":""00ed00000019yKBAAY"",""Name"":""ASU View All Data""}}},{""Parent"":{""Id"":""0PSd0000000oWPgGAM"",""Type"":""Profile"",""Label"":""00ex00000018ozT_128_09_43_34_1"",""PermissionSetGroupId"":null,""Profile"":{""attributes"":{""type"":""Profile"",""url"":""/services/data/v53.0/sobjects/Profile/00ed00000017IobAAE""},""Id"":""00ed00000017IobAAE"",""Name"":""System Administrator""}}},{""Parent"":{""Id"":""0PSd0000000quKmGAI"",""Type"":""Regular"",""Label"":""Additional Administrator Permissions"",""PermissionSetGroupId"":null,""Profile"":null}}]"
"0660W000002dhtoQAA","IDHelperManager","[{""Parent"":{""Id"":""0PSd0000000oWPgGAM"",""Type"":""Profile"",""Label"":""00ex00000018ozT_128_09_43_34_1"",""PermissionSetGroupId"":null,""Profile"":{""attributes"":{""type"":""Profile"",""url"":""/services/data/v53.0/sobjects/Profile/00ed00000017IobAAE""},""Id"":""00ed00000017IobAAE"",""Name"":""System Administrator""}}}]"
"066d0000002AVSDAA4","InMaintenance","[{""Parent"":{""Id"":""0PS0W000001GgU7WAK"",""Type"":""Profile"",""Label"":""00e0W000001lvZsQAI"",""PermissionSetGroupId"":null,""Profile"":{""attributes"":{""type"":""Profile"",""url"":""/services/data/v53.0/sobjects/Profile/00e0W000001lvZsQAI""},""Id"":""00e0W000001lvZsQAI"",""Name"":""ASU Advising Community Profile""}}},{""Parent"":{""Id"":""0PS0W000001bgy8WAA"",""Type"":""Profile"",""Label"":""00e0W000001yXlHQAU"",""PermissionSetGroupId"":null,""Profile"":{""attributes"":{""type"":""Profile"",""url"":""/services/data/v53.0/sobjects/Profile/00e0W000001yXlHQAU""},""Id"":""00e0W000001yXlHQAU"",""Name"":""Jira Profile""}}},{""Parent"":{""Id"":""0PS0W000001k9RKWAY"",""Type"":""Profile"",""Label"":""00e0W000002NjO9QAK"",""PermissionSetGroupId"":null,""Profile"":{""attributes"":{""type"":""Profile"",""url"":""/services/data/v53.0/sobjects/Profile/00e0W000002NjO9QAK""},""Id"":""00e0W000002NjO9QAK"",""Name"":""Family Portal Profile""}}},{""Parent"":{""Id"":""0PS0W000001watlWAA"",""Type"":""Profile"",""Label"":""00e0W000002RsQNQA0"",""PermissionSetGroupId"":null,""Profile"":{""attributes"":{""type"":""Profile"",""url"":""/services/data/v53.0/sobjects/Profile/00e0W000002RsQNQA0""},""Id"":""00e0W000002RsQNQA0"",""Name"":""AsuChat Profile""}}},{""Parent"":{""Id"":""0PSd0000000quTfGAI"",""Type"":""Profile"",""Label"":""00ed00000019tQkAAI"",""PermissionSetGroupId"":null,""Profile"":{""attributes"":{""type"":""Profile"",""url"":""/services/data/v53.0/sobjects/Profile/00ed00000019tQkAAI""},""Id"":""00ed00000019tQkAAI"",""Name"":""Public Knowledge Base for ASU Profile""}}},{""Parent"":{""Id"":""0PSd0000000qzl5GAA"",""Type"":""Profile"",""Label"":""00ed00000019yKBAAY"",""PermissionSetGroupId"":null,""Profile"":{""attributes"":{""type"":""Profile"",""url"":""/services/data/v53.0/sobjects/Profile/00ed00000019yKBAAY""},""Id"":""00ed00000019yKBAAY"",""Name"":""ASU View All Data""}}},{""Parent"":{""Id"":""0PSd0000000r0eSGAQ"",""Type"":""Profile"",""Label"":""00ed00000019z84AAA"",""PermissionSetGroupId"":null,""Profile"":{""attributes"":{""type"":""Profile"",""url"":""/services/data/v53.0/sobjects/Profile/00ed00000019z84AAA""},""Id"":""00ed00000019z84AAA"",""Name"":""Top Level Site Profile""}}},{""Parent"":{""Id"":""0PSd0000000TwGUGA0"",""Type"":""Profile"",""Label"":""00ed0000001EPuyAAG"",""PermissionSetGroupId"":null,""Profile"":{""attributes"":{""type"":""Profile"",""url"":""/services/data/v53.0/sobjects/Profile/00ed0000001EPuyAAG""},""Id"":""00ed0000001EPuyAAG"",""Name"":""Bomgar Profile""}}},{""Parent"":{""Id"":""0PSd0000001o83gGAA"",""Type"":""Profile"",""Label"":""00ed0000002FFobAAG"",""PermissionSetGroupId"":null,""Profile"":{""attributes"":{""type"":""Profile"",""url"":""/services/data/v53.0/sobjects/Profile/00ed0000002FFobAAG""},""Id"":""00ed0000002FFobAAG"",""Name"":""Unsubscribe Profile""}}},{""Parent"":{""Id"":""0PSd0000000oWPgGAM"",""Type"":""Profile"",""Label"":""00ex00000018ozT_128_09_43_34_1"",""PermissionSetGroupId"":null,""Profile"":{""attributes"":{""type"":""Profile"",""url"":""/services/data/v53.0/sobjects/Profile/00ed00000017IobAAE""},""Id"":""00ed00000017IobAAE"",""Name"":""System Administrator""}}},{""Parent"":{""Id"":""0PSd0000000quKmGAI"",""Type"":""Regular"",""Label"":""Additional Administrator Permissions"",""PermissionSetGroupId"":null,""Profile"":null}}]"
"066d0000003BFIsAAO","LeadCommunicationHistory","[{""Parent"":{""Id"":""0PS0W000001CNqIWAW"",""Type"":""Profile"",""Label"":""00e0W000001hh6oQAA"",""PermissionSetGroupId"":null,""Profile"":{""attributes"":{""type"":""Profile"",""url"":""/services/data/v53.0/sobjects/Profile/00e0W000001hh6oQAA""},""Id"":""00e0W000001hh6oQAA"",""Name"":""ASU Service - MasterCard Program""}}},{""Parent"":{""Id"":""0PS0W000001CNy2WAG"",""Type"":""Profile"",""Label"":""00e0W000001hhAbQAI"",""PermissionSetGroupId"":null,""Profile"":{""attributes"":{""type"":""Profile"",""url"":""/services/data/v53.0/sobjects/Profile/00e0W000001hhAbQAI""},""Id"":""00e0W000001hhAbQAI"",""Name"":""ASU Service - Public Service Academy""}}},{""Parent"":{""Id"":""0PS0W000001COffWAG"",""Type"":""Profile"",""Label"":""00e0W000001hhfyQAA"",""PermissionSetGroupId"":null,""Profile"":{""attributes"":{""type"":""Profile"",""url"":""/services/data/v53.0/sobjects/Profile/00e0W000001hhfyQAA""},""Id"":""00e0W000001hhfyQAA"",""Name"":""ASU Service - Biosafety""}}},{""Parent"":{""Id"":""0PS0W000001CO7YWAW"",""Type"":""Profile"",""Label"":""00e0W000001hhI6QAI"",""PermissionSetGroupId"":null,""Profile"":{""attributes"":{""type"":""Profile"",""url"":""/services/data/v53.0/sobjects/Profile/00e0W000001hhI6QAI""},""Id"":""00e0W000001hhI6QAI"",""Name"":""ASU Service - New College Deans Office""}}},{""Parent"":{""Id"":""0PS0W000001CO8CWAW"",""Type"":""Profile"",""Label"":""00e0W000001hhIfQAI"",""PermissionSetGroupId"":null,""Profile"":{""attributes"":{""type"":""Profile"",""url"":""/services/data/v53.0/sobjects/Profile/00e0W000001hhIfQAI""},""Id"":""00e0W000001hhIfQAI"",""Name"":""ASU Service - Engineering - K12 Engineering Education""}}},{""Parent"":{""Id"":""0PS0W000001GgWMWA0"",""Type"":""Profile"",""Label"":""00e0W000001lvaCQAQ"",""PermissionSetGroupId"":null,""Profile"":{""attributes"":{""type"":""Profile"",""url"":""/services/data/v53.0/sobjects/Profile/00e0W000001lvaCQAQ""},""Id"":""00e0W000001lvaCQAQ"",""Name"":""ASU Service - University Events & Protocol""}}},{""Parent"":{""Id"":""0PS0W000001Gga4WAC"",""Type"":""Profile"",""Label"":""00e0W000001lvb5QAA"",""PermissionSetGroupId"":null,""Profile"":{""attributes"":{""type"":""Profile"",""url"":""/services/data/v53.0/sobjects/Profile/00e0W000001lvb5QAA""},""Id"":""00e0W000001lvb5QAA"",""Name"":""ASU Service - Psychology Research Advancement""}}},{""Parent"":{""Id"":""0PS0W000001GgbCWAS"",""Type"":""Profile"",""Label"":""00e0W000001lvbKQAQ"",""PermissionSetGroupId"":null,""Profile"":{""attributes"":{""type"":""Profile"",""url"":""/services/data/v53.0/sobjects/Profile/00e0W000001lvbKQAQ""},""Id"":""00e0W000001lvbKQAQ"",""Name"":""ASU Service - ASU Local""}}},{""Parent"":{""Id"":""0PS0W000001GgfJWAS"",""Type"":""Profile"",""Label"":""00e0W000001lvcIQAQ"",""PermissionSetGroupId"":null,""Profile"":{""attributes"":{""type"":""Profile"",""url"":""/services/data/v53.0/sobjects/Profile/00e0W000001lvcIQAQ""},""Id"":""00e0W000001lvcIQAQ"",""Name"":""ASU Service - The College - Interplanetary Initiatives""}}},{""Parent"":{""Id"":""0PS0W000001GgzxWAC"",""Type"":""Profile"",""Label"":""00e0W000001lvdaQAA"",""PermissionSetGroupId"":null,""Profile"":{""attributes"":{""type"":""Profile"",""url"":""/services/data/v53.0/sobjects/Profile/00e0W000001lvdaQAA""},""Id"":""00e0W000001lvdaQAA"",""Name"":""ASU Service - Watts Bridging Success""}}},{""Parent"":{""Id"":""0PS0W000001GftOWAS"",""Type"":""Profile"",""Label"":""00e0W000001lvOQQAY"",""PermissionSetGroupId"":null,""Profile"":{""attributes"":{""type"":""Profile"",""url"":""/services/data/v53.0/sobjects/Profile/00e0W000001lvOQQAY""},""Id"":""00e0W000001lvOQQAY"",""Name"":""ASU Service - ASU Family Programs""}}},{""Parent"":{""Id"":""0PS0W000001Gg0eWAC"",""Type"":""Profile"",""Label"":""00e0W000001lvQvQAI"",""PermissionSetGroupId"":null,""Profile"":{""attributes"":{""type"":""Profile"",""url"":""/services/data/v53.0/sobjects/Profile/00e0W000001lvQvQAI""},""Id"":""00e0W000001lvQvQAI"",""Name"":""ASU Service - TC SOLS Academic Integrity""}}},{""Parent"":{""Id"":""0PS0W000001GiExWAK"",""Type"":""Profile"",""Label"":""00e0W000001lvubQAA"",""PermissionSetGroupId"":null,""Profile"":{""attributes"":{""type"":""Profile"",""url"":""/services/data/v53.0/sobjects/Profile/00e0W000001lvubQAA""},""Id"":""00e0W000001lvubQAA"",""Name"":""ASU Service - DNASU Plasmid Repository""}}},{""Parent"":{""Id"":""0PS0W000001bgzVWAQ"",""Type"":""Profile"",""Label"":""00e0W000001yXmFQAU"",""PermissionSetGroupId"":null,""Profile"":{""attributes"":{""type"":""Profile"",""url"":""/services/data/v53.0/sobjects/Profile/00e0W000001yXmFQAU""},""Id"":""00e0W000001yXmFQAU"",""Name"":""ASU Recruitment - Team (ESISD)""}}},{""Parent"":{""Id"":""0PS0W000001P1NAWA0"",""Type"":""Profile"",""Label"":""00e0W0000022hBdQAI"",""PermissionSetGroupId"":null,""Profile"":{""attributes"":{""type"":""Profile"",""url"":""/services/data/v53.0/sobjects/Profile/00e0W0000022hBdQAI""},""Id"":""00e0W0000022hBdQAI"",""Name"":""ASU Service - Success Courses""}}},{""Parent"":{""Id"":""0PS0W000001fphCWAQ"",""Type"":""Profile"",""Label"":""00e0W0000026u4qQAA"",""PermissionSetGroupId"":null,""Profile"":{""attributes"":{""type"":""Profile"",""url"":""/services/data/v53.0/sobjects/Profile/00e0W0000026u4qQAA""},""Id"":""00e0W0000026u4qQAA"",""Name"":""ASU Service - Opportunities for Youth""}}},{""Parent"":{""Id"":""0PS0W000001KoULWA0"",""Type"":""Profile"",""Label"":""00e0W000002B4xjQAC"",""PermissionSetGroupId"":null,""Profile"":{""attributes"":{""type"":""Profile"",""url"":""/services/data/v53.0/sobjects/Profile/00e0W000002B4xjQAC""},""Id"":""00e0W000002B4xjQAC"",""Name"":""ASU Service - ATCS and Study Abroad""}}},{""Parent"":{""Id"":""0PS0W000001KpSQWA0"",""Type"":""Profile"",""Label"":""00e0W000002B5TBQA0"",""PermissionSetGroupId"":null,""Profile"":{""attributes"":{""type"":""Profile"",""url"":""/services/data/v53.0/sobjects/Profile/00e0W000002B5TBQA0""},""Id"":""00e0W000002B5TBQA0"",""Name"":""ASU Service - TC - SCETL""}}},{""Parent"":{""Id"":""0PS0W000001sasmWAA"",""Type"":""Profile"",""Label"":""00e0W000002JZG1QAO"",""PermissionSetGroupId"":null,""Profile"":{""attributes"":{""type"":""Profile"",""url"":""/services/data/v53.0/sobjects/Profile/00e0W000002JZG1QAO""},""Id"":""00e0W000002JZG1QAO"",""Name"":""API User - Ed Plus Org""}}},{""Parent"":{""Id"":""0PS0W000001sbaPWAQ"",""Type"":""Profile"",""Label"":""00e0W000002JZOFQA4"",""PermissionSetGroupId"":null,""Profile"":{""attributes"":{""type"":""Profile"",""url"":""/services/data/v53.0/sobjects/Profile/00e0W000002JZOFQA4""},""Id"":""00e0W000002JZOFQA4"",""Name"":""ASU Service - Explore""}}},{""Parent"":{""Id"":""0PS0W000001sbktWAA"",""Type"":""Profile"",""Label"":""00e0W000002JZROQA4"",""PermissionSetGroupId"":null,""Profile"":{""attributes"":{""type"":""Profile"",""url"":""/services/data/v53.0/sobjects/Profile/00e0W000002JZROQA4""},""Id"":""00e0W000002JZROQA4"",""Name"":""ASU Service - College of Global Futures""}}},{""Parent"":{""Id"":""0PS0W000001jz1PWAQ"",""Type"":""Profile"",""Label"":""00e0W000002NfGqQAK"",""PermissionSetGroupId"":null,""Profile"":{""attributes"":{""type"":""Profile"",""url"":""/services/data/v53.0/sobjects/Profile/00e0W000002NfGqQAK""},""Id"":""00e0W000002NfGqQAK"",""Name"":""ASU Service - Enrollment Analysis""}}},{""Parent"":{""Id"":""0PS0W000001k9UOWAY"",""Type"":""Profile"",""Label"":""00e0W000002NjQ0QAK"",""PermissionSetGroupId"":null,""Profile"":{""attributes"":{""type"":""Profile"",""url"":""/services/data/v53.0/sobjects/Profile/00e0W000002NjQ0QAK""},""Id"":""00e0W000002NjQ0QAK"",""Name"":""ASU Service - International Students and Scholars Center SMS""}}},{""Parent"":{""Id"":""0PS6T000001CZe3WAG"",""Type"":""Profile"",""Label"":""00e6T000001hlA1QAI"",""PermissionSetGroupId"":null,""Profile"":{""attributes"":{""type"":""Profile"",""url"":""/services/data/v53.0/sobjects/Profile/00e6T000001hlA1QAI""},""Id"":""00e6T000001hlA1QAI"",""Name"":""ASU Service - Engineering - Poly HR""}}},{""Parent"":{""Id"":""0PS6T000001k9crWAA"",""Type"":""Profile"",""Label"":""00e6T000002NjQeQAK"",""PermissionSetGroupId"":null,""Profile"":{""attributes"":{""type"":""Profile"",""url"":""/services/data/v53.0/sobjects/Profile/00e6T000002NjQeQAK""},""Id"":""00e6T000002NjQeQAK"",""Name"":""ASU Service - Information Technology Support Hub""}}},{""Parent"":{""Id"":""0PS6T000001kAE8WAM"",""Type"":""Profile"",""Label"":""00e6T000002NjSuQAK"",""PermissionSetGroupId"":null,""Profile"":{""attributes"":{""type"":""Profile"",""url"":""/services/data/v53.0/sobjects/Profile/00e6T000002NjSuQAK""},""Id"":""00e6T000002NjSuQAK"",""Name"":""ASU Service - SMS API""}}},{""Parent"":{""Id"":""0PSd0000000H441GAC"",""Type"":""Profile"",""Label"":""00ed0000000jbjMAAQ"",""PermissionSetGroupId"":null,""Profile"":{""attributes"":{""type"":""Profile"",""url"":""/services/data/v53.0/sobjects/Profile/00ed0000000jbjMAAQ""},""Id"":""00ed0000000jbjMAAQ"",""Name"":""ASU Service - Design and the Arts""}}},{""Parent"":{""Id"":""0PSd0000000H4AQGA0"",""Type"":""Profile"",""Label"":""00ed0000000jbo2AAA"",""PermissionSetGroupId"":null,""Profile"":{""attributes"":{""type"":""Profile"",""url"":""/services/data/v53.0/sobjects/Profile/00ed0000000jbo2AAA""},""Id"":""00ed0000000jbo2AAA"",""Name"":""ASU Service - International Initiatives Graduate Education""}}},{""Parent"":{""Id"":""0PSd0000000H4BxGAK"",""Type"":""Profile"",""Label"":""00ed0000000jboMAAQ"",""PermissionSetGroupId"":null,""Profile"":{""attributes"":{""type"":""Profile"",""url"":""/services/data/v53.0/sobjects/Profile/00ed0000000jboMAAQ""},""Id"":""00ed0000000jboMAAQ"",""Name"":""ASU Service - W. P. Carey Business""}}},{""Parent"":{""Id"":""0PSd0000000H4C2GAK"",""Type"":""Profile"",""Label"":""00ed0000000jboRAAQ"",""PermissionSetGroupId"":null,""Profile"":{""attributes"":{""type"":""Profile"",""url"":""/services/data/v53.0/sobjects/Profile/00ed0000000jboRAAQ""},""Id"":""00ed0000000jboRAAQ"",""Name"":""ASU Service - Parking and Transit Services""}}},{""Parent"":{""Id"":""0PSd0000000H4C7GAK"",""Type"":""Profile"",""Label"":""00ed0000000jboWAAQ"",""PermissionSetGroupId"":null,""Profile"":{""attributes"":{""type"":""Profile"",""url"":""/services/data/v53.0/sobjects/Profile/00ed0000000jboWAAQ""},""Id"":""00ed0000000jboWAAQ"",""Name"":""ASU Service - First Year Success Center""}}},{""Parent"":{""Id"":""0PSd0000000H4J3GAK"",""Type"":""Profile"",""Label"":""00ed0000000jbqhAAA"",""PermissionSetGroupId"":null,""Profile"":{""attributes"":{""type"":""Profile"",""url"":""/services/data/v53.0/sobjects/Profile/00ed0000000jbqhAAA""},""Id"":""00ed0000000jbqhAAA"",""Name"":""ASU Service - Pat Tillman Veteran Center""}}},{""Parent"":{""Id"":""0PSd0000000H4J8GAK"",""Type"":""Profile"",""Label"":""00ed0000000jbqmAAA"",""PermissionSetGroupId"":null,""Profile"":{""attributes"":{""type"":""Profile"",""url"":""/services/data/v53.0/sobjects/Profile/00ed0000000jbqmAAA""},""Id"":""00ed0000000jbqmAAA"",""Name"":""ASU Service - Thunderbird""}}},{""Parent"":{""Id"":""0PSd0000000H4N0GAK"",""Type"":""Profile"",""Label"":""00ed0000000jbtHAAQ"",""PermissionSetGroupId"":null,""Profile"":{""attributes"":{""type"":""Profile"",""url"":""/services/data/v53.0/sobjects/Profile/00ed0000000jbtHAAQ""},""Id"":""00ed0000000jbtHAAQ"",""Name"":""ASU Service - EOSS""}}},{""Parent"":{""Id"":""0PSd0000000H4N5GAK"",""Type"":""Profile"",""Label"":""00ed0000000jbtMAAQ"",""PermissionSetGroupId"":null,""Profile"":{""attributes"":{""type"":""Profile"",""url"":""/services/data/v53.0/sobjects/Profile/00ed0000000jbtMAAQ""},""Id"":""00ed0000000jbtMAAQ"",""Name"":""ASU Service - Sun Devil Card Services""}}},{""Parent"":{""Id"":""0PSd0000000H4NAGA0"",""Type"":""Profile"",""Label"":""00ed0000000jbtRAAQ"",""PermissionSetGroupId"":null,""Profile"":{""attributes"":{""type"":""Profile"",""url"":""/services/data/v53.0/sobjects/Profile/00ed0000000jbtRAAQ""},""Id"":""00ed0000000jbtRAAQ"",""Name"":""ASU Service - Career Services""}}},{""Parent"":{""Id"":""0PSd0000000H4PVGA0"",""Type"":""Profile"",""Label"":""00ed0000000jbu5AAA"",""PermissionSetGroupId"":null,""Profile"":{""attributes"":{""type"":""Profile"",""url"":""/services/data/v53.0/sobjects/Profile/00ed0000000jbu5AAA""},""Id"":""00ed0000000jbu5AAA"",""Name"":""ASU Service - University Academic Success Programs""}}},{""Parent"":{""Id"":""0PSd0000000H4PaGAK"",""Type"":""Profile"",""Label"":""00ed0000000jbuAAAQ"",""PermissionSetGroupId"":null,""Profile"":{""attributes"":{""type"":""Profile"",""url"":""/services/data/v53.0/sobjects/Profile/00ed0000000jbuAAAQ""},""Id"":""00ed0000000jbuAAAQ"",""Name"":""ASU Service - Honors""}}},{""Parent"":{""Id"":""0PSd0000000H4QTGA0"",""Type"":""Profile"",""Label"":""00ed0000000jbujAAA"",""PermissionSetGroupId"":null,""Profile"":{""attributes"":{""type"":""Profile"",""url"":""/services/data/v53.0/sobjects/Profile/00ed0000000jbujAAA""},""Id"":""00ed0000000jbujAAA"",""Name"":""ASU Service - Journalism""}}},{""Parent"":{""Id"":""0PSd0000000H4QYGA0"",""Type"":""Profile"",""Label"":""00ed0000000jbuoAAA"",""PermissionSetGroupId"":null,""Profile"":{""attributes"":{""type"":""Profile"",""url"":""/services/data/v53.0/sobjects/Profile/00ed0000000jbuoAAA""},""Id"":""00ed0000000jbuoAAA"",""Name"":""ASU Service - Office of the University Provost""}}},{""Parent"":{""Id"":""0PSd0000000H3g5GAC"",""Type"":""Profile"",""Label"":""00ed0000000jbV9AAI"",""PermissionSetGroupId"":null,""Profile"":{""attributes"":{""type"":""Profile"",""url"":""/services/data/v53.0/sobjects/Profile/00ed0000000jbV9AAI""},""Id"":""00ed0000000jbV9AAI"",""Name"":""ASU Service - TC - AIS""}}},{""Parent"":{""Id"":""0PSd0000000H3gAGAS"",""Type"":""Profile"",""Label"":""00ed0000000jbVEAAY"",""PermissionSetGroupId"":null,""Profile"":{""attributes"":{""type"":""Profile"",""url"":""/services/data/v53.0/sobjects/Profile/00ed0000000jbVEAAY""},""Id"":""00ed0000000jbVEAAY"",""Name"":""ASU Service - TC  - The Sanford School""}}},{""Parent"":{""Id"":""0PSd0000000H3gFGAS"",""Type"":""Profile"",""Label"":""00ed0000000jbVJAAY"",""PermissionSetGroupId"":null,""Profile"":{""attributes"":{""type"":""Profile"",""url"":""/services/data/v53.0/sobjects/Profile/00ed0000000jbVJAAY""},""Id"":""00ed0000000jbVJAAY"",""Name"":""ASU Service - TC - SST""}}},{""Parent"":{""Id"":""0PSd0000000H3gKGAS"",""Type"":""Profile"",""Label"":""00ed0000000jbVOAAY"",""PermissionSetGroupId"":null,""Profile"":{""attributes"":{""type"":""Profile"",""url"":""/services/data/v53.0/sobjects/Profile/00ed0000000jbVOAAY""},""Id"":""00ed0000000jbVOAAY"",""Name"":""ASU Service - TC - Army ROTC""}}},{""Parent"":{""Id"":""0PSd0000000H4ThGAK"",""Type"":""Profile"",""Label"":""00ed0000000jbwGAAQ"",""PermissionSetGroupId"":null,""Profile"":{""attributes"":{""type"":""Profile"",""url"":""/services/data/v53.0/sobjects/Profile/00ed0000000jbwGAAQ""},""Id"":""00ed0000000jbwGAAQ"",""Name"":""ASU Service - ASU Salesforce Support""}}},{""Parent"":{""Id"":""0PSd0000000H4WlGAK"",""Type"":""Profile"",""Label"":""00ed0000000jbyCAAQ"",""PermissionSetGroupId"":null,""Profile"":{""attributes"":{""type"":""Profile"",""url"":""/services/data/v53.0/sobjects/Profile/00ed0000000jbyCAAQ""},""Id"":""00ed0000000jbyCAAQ"",""Name"":""ASU Service - International Students and Scholars Center""}}},{""Parent"":{""Id"":""0PSd0000000H4XoGAK"",""Type"":""Profile"",""Label"":""00ed0000000jbylAAA"",""PermissionSetGroupId"":null,""Profile"":{""attributes"":{""type"":""Profile"",""url"":""/services/data/v53.0/sobjects/Profile/00ed0000000jbylAAA""},""Id"":""00ed0000000jbylAAA"",""Name"":""ASU Recruitment - Graduate Recruiter""}}},{""Parent"":{""Id"":""0PSd0000000H4ZLGA0"",""Type"":""Profile"",""Label"":""00ed0000000jbz0AAA"",""PermissionSetGroupId"":null,""Profile"":{""attributes"":{""type"":""Profile"",""url"":""/services/data/v53.0/sobjects/Profile/00ed0000000jbz0AAA""},""Id"":""00ed0000000jbz0AAA"",""Name"":""ASU Service - School for the Future of Innovation in Society""}}},{""Parent"":{""Id"":""0PSd0000000H4ZQGA0"",""Type"":""Profile"",""Label"":""00ed0000000jbz5AAA"",""PermissionSetGroupId"":null,""Profile"":{""attributes"":{""type"":""Profile"",""url"":""/services/data/v53.0/sobjects/Profile/00ed0000000jbz5AAA""},""Id"":""00ed0000000jbz5AAA"",""Name"":""ASU Service - American Indian Student Support Services""}}},{""Parent"":{""Id"":""0PSd0000000H4hyGAC"",""Type"":""Profile"",""Label"":""00ed0000000jc4eAAA"",""PermissionSetGroupId"":null,""Profile"":{""attributes"":{""type"":""Profile"",""url"":""/services/data/v53.0/sobjects/Profile/00ed0000000jc4eAAA""},""Id"":""00ed0000000jc4eAAA"",""Name"":""ASU Service - ASU Wellness""}}},{""Parent"":{""Id"":""0PSd0000000H4i3GAC"",""Type"":""Profile"",""Label"":""00ed0000000jc4jAAA"",""PermissionSetGroupId"":null,""Profile"":{""attributes"":{""type"":""Profile"",""url"":""/services/data/v53.0/sobjects/Profile/00ed0000000jc4jAAA""},""Id"":""00ed0000000jc4jAAA"",""Name"":""ASU Service - Student Engagement""}}},{""Parent"":{""Id"":""0PSd0000000H4i8GAC"",""Type"":""Profile"",""Label"":""00ed0000000jc4oAAA"",""PermissionSetGroupId"":null,""Profile"":{""attributes"":{""type"":""Profile"",""url"":""/services/data/v53.0/sobjects/Profile/00ed0000000jc4oAAA""},""Id"":""00ed0000000jc4oAAA"",""Name"":""ASU Service - TRIO""}}},{""Parent"":{""Id"":""0PSd0000000H4iXGAS"",""Type"":""Profile"",""Label"":""00ed0000000jc5DAAQ"",""PermissionSetGroupId"":null,""Profile"":{""attributes"":{""type"":""Profile"",""url"":""/services/data/v53.0/sobjects/Profile/00ed0000000jc5DAAQ""},""Id"":""00ed0000000jc5DAAQ"",""Name"":""ASU Service - TC - Air Force ROTC""}}},{""Parent"":{""Id"":""0PSd0000000H4icGAC"",""Type"":""Profile"",""Label"":""00ed0000000jc5IAAQ"",""PermissionSetGroupId"":null,""Profile"":{""attributes"":{""type"":""Profile"",""url"":""/services/data/v53.0/sobjects/Profile/00ed0000000jc5IAAQ""},""Id"":""00ed0000000jc5IAAQ"",""Name"":""ASU Service - TC - Navy ROTC""}}},{""Parent"":{""Id"":""0PSd0000000H4rKGAS"",""Type"":""Profile"",""Label"":""00ed0000000jc9PAAQ"",""PermissionSetGroupId"":null,""Profile"":{""attributes"":{""type"":""Profile"",""url"":""/services/data/v53.0/sobjects/Profile/00ed0000000jc9PAAQ""},""Id"":""00ed0000000jc9PAAQ"",""Name"":""ASU Service - Fraternity & Sorority Life""}}},{""Parent"":{""Id"":""0PSd0000000H4rPGAS"",""Type"":""Profile"",""Label"":""00ed0000000jc9UAAQ"",""PermissionSetGroupId"":null,""Profile"":{""attributes"":{""type"":""Profile"",""url"":""/services/data/v53.0/sobjects/Profile/00ed0000000jc9UAAQ""},""Id"":""00ed0000000jc9UAAQ"",""Name"":""ASU Service - Dean of Students""}}},{""Parent"":{""Id"":""0PSd0000000H4wyGAC"",""Type"":""Profile"",""Label"":""00ed0000000jcCOAAY"",""PermissionSetGroupId"":null,""Profile"":{""attributes"":{""type"":""Profile"",""url"":""/services/data/v53.0/sobjects/Profile/00ed0000000jcCOAAY""},""Id"":""00ed0000000jcCOAAY"",""Name"":""ASU Service - Enterprise Marketing Hub""}}},{""Parent"":{""Id"":""0PSd0000000H4x3GAC"",""Type"":""Profile"",""Label"":""00ed0000000jcCTAAY"",""PermissionSetGroupId"":null,""Profile"":{""attributes"":{""type"":""Profile"",""url"":""/services/data/v53.0/sobjects/Profile/00ed0000000jcCTAAY""},""Id"":""00ed0000000jcCTAAY"",""Name"":""ASU Service - Print Anywhere Tier 2""}}},{""Parent"":{""Id"":""0PSd0000000H4x8GAC"",""Type"":""Profile"",""Label"":""00ed0000000jcCYAAY"",""PermissionSetGroupId"":null,""Profile"":{""attributes"":{""type"":""Profile"",""url"":""/services/data/v53.0/sobjects/Profile/00ed0000000jcCYAAY""},""Id"":""00ed0000000jcCYAAY"",""Name"":""ASU Service - Sun Devil Fitness""}}},{""Parent"":{""Id"":""0PSd0000000H523GAC"",""Type"":""Profile"",""Label"":""00ed0000000jcFDAAY"",""PermissionSetGroupId"":null,""Profile"":{""attributes"":{""type"":""Profile"",""url"":""/services/data/v53.0/sobjects/Profile/00ed0000000jcFDAAY""},""Id"":""00ed0000000jcFDAAY"",""Name"":""ASU Service - MU Information Desk""}}},{""Parent"":{""Id"":""0PSd0000000H55HGAS"",""Type"":""Profile"",""Label"":""00ed0000000jcGQAAY"",""PermissionSetGroupId"":null,""Profile"":{""attributes"":{""type"":""Profile"",""url"":""/services/data/v53.0/sobjects/Profile/00ed0000000jcGQAAY""},""Id"":""00ed0000000jcGQAAY"",""Name"":""ASU Service - Sun Devil Dining""}}},{""Parent"":{""Id"":""0PSd0000000H5zBGAS"",""Type"":""Profile"",""Label"":""00ed0000000jcPXAAY"",""PermissionSetGroupId"":null,""Profile"":{""attributes"":{""type"":""Profile"",""url"":""/services/data/v53.0/sobjects/Profile/00ed0000000jcPXAAY""},""Id"":""00ed0000000jcPXAAY"",""Name"":""ASU Service - Student Government""}}},{""Parent"":{""Id"":""0PSd0000000H6BWGA0"",""Type"":""Profile"",""Label"":""00ed0000000jcWYAAY"",""PermissionSetGroupId"":null,""Profile"":{""attributes"":{""type"":""Profile"",""url"":""/services/data/v53.0/sobjects/Profile/00ed0000000jcWYAAY""},""Id"":""00ed0000000jcWYAAY"",""Name"":""ASU Service - Strategic Initiatives""}}},{""Parent"":{""Id"":""0PSd0000000qjenGAA"",""Type"":""Profile"",""Label"":""00ed00000019invAAA"",""PermissionSetGroupId"":null,""Profile"":{""attributes"":{""type"":""Profile"",""url"":""/services/data/v53.0/sobjects/Profile/00ed00000019invAAA""},""Id"":""00ed00000019invAAA"",""Name"":""ASU Read Only""}}},{""Parent"":{""Id"":""0PSd0000000qUhbGAE"",""Type"":""Profile"",""Label"":""00ed00000019TqNAAU"",""PermissionSetGroupId"":null,""Profile"":{""attributes"":{""type"":""Profile"",""url"":""/services/data/v53.0/sobjects/Profile/00ed00000019TqNAAU""},""Id"":""00ed00000019TqNAAU"",""Name"":""ASU Marketing User""}}},{""Parent"":{""Id"":""0PSd0000000qzaSGAQ"",""Type"":""Profile"",""Label"":""00ed00000019yBlAAI"",""PermissionSetGroupId"":null,""Profile"":{""attributes"":{""type"":""Profile"",""url"":""/services/data/v53.0/sobjects/Profile/00ed00000019yBlAAI""},""Id"":""00ed00000019yBlAAI"",""Name"":""ASU Service - Financial Aid""}}},{""Parent"":{""Id"":""0PSd0000000qzawGAA"",""Type"":""Profile"",""Label"":""00ed00000019yC5AAI"",""PermissionSetGroupId"":null,""Profile"":{""attributes"":{""type"":""Profile"",""url"":""/services/data/v53.0/sobjects/Profile/00ed00000019yC5AAI""},""Id"":""00ed00000019yC5AAI"",""Name"":""ASU Service - Registrar""}}},{""Parent"":{""Id"":""0PSd0000000qzb1GAA"",""Type"":""Profile"",""Label"":""00ed00000019yCAAAY"",""PermissionSetGroupId"":null,""Profile"":{""attributes"":{""type"":""Profile"",""url"":""/services/data/v53.0/sobjects/Profile/00ed00000019yCAAAY""},""Id"":""00ed00000019yCAAAY"",""Name"":""ASU Service - Student Business Services""}}},{""Parent"":{""Id"":""0PSd0000000qzl5GAA"",""Type"":""Profile"",""Label"":""00ed00000019yKBAAY"",""PermissionSetGroupId"":null,""Profile"":{""attributes"":{""type"":""Profile"",""url"":""/services/data/v53.0/sobjects/Profile/00ed00000019yKBAAY""},""Id"":""00ed00000019yKBAAY"",""Name"":""ASU View All Data""}}},{""Parent"":{""Id"":""0PSd0000000r0cAGAQ"",""Type"":""Profile"",""Label"":""00ed00000019z62AAA"",""PermissionSetGroupId"":null,""Profile"":{""attributes"":{""type"":""Profile"",""url"":""/services/data/v53.0/sobjects/Profile/00ed00000019z62AAA""},""Id"":""00ed00000019z62AAA"",""Name"":""ASU Service - ASU Online""}}},{""Parent"":{""Id"":""0PSd0000000r0cFGAQ"",""Type"":""Profile"",""Label"":""00ed00000019z67AAA"",""PermissionSetGroupId"":null,""Profile"":{""attributes"":{""type"":""Profile"",""url"":""/services/data/v53.0/sobjects/Profile/00ed00000019z67AAA""},""Id"":""00ed00000019z67AAA"",""Name"":""ASU Service - ESM Online""}}},{""Parent"":{""Id"":""0PSd0000000r0cKGAQ"",""Type"":""Profile"",""Label"":""00ed00000019z6CAAQ"",""PermissionSetGroupId"":null,""Profile"":{""attributes"":{""type"":""Profile"",""url"":""/services/data/v53.0/sobjects/Profile/00ed00000019z6CAAQ""},""Id"":""00ed00000019z6CAAQ"",""Name"":""ASU Service - Help Desk""}}},{""Parent"":{""Id"":""0PSd0000000r0qtGAA"",""Type"":""Profile"",""Label"":""00ed00000019zIqAAI"",""PermissionSetGroupId"":null,""Profile"":{""attributes"":{""type"":""Profile"",""url"":""/services/data/v53.0/sobjects/Profile/00ed00000019zIqAAI""},""Id"":""00ed00000019zIqAAI"",""Name"":""ASU Service - W. P. Carey Tech Services""}}},{""Parent"":{""Id"":""0PSd0000000r1SFGAY"",""Type"":""Profile"",""Label"":""00ed00000019zqdAAA"",""PermissionSetGroupId"":null,""Profile"":{""attributes"":{""type"":""Profile"",""url"":""/services/data/v53.0/sobjects/Profile/00ed00000019zqdAAA""},""Id"":""00ed00000019zqdAAA"",""Name"":""ASU Service - Tech Studio""}}},{""Parent"":{""Id"":""0PSd0000000r1SKGAY"",""Type"":""Profile"",""Label"":""00ed00000019zqiAAA"",""PermissionSetGroupId"":null,""Profile"":{""attributes"":{""type"":""Profile"",""url"":""/services/data/v53.0/sobjects/Profile/00ed00000019zqiAAA""},""Id"":""00ed00000019zqiAAA"",""Name"":""ASU Service - Engineering IT""}}},{""Parent"":{""Id"":""0PSd0000000r1SAGAY"",""Type"":""Profile"",""Label"":""00ed00000019zqYAAQ"",""PermissionSetGroupId"":null,""Profile"":{""attributes"":{""type"":""Profile"",""url"":""/services/data/v53.0/sobjects/Profile/00ed00000019zqYAAQ""},""Id"":""00ed00000019zqYAAQ"",""Name"":""ASU Service - Identity Management""}}},{""Parent"":{""Id"":""0PSd0000000r2e7GAA"",""Type"":""Profile"",""Label"":""00ed0000001A0pMAAS"",""PermissionSetGroupId"":null,""Profile"":{""attributes"":{""type"":""Profile"",""url"":""/services/data/v53.0/sobjects/Profile/00ed0000001A0pMAAS""},""Id"":""00ed0000001A0pMAAS"",""Name"":""ASU Service - Student Success Innovations""}}},{""Parent"":{""Id"":""0PSd0000000r2eCGAQ"",""Type"":""Profile"",""Label"":""00ed0000001A0pRAAS"",""PermissionSetGroupId"":null,""Profile"":{""attributes"":{""type"":""Profile"",""url"":""/services/data/v53.0/sobjects/Profile/00ed0000001A0pRAAS""},""Id"":""00ed0000001A0pRAAS"",""Name"":""ASU Service - Office of the President""}}},{""Parent"":{""Id"":""0PSd0000000r28IGAQ"",""Type"":""Profile"",""Label"":""00ed0000001A0PwAAK"",""PermissionSetGroupId"":null,""Profile"":{""attributes"":{""type"":""Profile"",""url"":""/services/data/v53.0/sobjects/Profile/00ed0000001A0PwAAK""},""Id"":""00ed0000001A0PwAAK"",""Name"":""ASU Service - Library Services(ARCHIVE)""}}},{""Parent"":{""Id"":""0PSd0000000r3amGAA"",""Type"":""Profile"",""Label"":""00ed0000001A1eqAAC"",""PermissionSetGroupId"":null,""Profile"":{""attributes"":{""type"":""Profile"",""url"":""/services/data/v53.0/sobjects/Profile/00ed0000001A1eqAAC""},""Id"":""00ed0000001A1eqAAC"",""Name"":""ASU Service - Integrated Services""}}},{""Parent"":{""Id"":""0PSd0000000r39YGAQ"",""Type"":""Profile"",""Label"":""00ed0000001A1GfAAK"",""PermissionSetGroupId"":null,""Profile"":{""attributes"":{""type"":""Profile"",""url"":""/services/data/v53.0/sobjects/Profile/00ed0000001A1GfAAK""},""Id"":""00ed0000001A1GfAAK"",""Name"":""ASU Service - TEMPLATE""}}},{""Parent"":{""Id"":""0PSd0000000r3KbGAI"",""Type"":""Profile"",""Label"":""00ed0000001A1OlAAK"",""PermissionSetGroupId"":null,""Profile"":{""attributes"":{""type"":""Profile"",""url"":""/services/data/v53.0/sobjects/Profile/00ed0000001A1OlAAK""},""Id"":""00ed0000001A1OlAAK"",""Name"":""ASU Service - Graduate College""}}},{""Parent"":{""Id"":""0PSd0000000r3syGAA"",""Type"":""Profile"",""Label"":""00ed0000001A1s3AAC"",""PermissionSetGroupId"":null,""Profile"":{""attributes"":{""type"":""Profile"",""url"":""/services/data/v53.0/sobjects/Profile/00ed0000001A1s3AAC""},""Id"":""00ed0000001A1s3AAC"",""Name"":""ASU Recruitment - Applicant Services""}}},{""Parent"":{""Id"":""0PSd0000000r3t3GAA"",""Type"":""Profile"",""Label"":""00ed0000001A1s8AAC"",""PermissionSetGroupId"":null,""Profile"":{""attributes"":{""type"":""Profile"",""url"":""/services/data/v53.0/sobjects/Profile/00ed0000001A1s8AAC""},""Id"":""00ed0000001A1s8AAC"",""Name"":""ASU Recruitment - Business Operations""}}},{""Parent"":{""Id"":""0PSd0000000r3t8GAA"",""Type"":""Profile"",""Label"":""00ed0000001A1sDAAS"",""PermissionSetGroupId"":null,""Profile"":{""attributes"":{""type"":""Profile"",""url"":""/services/data/v53.0/sobjects/Profile/00ed0000001A1sDAAS""},""Id"":""00ed0000001A1sDAAS"",""Name"":""ASU Recruitment - Freshman Recruiter""}}},{""Parent"":{""Id"":""0PSd0000000r3tcGAA"",""Type"":""Profile"",""Label"":""00ed0000001A1shAAC"",""PermissionSetGroupId"":null,""Profile"":{""attributes"":{""type"":""Profile"",""url"":""/services/data/v53.0/sobjects/Profile/00ed0000001A1shAAC""},""Id"":""00ed0000001A1shAAC"",""Name"":""ASU Recruitment - Admission Services""}}},{""Parent"":{""Id"":""0PSd0000000r3tDGAQ"",""Type"":""Profile"",""Label"":""00ed0000001A1sIAAS"",""PermissionSetGroupId"":null,""Profile"":{""attributes"":{""type"":""Profile"",""url"":""/services/data/v53.0/sobjects/Profile/00ed0000001A1sIAAS""},""Id"":""00ed0000001A1sIAAS"",""Name"":""ASU Recruitment - Transfer Recruiter""}}},{""Parent"":{""Id"":""0PSd0000000r3tIGAQ"",""Type"":""Profile"",""Label"":""00ed0000001A1sNAAS"",""PermissionSetGroupId"":null,""Profile"":{""attributes"":{""type"":""Profile"",""url"":""/services/data/v53.0/sobjects/Profile/00ed0000001A1sNAAS""},""Id"":""00ed0000001A1sNAAS"",""Name"":""ASU Recruitment - International Recruiter""}}},{""Parent"":{""Id"":""0PSd0000000r3tNGAQ"",""Type"":""Profile"",""Label"":""00ed0000001A1sSAAS"",""PermissionSetGroupId"":null,""Profile"":{""attributes"":{""type"":""Profile"",""url"":""/services/data/v53.0/sobjects/Profile/00ed0000001A1sSAAS""},""Id"":""00ed0000001A1sSAAS"",""Name"":""ASU Recruitment - Events""}}},{""Parent"":{""Id"":""0PSd0000000r3tSGAQ"",""Type"":""Profile"",""Label"":""00ed0000001A1sXAAS"",""PermissionSetGroupId"":null,""Profile"":{""attributes"":{""type"":""Profile"",""url"":""/services/data/v53.0/sobjects/Profile/00ed0000001A1sXAAS""},""Id"":""00ed0000001A1sXAAS"",""Name"":""ASU Recruitment - Havasu""}}},{""Parent"":{""Id"":""0PSd0000000r453GAA"",""Type"":""Profile"",""Label"":""00ed0000001A204AAC"",""PermissionSetGroupId"":null,""Profile"":{""attributes"":{""type"":""Profile"",""url"":""/services/data/v53.0/sobjects/Profile/00ed0000001A204AAC""},""Id"":""00ed0000001A204AAC"",""Name"":""ASU Recruitment - Leads (ESISD)""}}},{""Parent"":{""Id"":""0PSd0000000r49zGAA"",""Type"":""Profile"",""Label"":""00ed0000001A24iAAC"",""PermissionSetGroupId"":null,""Profile"":{""attributes"":{""type"":""Profile"",""url"":""/services/data/v53.0/sobjects/Profile/00ed0000001A24iAAC""},""Id"":""00ed0000001A24iAAC"",""Name"":""ASU Corporate Relations""}}},{""Parent"":{""Id"":""0PSd0000000r4s2GAA"",""Type"":""Profile"",""Label"":""00ed0000001A2dLAAS"",""PermissionSetGroupId"":null,""Profile"":{""attributes"":{""type"":""Profile"",""url"":""/services/data/v53.0/sobjects/Profile/00ed0000001A2dLAAS""},""Id"":""00ed0000001A2dLAAS"",""Name"":""ASU Service - Engineering - Dean's Office""}}},{""Parent"":{""Id"":""0PSd0000000r4tZGAQ"",""Type"":""Profile"",""Label"":""00ed0000001A2eaAAC"",""PermissionSetGroupId"":null,""Profile"":{""attributes"":{""type"":""Profile"",""url"":""/services/data/v53.0/sobjects/Profile/00ed0000001A2eaAAC""},""Id"":""00ed0000001A2eaAAC"",""Name"":""ASU Service - Engineering - GOEE""}}},{""Parent"":{""Id"":""0PSd0000000r4teGAA"",""Type"":""Profile"",""Label"":""00ed0000001A2efAAC"",""PermissionSetGroupId"":null,""Profile"":{""attributes"":{""type"":""Profile"",""url"":""/services/data/v53.0/sobjects/Profile/00ed0000001A2efAAC""},""Id"":""00ed0000001A2efAAC"",""Name"":""ASU Service - Engineering - Poly""}}},{""Parent"":{""Id"":""0PSd0000000r4tjGAA"",""Type"":""Profile"",""Label"":""00ed0000001A2ekAAC"",""PermissionSetGroupId"":null,""Profile"":{""attributes"":{""type"":""Profile"",""url"":""/services/data/v53.0/sobjects/Profile/00ed0000001A2ekAAC""},""Id"":""00ed0000001A2ekAAC"",""Name"":""ASU Service - Engineering - SBHSE""}}},{""Parent"":{""Id"":""0PSd0000000r4toGAA"",""Type"":""Profile"",""Label"":""00ed0000001A2epAAC"",""PermissionSetGroupId"":null,""Profile"":{""attributes"":{""type"":""Profile"",""url"":""/services/data/v53.0/sobjects/Profile/00ed0000001A2epAAC""},""Id"":""00ed0000001A2epAAC"",""Name"":""ASU Service - Engineering - SEMTE""}}},{""Parent"":{""Id"":""0PSd0000000r4ttGAA"",""Type"":""Profile"",""Label"":""00ed0000001A2euAAC"",""PermissionSetGroupId"":null,""Profile"":{""attributes"":{""type"":""Profile"",""url"":""/services/data/v53.0/sobjects/Profile/00ed0000001A2euAAC""},""Id"":""00ed0000001A2euAAC"",""Name"":""ASU Service - Engineering - SSEBE""}}},{""Parent"":{""Id"":""0PSd0000000r4tUGAQ"",""Type"":""Profile"",""Label"":""00ed0000001A2eVAAS"",""PermissionSetGroupId"":null,""Profile"":{""attributes"":{""type"":""Profile"",""url"":""/services/data/v53.0/sobjects/Profile/00ed0000001A2eVAAS""},""Id"":""00ed0000001A2eVAAS"",""Name"":""ASU Service - Engineering - ECEE""}}},{""Parent"":{""Id"":""0PSd0000000r4tyGAA"",""Type"":""Profile"",""Label"":""00ed0000001A2ezAAC"",""PermissionSetGroupId"":null,""Profile"":{""attributes"":{""type"":""Profile"",""url"":""/services/data/v53.0/sobjects/Profile/00ed0000001A2ezAAC""},""Id"":""00ed0000001A2ezAAC"",""Name"":""ASU Service - Engineering - CIDSE""}}},{""Parent"":{""Id"":""0PSd0000000r4bhGAA"",""Type"":""Profile"",""Label"":""00ed0000001A2QNAA0"",""PermissionSetGroupId"":null,""Profile"":{""attributes"":{""type"":""Profile"",""url"":""/services/data/v53.0/sobjects/Profile/00ed0000001A2QNAA0""},""Id"":""00ed0000001A2QNAA0"",""Name"":""ASU Service - Access ASU Outreach""}}},{""Parent"":{""Id"":""0PSd0000000r5c8GAA"",""Type"":""Profile"",""Label"":""00ed0000001A3CUAA0"",""PermissionSetGroupId"":null,""Profile"":{""attributes"":{""type"":""Profile"",""url"":""/services/data/v53.0/sobjects/Profile/00ed0000001A3CUAA0""},""Id"":""00ed0000001A3CUAA0"",""Name"":""ASU Service - New Student Programs""}}},{""Parent"":{""Id"":""0PSd0000000r6MUGAY"",""Type"":""Profile"",""Label"":""00ed0000001A3nIAAS"",""PermissionSetGroupId"":null,""Profile"":{""attributes"":{""type"":""Profile"",""url"":""/services/data/v53.0/sobjects/Profile/00ed0000001A3nIAAS""},""Id"":""00ed0000001A3nIAAS"",""Name"":""ASU Service - University Housing""}}},{""Parent"":{""Id"":""0PSd0000000r60sGAA"",""Type"":""Profile"",""Label"":""00ed0000001A3X8AAK"",""PermissionSetGroupId"":null,""Profile"":{""attributes"":{""type"":""Profile"",""url"":""/services/data/v53.0/sobjects/Profile/00ed0000001A3X8AAK""},""Id"":""00ed0000001A3X8AAK"",""Name"":""ASU Training - College of ASU""}}},{""Parent"":{""Id"":""0PSd0000000r60xGAA"",""Type"":""Profile"",""Label"":""00ed0000001A3XDAA0"",""PermissionSetGroupId"":null,""Profile"":{""attributes"":{""type"":""Profile"",""url"":""/services/data/v53.0/sobjects/Profile/00ed0000001A3XDAA0""},""Id"":""00ed0000001A3XDAA0"",""Name"":""ASU Training - Department of ASU""}}},{""Parent"":{""Id"":""0PSd0000000r6ggGAA"",""Type"":""Profile"",""Label"":""00ed0000001A41pAAC"",""PermissionSetGroupId"":null,""Profile"":{""attributes"":{""type"":""Profile"",""url"":""/services/data/v53.0/sobjects/Profile/00ed0000001A41pAAC""},""Id"":""00ed0000001A41pAAC"",""Name"":""ASU Service - Sustainability""}}},{""Parent"":{""Id"":""0PSd0000000r6pgGAA"",""Type"":""Profile"",""Label"":""00ed0000001A49IAAS"",""PermissionSetGroupId"":null,""Profile"":{""attributes"":{""type"":""Profile"",""url"":""/services/data/v53.0/sobjects/Profile/00ed0000001A49IAAS""},""Id"":""00ed0000001A49IAAS"",""Name"":""ASU Service - Teachers College""}}},{""Parent"":{""Id"":""0PSd0000000r7PNGAY"",""Type"":""Profile"",""Label"":""00ed0000001A4dEAAS"",""PermissionSetGroupId"":null,""Profile"":{""attributes"":{""type"":""Profile"",""url"":""/services/data/v53.0/sobjects/Profile/00ed0000001A4dEAAS""},""Id"":""00ed0000001A4dEAAS"",""Name"":""ASU Service - Public Service""}}},{""Parent"":{""Id"":""0PSd0000000r7C5GAI"",""Type"":""Profile"",""Label"":""00ed0000001A4OpAAK"",""PermissionSetGroupId"":null,""Profile"":{""attributes"":{""type"":""Profile"",""url"":""/services/data/v53.0/sobjects/Profile/00ed0000001A4OpAAK""},""Id"":""00ed0000001A4OpAAK"",""Name"":""ASU Service - Nursing""}}},{""Parent"":{""Id"":""0PSd0000000r7FiGAI"",""Type"":""Profile"",""Label"":""00ed0000001A4RAAA0"",""PermissionSetGroupId"":null,""Profile"":{""attributes"":{""type"":""Profile"",""url"":""/services/data/v53.0/sobjects/Profile/00ed0000001A4RAAA0""},""Id"":""00ed0000001A4RAAA0"",""Name"":""ASU Service - Health Solutions""}}},{""Parent"":{""Id"":""0PSd0000000r7nEGAQ"",""Type"":""Profile"",""Label"":""00ed0000001A4x8AAC"",""PermissionSetGroupId"":null,""Profile"":{""attributes"":{""type"":""Profile"",""url"":""/services/data/v53.0/sobjects/Profile/00ed0000001A4x8AAC""},""Id"":""00ed0000001A4x8AAC"",""Name"":""ASU Service - New College""}}},{""Parent"":{""Id"":""0PSd0000000r7tuGAA"",""Type"":""Profile"",""Label"":""00ed0000001A52VAAS"",""PermissionSetGroupId"":null,""Profile"":{""attributes"":{""type"":""Profile"",""url"":""/services/data/v53.0/sobjects/Profile/00ed0000001A52VAAS""},""Id"":""00ed0000001A52VAAS"",""Name"":""ASU Service - Universal Learner Courses""}}},{""Parent"":{""Id"":""0PSd0000000r7v8GAA"",""Type"":""Profile"",""Label"":""00ed0000001A53VAAS"",""PermissionSetGroupId"":null,""Profile"":{""attributes"":{""type"":""Profile"",""url"":""/services/data/v53.0/sobjects/Profile/00ed0000001A53VAAS""},""Id"":""00ed0000001A53VAAS"",""Name"":""ASU Service - LMS Support""}}},{""Parent"":{""Id"":""0PSd0000000r8fDGAQ"",""Type"":""Profile"",""Label"":""00ed0000001A5dbAAC"",""PermissionSetGroupId"":null,""Profile"":{""attributes"":{""type"":""Profile"",""url"":""/services/data/v53.0/sobjects/Profile/00ed0000001A5dbAAC""},""Id"":""00ed0000001A5dbAAC"",""Name"":""ASU Service - Academic Transfer Credit Solutions""}}},{""Parent"":{""Id"":""0PSd0000000r8gGGAQ"",""Type"":""Profile"",""Label"":""00ed0000001A5e5AAC"",""PermissionSetGroupId"":null,""Profile"":{""attributes"":{""type"":""Profile"",""url"":""/services/data/v53.0/sobjects/Profile/00ed0000001A5e5AAC""},""Id"":""00ed0000001A5e5AAC"",""Name"":""ASU Service - TC - Dean's Office""}}},{""Parent"":{""Id"":""0PSd0000000r8zQGAQ"",""Type"":""Profile"",""Label"":""00ed0000001A5pHAAS"",""PermissionSetGroupId"":null,""Profile"":{""attributes"":{""type"":""Profile"",""url"":""/services/data/v53.0/sobjects/Profile/00ed0000001A5pHAAS""},""Id"":""00ed0000001A5pHAAS"",""Name"":""ASU Service - TC - English""}}},{""Parent"":{""Id"":""0PSd0000000r8zVGAQ"",""Type"":""Profile"",""Label"":""00ed0000001A5pMAAS"",""PermissionSetGroupId"":null,""Profile"":{""attributes"":{""type"":""Profile"",""url"":""/services/data/v53.0/sobjects/Profile/00ed0000001A5pMAAS""},""Id"":""00ed0000001A5pMAAS"",""Name"":""ASU Service - TC - SILC""}}},{""Parent"":{""Id"":""0PSd0000000r8zaGAA"",""Type"":""Profile"",""Label"":""00ed0000001A5pRAAS"",""PermissionSetGroupId"":null,""Profile"":{""attributes"":{""type"":""Profile"",""url"":""/services/data/v53.0/sobjects/Profile/00ed0000001A5pRAAS""},""Id"":""00ed0000001A5pRAAS"",""Name"":""ASU Service - TC - SHPRS""}}},{""Parent"":{""Id"":""0PSd0000000r93BGAQ"",""Type"":""Profile"",""Label"":""00ed0000001A5rcAAC"",""PermissionSetGroupId"":null,""Profile"":{""attributes"":{""type"":""Profile"",""url"":""/services/data/v53.0/sobjects/Profile/00ed0000001A5rcAAC""},""Id"":""00ed0000001A5rcAAC"",""Name"":""ASU Service - TC - SESE""}}},{""Parent"":{""Id"":""0PSd0000000r92mGAA"",""Type"":""Profile"",""Label"":""00ed0000001A5rDAAS"",""PermissionSetGroupId"":null,""Profile"":{""attributes"":{""type"":""Profile"",""url"":""/services/data/v53.0/sobjects/Profile/00ed0000001A5rDAAS""},""Id"":""00ed0000001A5rDAAS"",""Name"":""ASU Service - TC - SOLS""}}},{""Parent"":{""Id"":""0PSd0000000r92rGAA"",""Type"":""Profile"",""Label"":""00ed0000001A5rIAAS"",""PermissionSetGroupId"":null,""Profile"":{""attributes"":{""type"":""Profile"",""url"":""/services/data/v53.0/sobjects/Profile/00ed0000001A5rIAAS""},""Id"":""00ed0000001A5rIAAS"",""Name"":""ASU Service - TC - SoMSS""}}},{""Parent"":{""Id"":""0PSd0000000r92wGAA"",""Type"":""Profile"",""Label"":""00ed0000001A5rNAAS"",""PermissionSetGroupId"":null,""Profile"":{""attributes"":{""type"":""Profile"",""url"":""/services/data/v53.0/sobjects/Profile/00ed0000001A5rNAAS""},""Id"":""00ed0000001A5rNAAS"",""Name"":""ASU Service - TC  - SMS""}}},{""Parent"":{""Id"":""0PSd0000000r931GAA"",""Type"":""Profile"",""Label"":""00ed0000001A5rSAAS"",""PermissionSetGroupId"":null,""Profile"":{""attributes"":{""type"":""Profile"",""url"":""/services/data/v53.0/sobjects/Profile/00ed0000001A5rSAAS""},""Id"":""00ed0000001A5rSAAS"",""Name"":""ASU Service - TC - Physics""}}},{""Parent"":{""Id"":""0PSd0000000r936GAA"",""Type"":""Profile"",""Label"":""00ed0000001A5rXAAS"",""PermissionSetGroupId"":null,""Profile"":{""attributes"":{""type"":""Profile"",""url"":""/services/data/v53.0/sobjects/Profile/00ed0000001A5rXAAS""},""Id"":""00ed0000001A5rXAAS"",""Name"":""ASU Service - TC - Psychology""}}},{""Parent"":{""Id"":""0PSd0000000r8PUGAY"",""Type"":""Profile"",""Label"":""00ed0000001A5S7AAK"",""PermissionSetGroupId"":null,""Profile"":{""attributes"":{""type"":""Profile"",""url"":""/services/data/v53.0/sobjects/Profile/00ed0000001A5S7AAK""},""Id"":""00ed0000001A5S7AAK"",""Name"":""ASU Service - Curricular Activities and Actions""}}},{""Parent"":{""Id"":""0PSd0000000r97mGAA"",""Type"":""Profile"",""Label"":""00ed0000001A5udAAC"",""PermissionSetGroupId"":null,""Profile"":{""attributes"":{""type"":""Profile"",""url"":""/services/data/v53.0/sobjects/Profile/00ed0000001A5udAAC""},""Id"":""00ed0000001A5udAAC"",""Name"":""ASU Service - TC - STS""}}},{""Parent"":{""Id"":""0PSd0000000r97SGAQ"",""Type"":""Profile"",""Label"":""00ed0000001A5uJAAS"",""PermissionSetGroupId"":null,""Profile"":{""attributes"":{""type"":""Profile"",""url"":""/services/data/v53.0/sobjects/Profile/00ed0000001A5uJAAS""},""Id"":""00ed0000001A5uJAAS"",""Name"":""ASU Service - TC - SGSUP""}}},{""Parent"":{""Id"":""0PSd0000000r97XGAQ"",""Type"":""Profile"",""Label"":""00ed0000001A5uOAAS"",""PermissionSetGroupId"":null,""Profile"":{""attributes"":{""type"":""Profile"",""url"":""/services/data/v53.0/sobjects/Profile/00ed0000001A5uOAAS""},""Id"":""00ed0000001A5uOAAS"",""Name"":""ASU Service - TC - HDSHC""}}},{""Parent"":{""Id"":""0PSd0000000r97cGAA"",""Type"":""Profile"",""Label"":""00ed0000001A5uTAAS"",""PermissionSetGroupId"":null,""Profile"":{""attributes"":{""type"":""Profile"",""url"":""/services/data/v53.0/sobjects/Profile/00ed0000001A5uTAAS""},""Id"":""00ed0000001A5uTAAS"",""Name"":""ASU Service - TC - SPGS""}}},{""Parent"":{""Id"":""0PSd0000000r97hGAA"",""Type"":""Profile"",""Label"":""00ed0000001A5uYAAS"",""PermissionSetGroupId"":null,""Profile"":{""attributes"":{""type"":""Profile"",""url"":""/services/data/v53.0/sobjects/Profile/00ed0000001A5uYAAS""},""Id"":""00ed0000001A5uYAAS"",""Name"":""ASU Service - TC - SHESC""}}},{""Parent"":{""Id"":""0PSd0000000r9AFGAY"",""Type"":""Profile"",""Label"":""00ed0000001A5vnAAC"",""PermissionSetGroupId"":null,""Profile"":{""attributes"":{""type"":""Profile"",""url"":""/services/data/v53.0/sobjects/Profile/00ed0000001A5vnAAC""},""Id"":""00ed0000001A5vnAAC"",""Name"":""ASU Service - Integrative Sciences and Arts""}}},{""Parent"":{""Id"":""0PSd0000000r8ZaGAI"",""Type"":""Profile"",""Label"":""00ed0000001A5ZRAA0"",""PermissionSetGroupId"":null,""Profile"":{""attributes"":{""type"":""Profile"",""url"":""/services/data/v53.0/sobjects/Profile/00ed0000001A5ZRAA0""},""Id"":""00ed0000001A5ZRAA0"",""Name"":""ASU Service - Global Education Office""}}},{""Parent"":{""Id"":""0PSd0000000rAdhGAE"",""Type"":""Profile"",""Label"":""00ed0000001A6alAAC"",""PermissionSetGroupId"":null,""Profile"":{""attributes"":{""type"":""Profile"",""url"":""/services/data/v53.0/sobjects/Profile/00ed0000001A6alAAC""},""Id"":""00ed0000001A6alAAC"",""Name"":""ASU Service - Student & Cultural Engagement""}}},{""Parent"":{""Id"":""0PSd0000000rAdmGAE"",""Type"":""Profile"",""Label"":""00ed0000001A6aqAAC"",""PermissionSetGroupId"":null,""Profile"":{""attributes"":{""type"":""Profile"",""url"":""/services/data/v53.0/sobjects/Profile/00ed0000001A6aqAAC""},""Id"":""00ed0000001A6aqAAC"",""Name"":""ASU Service - International Student Engagement""}}},{""Parent"":{""Id"":""0PSd0000000rAdrGAE"",""Type"":""Profile"",""Label"":""00ed0000001A6avAAC"",""PermissionSetGroupId"":null,""Profile"":{""attributes"":{""type"":""Profile"",""url"":""/services/data/v53.0/sobjects/Profile/00ed0000001A6avAAC""},""Id"":""00ed0000001A6avAAC"",""Name"":""ASU Service - Changemaker Central""}}},{""Parent"":{""Id"":""0PSd0000001o7EsGAI"",""Type"":""Profile"",""Label"":""00ed0000002FFRcAAO"",""PermissionSetGroupId"":null,""Profile"":{""attributes"":{""type"":""Profile"",""url"":""/services/data/v53.0/sobjects/Profile/00ed0000002FFRcAAO""},""Id"":""00ed0000002FFRcAAO"",""Name"":""ASU Recruitment - Freshman Recruiter (Temp Access to Org Wide)""}}},{""Parent"":{""Id"":""0PSd0000001o7ETGAY"",""Type"":""Profile"",""Label"":""00ed0000002FFRSAA4"",""PermissionSetGroupId"":null,""Profile"":{""attributes"":{""type"":""Profile"",""url"":""/services/data/v53.0/sobjects/Profile/00ed0000002FFRSAA4""},""Id"":""00ed0000002FFRSAA4"",""Name"":""ASU Service - Sun Devil Athletics""}}},{""Parent"":{""Id"":""0PSd0000001o7HmGAI"",""Type"":""Profile"",""Label"":""00ed0000002FFSLAA4"",""PermissionSetGroupId"":null,""Profile"":{""attributes"":{""type"":""Profile"",""url"":""/services/data/v53.0/sobjects/Profile/00ed0000002FFSLAA4""},""Id"":""00ed0000002FFSLAA4"",""Name"":""ASU Service - Office of the President (Temp Access to Org Wide)""}}},{""Parent"":{""Id"":""0PSd0000001o7VKGAY"",""Type"":""Profile"",""Label"":""00ed0000002FFY4AAO"",""PermissionSetGroupId"":null,""Profile"":{""attributes"":{""type"":""Profile"",""url"":""/services/data/v53.0/sobjects/Profile/00ed0000002FFY4AAO""},""Id"":""00ed0000002FFY4AAO"",""Name"":""ASU Service - ASU-USA Pathways""}}},{""Parent"":{""Id"":""0PSd0000001sK82GAE"",""Type"":""Profile"",""Label"":""00ed0000002JRvSAAW"",""PermissionSetGroupId"":null,""Profile"":{""attributes"":{""type"":""Profile"",""url"":""/services/data/v53.0/sobjects/Profile/00ed0000002JRvSAAW""},""Id"":""00ed0000002JRvSAAW"",""Name"":""ASU Service - First in the World Grant""}}},{""Parent"":{""Id"":""0PSd0000001sKJBGA2"",""Type"":""Profile"",""Label"":""00ed0000002JRyMAAW"",""PermissionSetGroupId"":null,""Profile"":{""attributes"":{""type"":""Profile"",""url"":""/services/data/v53.0/sobjects/Profile/00ed0000002JRyMAAW""},""Id"":""00ed0000002JRyMAAW"",""Name"":""ASU Service - ITCSS Library Services""}}},{""Parent"":{""Id"":""0PSd0000001sKNNGA2"",""Type"":""Profile"",""Label"":""00ed0000002JS0DAAW"",""PermissionSetGroupId"":null,""Profile"":{""attributes"":{""type"":""Profile"",""url"":""/services/data/v53.0/sobjects/Profile/00ed0000002JS0DAAW""},""Id"":""00ed0000002JS0DAAW"",""Name"":""ASU Service - Success Coach""}}},{""Parent"":{""Id"":""0PSd0000001sKO6GAM"",""Type"":""Profile"",""Label"":""00ed0000002JS0NAAW"",""PermissionSetGroupId"":null,""Profile"":{""attributes"":{""type"":""Profile"",""url"":""/services/data/v53.0/sobjects/Profile/00ed0000002JS0NAAW""},""Id"":""00ed0000002JS0NAAW"",""Name"":""ASU Service - TC - ISSR""}}},{""Parent"":{""Id"":""0PSd0000001jxObGAI"",""Type"":""Profile"",""Label"":""00ed0000002NelYAAS"",""PermissionSetGroupId"":null,""Profile"":{""attributes"":{""type"":""Profile"",""url"":""/services/data/v53.0/sobjects/Profile/00ed0000002NelYAAS""},""Id"":""00ed0000002NelYAAS"",""Name"":""ASU Service - Academic Partnerships""}}},{""Parent"":{""Id"":""0PSd0000001jxa8GAA"",""Type"":""Profile"",""Label"":""00ed0000002Neq4AAC"",""PermissionSetGroupId"":null,""Profile"":{""attributes"":{""type"":""Profile"",""url"":""/services/data/v53.0/sobjects/Profile/00ed0000002Neq4AAC""},""Id"":""00ed0000002Neq4AAC"",""Name"":""ASU Service - Student Accessibility and Inclusive Learning Services""}}},{""Parent"":{""Id"":""0PSd0000001jygbGAA"",""Type"":""Profile"",""Label"":""00ed0000002Nf7AAAS"",""PermissionSetGroupId"":null,""Profile"":{""attributes"":{""type"":""Profile"",""url"":""/services/data/v53.0/sobjects/Profile/00ed0000002Nf7AAAS""},""Id"":""00ed0000002Nf7AAAS"",""Name"":""ASU Recruitment - Business Intelligence""}}},{""Parent"":{""Id"":""0PSd0000000oWPgGAM"",""Type"":""Profile"",""Label"":""00ex00000018ozT_128_09_43_34_1"",""PermissionSetGroupId"":null,""Profile"":{""attributes"":{""type"":""Profile"",""url"":""/services/data/v53.0/sobjects/Profile/00ed00000017IobAAE""},""Id"":""00ed00000017IobAAE"",""Name"":""System Administrator""}}},{""Parent"":{""Id"":""0PS6T000001CZGsWAO"",""Type"":""Regular"",""Label"":""Role: EdPlus Coach Portal (Non-Success Coach)"",""PermissionSetGroupId"":null,""Profile"":null}}]"
"066d0000003BFItAAO","LeadCommunicationHistory_CSV","[{""Parent"":{""Id"":""0PSd0000001sKNNGA2"",""Type"":""Profile"",""Label"":""00ed0000002JS0DAAW"",""PermissionSetGroupId"":null,""Profile"":{""attributes"":{""type"":""Profile"",""url"":""/services/data/v53.0/sobjects/Profile/00ed0000002JS0DAAW""},""Id"":""00ed0000002JS0DAAW"",""Name"":""ASU Service - Success Coach""}}},{""Parent"":{""Id"":""0PSd0000000oWPgGAM"",""Type"":""Profile"",""Label"":""00ex00000018ozT_128_09_43_34_1"",""PermissionSetGroupId"":null,""Profile"":{""attributes"":{""type"":""Profile"",""url"":""/services/data/v53.0/sobjects/Profile/00ed00000017IobAAE""},""Id"":""00ed00000017IobAAE"",""Name"":""System Administrator""}}},{""Parent"":{""Id"":""0PS6T000001CZGsWAO"",""Type"":""Regular"",""Label"":""Role: EdPlus Coach Portal (Non-Success Coach)"",""PermissionSetGroupId"":null,""Profile"":null}}]"
"0660W000003NyrPQAS","LiveAgentPostSurvey","[{""Parent"":{""Id"":""0PS0W000001watlWAA"",""Type"":""Profile"",""Label"":""00e0W000002RsQNQA0"",""PermissionSetGroupId"":null,""Profile"":{""attributes"":{""type"":""Profile"",""url"":""/services/data/v53.0/sobjects/Profile/00e0W000002RsQNQA0""},""Id"":""00e0W000002RsQNQA0"",""Name"":""AsuChat Profile""}}},{""Parent"":{""Id"":""0PSd0000000r0bvGAA"",""Type"":""Profile"",""Label"":""00ed00000019z5nAAA"",""PermissionSetGroupId"":null,""Profile"":{""attributes"":{""type"":""Profile"",""url"":""/services/data/v53.0/sobjects/Profile/00ed00000019z5nAAA""},""Id"":""00ed00000019z5nAAA"",""Name"":""ASU Community""}}},{""Parent"":{""Id"":""0PSd0000000r0c0GAA"",""Type"":""Profile"",""Label"":""00ed00000019z5sAAA"",""PermissionSetGroupId"":null,""Profile"":{""attributes"":{""type"":""Profile"",""url"":""/services/data/v53.0/sobjects/Profile/00ed00000019z5sAAA""},""Id"":""00ed00000019z5sAAA"",""Name"":""ASU Community CAP""}}},{""Parent"":{""Id"":""0PSd0000000oWPgGAM"",""Type"":""Profile"",""Label"":""00ex00000018ozT_128_09_43_34_1"",""PermissionSetGroupId"":null,""Profile"":{""attributes"":{""type"":""Profile"",""url"":""/services/data/v53.0/sobjects/Profile/00ed00000017IobAAE""},""Id"":""00ed00000017IobAAE"",""Name"":""System Administrator""}}}]"
"0660W000003NyrQQAS","LiveAgentPreSurvey","[{""Parent"":{""Id"":""0PSd0000000r0bvGAA"",""Type"":""Profile"",""Label"":""00ed00000019z5nAAA"",""PermissionSetGroupId"":null,""Profile"":{""attributes"":{""type"":""Profile"",""url"":""/services/data/v53.0/sobjects/Profile/00ed00000019z5nAAA""},""Id"":""00ed00000019z5nAAA"",""Name"":""ASU Community""}}},{""Parent"":{""Id"":""0PSd0000000r0c0GAA"",""Type"":""Profile"",""Label"":""00ed00000019z5sAAA"",""PermissionSetGroupId"":null,""Profile"":{""attributes"":{""type"":""Profile"",""url"":""/services/data/v53.0/sobjects/Profile/00ed00000019z5sAAA""},""Id"":""00ed00000019z5sAAA"",""Name"":""ASU Community CAP""}}},{""Parent"":{""Id"":""0PSd0000000oWPgGAM"",""Type"":""Profile"",""Label"":""00ex00000018ozT_128_09_43_34_1"",""PermissionSetGroupId"":null,""Profile"":{""attributes"":{""type"":""Profile"",""url"":""/services/data/v53.0/sobjects/Profile/00ed00000017IobAAE""},""Id"":""00ed00000017IobAAE"",""Name"":""System Administrator""}}}]"
"066d0000002B813AAC","loading","[{""Parent"":{""Id"":""0PS0W000001CNqIWAW"",""Type"":""Profile"",""Label"":""00e0W000001hh6oQAA"",""PermissionSetGroupId"":null,""Profile"":{""attributes"":{""type"":""Profile"",""url"":""/services/data/v53.0/sobjects/Profile/00e0W000001hh6oQAA""},""Id"":""00e0W000001hh6oQAA"",""Name"":""ASU Service - MasterCard Program""}}},{""Parent"":{""Id"":""0PS0W000001CNy2WAG"",""Type"":""Profile"",""Label"":""00e0W000001hhAbQAI"",""PermissionSetGroupId"":null,""Profile"":{""attributes"":{""type"":""Profile"",""url"":""/services/data/v53.0/sobjects/Profile/00e0W000001hhAbQAI""},""Id"":""00e0W000001hhAbQAI"",""Name"":""ASU Service - Public Service Academy""}}},{""Parent"":{""Id"":""0PS0W000001COffWAG"",""Type"":""Profile"",""Label"":""00e0W000001hhfyQAA"",""PermissionSetGroupId"":null,""Profile"":{""attributes"":{""type"":""Profile"",""url"":""/services/data/v53.0/sobjects/Profile/00e0W000001hhfyQAA""},""Id"":""00e0W000001hhfyQAA"",""Name"":""ASU Service - Biosafety""}}},{""Parent"":{""Id"":""0PS0W000001CO7YWAW"",""Type"":""Profile"",""Label"":""00e0W000001hhI6QAI"",""PermissionSetGroupId"":null,""Profile"":{""attributes"":{""type"":""Profile"",""url"":""/services/data/v53.0/sobjects/Profile/00e0W000001hhI6QAI""},""Id"":""00e0W000001hhI6QAI"",""Name"":""ASU Service - New College Deans Office""}}},{""Parent"":{""Id"":""0PS0W000001CO8CWAW"",""Type"":""Profile"",""Label"":""00e0W000001hhIfQAI"",""PermissionSetGroupId"":null,""Profile"":{""attributes"":{""type"":""Profile"",""url"":""/services/data/v53.0/sobjects/Profile/00e0W000001hhIfQAI""},""Id"":""00e0W000001hhIfQAI"",""Name"":""ASU Service - Engineering - K12 Engineering Education""}}},{""Parent"":{""Id"":""0PS0W000001GgWMWA0"",""Type"":""Profile"",""Label"":""00e0W000001lvaCQAQ"",""PermissionSetGroupId"":null,""Profile"":{""attributes"":{""type"":""Profile"",""url"":""/services/data/v53.0/sobjects/Profile/00e0W000001lvaCQAQ""},""Id"":""00e0W000001lvaCQAQ"",""Name"":""ASU Service - University Events & Protocol""}}},{""Parent"":{""Id"":""0PS0W000001Gga4WAC"",""Type"":""Profile"",""Label"":""00e0W000001lvb5QAA"",""PermissionSetGroupId"":null,""Profile"":{""attributes"":{""type"":""Profile"",""url"":""/services/data/v53.0/sobjects/Profile/00e0W000001lvb5QAA""},""Id"":""00e0W000001lvb5QAA"",""Name"":""ASU Service - Psychology Research Advancement""}}},{""Parent"":{""Id"":""0PS0W000001GgbCWAS"",""Type"":""Profile"",""Label"":""00e0W000001lvbKQAQ"",""PermissionSetGroupId"":null,""Profile"":{""attributes"":{""type"":""Profile"",""url"":""/services/data/v53.0/sobjects/Profile/00e0W000001lvbKQAQ""},""Id"":""00e0W000001lvbKQAQ"",""Name"":""ASU Service - ASU Local""}}},{""Parent"":{""Id"":""0PS0W000001GgfJWAS"",""Type"":""Profile"",""Label"":""00e0W000001lvcIQAQ"",""PermissionSetGroupId"":null,""Profile"":{""attributes"":{""type"":""Profile"",""url"":""/services/data/v53.0/sobjects/Profile/00e0W000001lvcIQAQ""},""Id"":""00e0W000001lvcIQAQ"",""Name"":""ASU Service - The College - Interplanetary Initiatives""}}},{""Parent"":{""Id"":""0PS0W000001GgzxWAC"",""Type"":""Profile"",""Label"":""00e0W000001lvdaQAA"",""PermissionSetGroupId"":null,""Profile"":{""attributes"":{""type"":""Profile"",""url"":""/services/data/v53.0/sobjects/Profile/00e0W000001lvdaQAA""},""Id"":""00e0W000001lvdaQAA"",""Name"":""ASU Service - Watts Bridging Success""}}},{""Parent"":{""Id"":""0PS0W000001GftOWAS"",""Type"":""Profile"",""Label"":""00e0W000001lvOQQAY"",""PermissionSetGroupId"":null,""Profile"":{""attributes"":{""type"":""Profile"",""url"":""/services/data/v53.0/sobjects/Profile/00e0W000001lvOQQAY""},""Id"":""00e0W000001lvOQQAY"",""Name"":""ASU Service - ASU Family Programs""}}},{""Parent"":{""Id"":""0PS0W000001Gg0eWAC"",""Type"":""Profile"",""Label"":""00e0W000001lvQvQAI"",""PermissionSetGroupId"":null,""Profile"":{""attributes"":{""type"":""Profile"",""url"":""/services/data/v53.0/sobjects/Profile/00e0W000001lvQvQAI""},""Id"":""00e0W000001lvQvQAI"",""Name"":""ASU Service - TC SOLS Academic Integrity""}}},{""Parent"":{""Id"":""0PS0W000001GiExWAK"",""Type"":""Profile"",""Label"":""00e0W000001lvubQAA"",""PermissionSetGroupId"":null,""Profile"":{""attributes"":{""type"":""Profile"",""url"":""/services/data/v53.0/sobjects/Profile/00e0W000001lvubQAA""},""Id"":""00e0W000001lvubQAA"",""Name"":""ASU Service - DNASU Plasmid Repository""}}},{""Parent"":{""Id"":""0PS0W000001bgzVWAQ"",""Type"":""Profile"",""Label"":""00e0W000001yXmFQAU"",""PermissionSetGroupId"":null,""Profile"":{""attributes"":{""type"":""Profile"",""url"":""/services/data/v53.0/sobjects/Profile/00e0W000001yXmFQAU""},""Id"":""00e0W000001yXmFQAU"",""Name"":""ASU Recruitment - Team (ESISD)""}}},{""Parent"":{""Id"":""0PS0W000001P1NAWA0"",""Type"":""Profile"",""Label"":""00e0W0000022hBdQAI"",""PermissionSetGroupId"":null,""Profile"":{""attributes"":{""type"":""Profile"",""url"":""/services/data/v53.0/sobjects/Profile/00e0W0000022hBdQAI""},""Id"":""00e0W0000022hBdQAI"",""Name"":""ASU Service - Success Courses""}}},{""Parent"":{""Id"":""0PS0W000001fphCWAQ"",""Type"":""Profile"",""Label"":""00e0W0000026u4qQAA"",""PermissionSetGroupId"":null,""Profile"":{""attributes"":{""type"":""Profile"",""url"":""/services/data/v53.0/sobjects/Profile/00e0W0000026u4qQAA""},""Id"":""00e0W0000026u4qQAA"",""Name"":""ASU Service - Opportunities for Youth""}}},{""Parent"":{""Id"":""0PS0W000001KoULWA0"",""Type"":""Profile"",""Label"":""00e0W000002B4xjQAC"",""PermissionSetGroupId"":null,""Profile"":{""attributes"":{""type"":""Profile"",""url"":""/services/data/v53.0/sobjects/Profile/00e0W000002B4xjQAC""},""Id"":""00e0W000002B4xjQAC"",""Name"":""ASU Service - ATCS and Study Abroad""}}},{""Parent"":{""Id"":""0PS0W000001KpSQWA0"",""Type"":""Profile"",""Label"":""00e0W000002B5TBQA0"",""PermissionSetGroupId"":null,""Profile"":{""attributes"":{""type"":""Profile"",""url"":""/services/data/v53.0/sobjects/Profile/00e0W000002B5TBQA0""},""Id"":""00e0W000002B5TBQA0"",""Name"":""ASU Service - TC - SCETL""}}},{""Parent"":{""Id"":""0PS0W000001sasmWAA"",""Type"":""Profile"",""Label"":""00e0W000002JZG1QAO"",""PermissionSetGroupId"":null,""Profile"":{""attributes"":{""type"":""Profile"",""url"":""/services/data/v53.0/sobjects/Profile/00e0W000002JZG1QAO""},""Id"":""00e0W000002JZG1QAO"",""Name"":""API User - Ed Plus Org""}}},{""Parent"":{""Id"":""0PS0W000001sbaPWAQ"",""Type"":""Profile"",""Label"":""00e0W000002JZOFQA4"",""PermissionSetGroupId"":null,""Profile"":{""attributes"":{""type"":""Profile"",""url"":""/services/data/v53.0/sobjects/Profile/00e0W000002JZOFQA4""},""Id"":""00e0W000002JZOFQA4"",""Name"":""ASU Service - Explore""}}},{""Parent"":{""Id"":""0PS0W000001sbktWAA"",""Type"":""Profile"",""Label"":""00e0W000002JZROQA4"",""PermissionSetGroupId"":null,""Profile"":{""attributes"":{""type"":""Profile"",""url"":""/services/data/v53.0/sobjects/Profile/00e0W000002JZROQA4""},""Id"":""00e0W000002JZROQA4"",""Name"":""ASU Service - College of Global Futures""}}},{""Parent"":{""Id"":""0PS0W000001jz1PWAQ"",""Type"":""Profile"",""Label"":""00e0W000002NfGqQAK"",""PermissionSetGroupId"":null,""Profile"":{""attributes"":{""type"":""Profile"",""url"":""/services/data/v53.0/sobjects/Profile/00e0W000002NfGqQAK""},""Id"":""00e0W000002NfGqQAK"",""Name"":""ASU Service - Enrollment Analysis""}}},{""Parent"":{""Id"":""0PS0W000001k9UOWAY"",""Type"":""Profile"",""Label"":""00e0W000002NjQ0QAK"",""PermissionSetGroupId"":null,""Profile"":{""attributes"":{""type"":""Profile"",""url"":""/services/data/v53.0/sobjects/Profile/00e0W000002NjQ0QAK""},""Id"":""00e0W000002NjQ0QAK"",""Name"":""ASU Service - International Students and Scholars Center SMS""}}},{""Parent"":{""Id"":""0PS6T000001CZe3WAG"",""Type"":""Profile"",""Label"":""00e6T000001hlA1QAI"",""PermissionSetGroupId"":null,""Profile"":{""attributes"":{""type"":""Profile"",""url"":""/services/data/v53.0/sobjects/Profile/00e6T000001hlA1QAI""},""Id"":""00e6T000001hlA1QAI"",""Name"":""ASU Service - Engineering - Poly HR""}}},{""Parent"":{""Id"":""0PS6T000001k9crWAA"",""Type"":""Profile"",""Label"":""00e6T000002NjQeQAK"",""PermissionSetGroupId"":null,""Profile"":{""attributes"":{""type"":""Profile"",""url"":""/services/data/v53.0/sobjects/Profile/00e6T000002NjQeQAK""},""Id"":""00e6T000002NjQeQAK"",""Name"":""ASU Service - Information Technology Support Hub""}}},{""Parent"":{""Id"":""0PS6T000001kAE8WAM"",""Type"":""Profile"",""Label"":""00e6T000002NjSuQAK"",""PermissionSetGroupId"":null,""Profile"":{""attributes"":{""type"":""Profile"",""url"":""/services/data/v53.0/sobjects/Profile/00e6T000002NjSuQAK""},""Id"":""00e6T000002NjSuQAK"",""Name"":""ASU Service - SMS API""}}},{""Parent"":{""Id"":""0PSd0000000H441GAC"",""Type"":""Profile"",""Label"":""00ed0000000jbjMAAQ"",""PermissionSetGroupId"":null,""Profile"":{""attributes"":{""type"":""Profile"",""url"":""/services/data/v53.0/sobjects/Profile/00ed0000000jbjMAAQ""},""Id"":""00ed0000000jbjMAAQ"",""Name"":""ASU Service - Design and the Arts""}}},{""Parent"":{""Id"":""0PSd0000000H4AQGA0"",""Type"":""Profile"",""Label"":""00ed0000000jbo2AAA"",""PermissionSetGroupId"":null,""Profile"":{""attributes"":{""type"":""Profile"",""url"":""/services/data/v53.0/sobjects/Profile/00ed0000000jbo2AAA""},""Id"":""00ed0000000jbo2AAA"",""Name"":""ASU Service - International Initiatives Graduate Education""}}},{""Parent"":{""Id"":""0PSd0000000H4BxGAK"",""Type"":""Profile"",""Label"":""00ed0000000jboMAAQ"",""PermissionSetGroupId"":null,""Profile"":{""attributes"":{""type"":""Profile"",""url"":""/services/data/v53.0/sobjects/Profile/00ed0000000jboMAAQ""},""Id"":""00ed0000000jboMAAQ"",""Name"":""ASU Service - W. P. Carey Business""}}},{""Parent"":{""Id"":""0PSd0000000H4C2GAK"",""Type"":""Profile"",""Label"":""00ed0000000jboRAAQ"",""PermissionSetGroupId"":null,""Profile"":{""attributes"":{""type"":""Profile"",""url"":""/services/data/v53.0/sobjects/Profile/00ed0000000jboRAAQ""},""Id"":""00ed0000000jboRAAQ"",""Name"":""ASU Service - Parking and Transit Services""}}},{""Parent"":{""Id"":""0PSd0000000H4C7GAK"",""Type"":""Profile"",""Label"":""00ed0000000jboWAAQ"",""PermissionSetGroupId"":null,""Profile"":{""attributes"":{""type"":""Profile"",""url"":""/services/data/v53.0/sobjects/Profile/00ed0000000jboWAAQ""},""Id"":""00ed0000000jboWAAQ"",""Name"":""ASU Service - First Year Success Center""}}},{""Parent"":{""Id"":""0PSd0000000H4J3GAK"",""Type"":""Profile"",""Label"":""00ed0000000jbqhAAA"",""PermissionSetGroupId"":null,""Profile"":{""attributes"":{""type"":""Profile"",""url"":""/services/data/v53.0/sobjects/Profile/00ed0000000jbqhAAA""},""Id"":""00ed0000000jbqhAAA"",""Name"":""ASU Service - Pat Tillman Veteran Center""}}},{""Parent"":{""Id"":""0PSd0000000H4J8GAK"",""Type"":""Profile"",""Label"":""00ed0000000jbqmAAA"",""PermissionSetGroupId"":null,""Profile"":{""attributes"":{""type"":""Profile"",""url"":""/services/data/v53.0/sobjects/Profile/00ed0000000jbqmAAA""},""Id"":""00ed0000000jbqmAAA"",""Name"":""ASU Service - Thunderbird""}}},{""Parent"":{""Id"":""0PSd0000000H4N0GAK"",""Type"":""Profile"",""Label"":""00ed0000000jbtHAAQ"",""PermissionSetGroupId"":null,""Profile"":{""attributes"":{""type"":""Profile"",""url"":""/services/data/v53.0/sobjects/Profile/00ed0000000jbtHAAQ""},""Id"":""00ed0000000jbtHAAQ"",""Name"":""ASU Service - EOSS""}}},{""Parent"":{""Id"":""0PSd0000000H4N5GAK"",""Type"":""Profile"",""Label"":""00ed0000000jbtMAAQ"",""PermissionSetGroupId"":null,""Profile"":{""attributes"":{""type"":""Profile"",""url"":""/services/data/v53.0/sobjects/Profile/00ed0000000jbtMAAQ""},""Id"":""00ed0000000jbtMAAQ"",""Name"":""ASU Service - Sun Devil Card Services""}}},{""Parent"":{""Id"":""0PSd0000000H4NAGA0"",""Type"":""Profile"",""Label"":""00ed0000000jbtRAAQ"",""PermissionSetGroupId"":null,""Profile"":{""attributes"":{""type"":""Profile"",""url"":""/services/data/v53.0/sobjects/Profile/00ed0000000jbtRAAQ""},""Id"":""00ed0000000jbtRAAQ"",""Name"":""ASU Service - Career Services""}}},{""Parent"":{""Id"":""0PSd0000000H4PVGA0"",""Type"":""Profile"",""Label"":""00ed0000000jbu5AAA"",""PermissionSetGroupId"":null,""Profile"":{""attributes"":{""type"":""Profile"",""url"":""/services/data/v53.0/sobjects/Profile/00ed0000000jbu5AAA""},""Id"":""00ed0000000jbu5AAA"",""Name"":""ASU Service - University Academic Success Programs""}}},{""Parent"":{""Id"":""0PSd0000000H4PaGAK"",""Type"":""Profile"",""Label"":""00ed0000000jbuAAAQ"",""PermissionSetGroupId"":null,""Profile"":{""attributes"":{""type"":""Profile"",""url"":""/services/data/v53.0/sobjects/Profile/00ed0000000jbuAAAQ""},""Id"":""00ed0000000jbuAAAQ"",""Name"":""ASU Service - Honors""}}},{""Parent"":{""Id"":""0PSd0000000H4QTGA0"",""Type"":""Profile"",""Label"":""00ed0000000jbujAAA"",""PermissionSetGroupId"":null,""Profile"":{""attributes"":{""type"":""Profile"",""url"":""/services/data/v53.0/sobjects/Profile/00ed0000000jbujAAA""},""Id"":""00ed0000000jbujAAA"",""Name"":""ASU Service - Journalism""}}},{""Parent"":{""Id"":""0PSd0000000H4QYGA0"",""Type"":""Profile"",""Label"":""00ed0000000jbuoAAA"",""PermissionSetGroupId"":null,""Profile"":{""attributes"":{""type"":""Profile"",""url"":""/services/data/v53.0/sobjects/Profile/00ed0000000jbuoAAA""},""Id"":""00ed0000000jbuoAAA"",""Name"":""ASU Service - Office of the University Provost""}}},{""Parent"":{""Id"":""0PSd0000000H3g5GAC"",""Type"":""Profile"",""Label"":""00ed0000000jbV9AAI"",""PermissionSetGroupId"":null,""Profile"":{""attributes"":{""type"":""Profile"",""url"":""/services/data/v53.0/sobjects/Profile/00ed0000000jbV9AAI""},""Id"":""00ed0000000jbV9AAI"",""Name"":""ASU Service - TC - AIS""}}},{""Parent"":{""Id"":""0PSd0000000H3gAGAS"",""Type"":""Profile"",""Label"":""00ed0000000jbVEAAY"",""PermissionSetGroupId"":null,""Profile"":{""attributes"":{""type"":""Profile"",""url"":""/services/data/v53.0/sobjects/Profile/00ed0000000jbVEAAY""},""Id"":""00ed0000000jbVEAAY"",""Name"":""ASU Service - TC  - The Sanford School""}}},{""Parent"":{""Id"":""0PSd0000000H3gFGAS"",""Type"":""Profile"",""Label"":""00ed0000000jbVJAAY"",""PermissionSetGroupId"":null,""Profile"":{""attributes"":{""type"":""Profile"",""url"":""/services/data/v53.0/sobjects/Profile/00ed0000000jbVJAAY""},""Id"":""00ed0000000jbVJAAY"",""Name"":""ASU Service - TC - SST""}}},{""Parent"":{""Id"":""0PSd0000000H3gKGAS"",""Type"":""Profile"",""Label"":""00ed0000000jbVOAAY"",""PermissionSetGroupId"":null,""Profile"":{""attributes"":{""type"":""Profile"",""url"":""/services/data/v53.0/sobjects/Profile/00ed0000000jbVOAAY""},""Id"":""00ed0000000jbVOAAY"",""Name"":""ASU Service - TC - Army ROTC""}}},{""Parent"":{""Id"":""0PSd0000000H4ThGAK"",""Type"":""Profile"",""Label"":""00ed0000000jbwGAAQ"",""PermissionSetGroupId"":null,""Profile"":{""attributes"":{""type"":""Profile"",""url"":""/services/data/v53.0/sobjects/Profile/00ed0000000jbwGAAQ""},""Id"":""00ed0000000jbwGAAQ"",""Name"":""ASU Service - ASU Salesforce Support""}}},{""Parent"":{""Id"":""0PSd0000000H4WlGAK"",""Type"":""Profile"",""Label"":""00ed0000000jbyCAAQ"",""PermissionSetGroupId"":null,""Profile"":{""attributes"":{""type"":""Profile"",""url"":""/services/data/v53.0/sobjects/Profile/00ed0000000jbyCAAQ""},""Id"":""00ed0000000jbyCAAQ"",""Name"":""ASU Service - International Students and Scholars Center""}}},{""Parent"":{""Id"":""0PSd0000000H4XoGAK"",""Type"":""Profile"",""Label"":""00ed0000000jbylAAA"",""PermissionSetGroupId"":null,""Profile"":{""attributes"":{""type"":""Profile"",""url"":""/services/data/v53.0/sobjects/Profile/00ed0000000jbylAAA""},""Id"":""00ed0000000jbylAAA"",""Name"":""ASU Recruitment - Graduate Recruiter""}}},{""Parent"":{""Id"":""0PSd0000000H4ZLGA0"",""Type"":""Profile"",""Label"":""00ed0000000jbz0AAA"",""PermissionSetGroupId"":null,""Profile"":{""attributes"":{""type"":""Profile"",""url"":""/services/data/v53.0/sobjects/Profile/00ed0000000jbz0AAA""},""Id"":""00ed0000000jbz0AAA"",""Name"":""ASU Service - School for the Future of Innovation in Society""}}},{""Parent"":{""Id"":""0PSd0000000H4ZQGA0"",""Type"":""Profile"",""Label"":""00ed0000000jbz5AAA"",""PermissionSetGroupId"":null,""Profile"":{""attributes"":{""type"":""Profile"",""url"":""/services/data/v53.0/sobjects/Profile/00ed0000000jbz5AAA""},""Id"":""00ed0000000jbz5AAA"",""Name"":""ASU Service - American Indian Student Support Services""}}},{""Parent"":{""Id"":""0PSd0000000H4hyGAC"",""Type"":""Profile"",""Label"":""00ed0000000jc4eAAA"",""PermissionSetGroupId"":null,""Profile"":{""attributes"":{""type"":""Profile"",""url"":""/services/data/v53.0/sobjects/Profile/00ed0000000jc4eAAA""},""Id"":""00ed0000000jc4eAAA"",""Name"":""ASU Service - ASU Wellness""}}},{""Parent"":{""Id"":""0PSd0000000H4i3GAC"",""Type"":""Profile"",""Label"":""00ed0000000jc4jAAA"",""PermissionSetGroupId"":null,""Profile"":{""attributes"":{""type"":""Profile"",""url"":""/services/data/v53.0/sobjects/Profile/00ed0000000jc4jAAA""},""Id"":""00ed0000000jc4jAAA"",""Name"":""ASU Service - Student Engagement""}}},{""Parent"":{""Id"":""0PSd0000000H4i8GAC"",""Type"":""Profile"",""Label"":""00ed0000000jc4oAAA"",""PermissionSetGroupId"":null,""Profile"":{""attributes"":{""type"":""Profile"",""url"":""/services/data/v53.0/sobjects/Profile/00ed0000000jc4oAAA""},""Id"":""00ed0000000jc4oAAA"",""Name"":""ASU Service - TRIO""}}},{""Parent"":{""Id"":""0PSd0000000H4iXGAS"",""Type"":""Profile"",""Label"":""00ed0000000jc5DAAQ"",""PermissionSetGroupId"":null,""Profile"":{""attributes"":{""type"":""Profile"",""url"":""/services/data/v53.0/sobjects/Profile/00ed0000000jc5DAAQ""},""Id"":""00ed0000000jc5DAAQ"",""Name"":""ASU Service - TC - Air Force ROTC""}}},{""Parent"":{""Id"":""0PSd0000000H4icGAC"",""Type"":""Profile"",""Label"":""00ed0000000jc5IAAQ"",""PermissionSetGroupId"":null,""Profile"":{""attributes"":{""type"":""Profile"",""url"":""/services/data/v53.0/sobjects/Profile/00ed0000000jc5IAAQ""},""Id"":""00ed0000000jc5IAAQ"",""Name"":""ASU Service - TC - Navy ROTC""}}},{""Parent"":{""Id"":""0PSd0000000H4rKGAS"",""Type"":""Profile"",""Label"":""00ed0000000jc9PAAQ"",""PermissionSetGroupId"":null,""Profile"":{""attributes"":{""type"":""Profile"",""url"":""/services/data/v53.0/sobjects/Profile/00ed0000000jc9PAAQ""},""Id"":""00ed0000000jc9PAAQ"",""Name"":""ASU Service - Fraternity & Sorority Life""}}},{""Parent"":{""Id"":""0PSd0000000H4rPGAS"",""Type"":""Profile"",""Label"":""00ed0000000jc9UAAQ"",""PermissionSetGroupId"":null,""Profile"":{""attributes"":{""type"":""Profile"",""url"":""/services/data/v53.0/sobjects/Profile/00ed0000000jc9UAAQ""},""Id"":""00ed0000000jc9UAAQ"",""Name"":""ASU Service - Dean of Students""}}},{""Parent"":{""Id"":""0PSd0000000H4wyGAC"",""Type"":""Profile"",""Label"":""00ed0000000jcCOAAY"",""PermissionSetGroupId"":null,""Profile"":{""attributes"":{""type"":""Profile"",""url"":""/services/data/v53.0/sobjects/Profile/00ed0000000jcCOAAY""},""Id"":""00ed0000000jcCOAAY"",""Name"":""ASU Service - Enterprise Marketing Hub""}}},{""Parent"":{""Id"":""0PSd0000000H4x3GAC"",""Type"":""Profile"",""Label"":""00ed0000000jcCTAAY"",""PermissionSetGroupId"":null,""Profile"":{""attributes"":{""type"":""Profile"",""url"":""/services/data/v53.0/sobjects/Profile/00ed0000000jcCTAAY""},""Id"":""00ed0000000jcCTAAY"",""Name"":""ASU Service - Print Anywhere Tier 2""}}},{""Parent"":{""Id"":""0PSd0000000H4x8GAC"",""Type"":""Profile"",""Label"":""00ed0000000jcCYAAY"",""PermissionSetGroupId"":null,""Profile"":{""attributes"":{""type"":""Profile"",""url"":""/services/data/v53.0/sobjects/Profile/00ed0000000jcCYAAY""},""Id"":""00ed0000000jcCYAAY"",""Name"":""ASU Service - Sun Devil Fitness""}}},{""Parent"":{""Id"":""0PSd0000000H523GAC"",""Type"":""Profile"",""Label"":""00ed0000000jcFDAAY"",""PermissionSetGroupId"":null,""Profile"":{""attributes"":{""type"":""Profile"",""url"":""/services/data/v53.0/sobjects/Profile/00ed0000000jcFDAAY""},""Id"":""00ed0000000jcFDAAY"",""Name"":""ASU Service - MU Information Desk""}}},{""Parent"":{""Id"":""0PSd0000000H55HGAS"",""Type"":""Profile"",""Label"":""00ed0000000jcGQAAY"",""PermissionSetGroupId"":null,""Profile"":{""attributes"":{""type"":""Profile"",""url"":""/services/data/v53.0/sobjects/Profile/00ed0000000jcGQAAY""},""Id"":""00ed0000000jcGQAAY"",""Name"":""ASU Service - Sun Devil Dining""}}},{""Parent"":{""Id"":""0PSd0000000H5zBGAS"",""Type"":""Profile"",""Label"":""00ed0000000jcPXAAY"",""PermissionSetGroupId"":null,""Profile"":{""attributes"":{""type"":""Profile"",""url"":""/services/data/v53.0/sobjects/Profile/00ed0000000jcPXAAY""},""Id"":""00ed0000000jcPXAAY"",""Name"":""ASU Service - Student Government""}}},{""Parent"":{""Id"":""0PSd0000000H6BWGA0"",""Type"":""Profile"",""Label"":""00ed0000000jcWYAAY"",""PermissionSetGroupId"":null,""Profile"":{""attributes"":{""type"":""Profile"",""url"":""/services/data/v53.0/sobjects/Profile/00ed0000000jcWYAAY""},""Id"":""00ed0000000jcWYAAY"",""Name"":""ASU Service - Strategic Initiatives""}}},{""Parent"":{""Id"":""0PSd0000000qjenGAA"",""Type"":""Profile"",""Label"":""00ed00000019invAAA"",""PermissionSetGroupId"":null,""Profile"":{""attributes"":{""type"":""Profile"",""url"":""/services/data/v53.0/sobjects/Profile/00ed00000019invAAA""},""Id"":""00ed00000019invAAA"",""Name"":""ASU Read Only""}}},{""Parent"":{""Id"":""0PSd0000000qu4sGAA"",""Type"":""Profile"",""Label"":""00ed00000019t5vAAA"",""PermissionSetGroupId"":null,""Profile"":{""attributes"":{""type"":""Profile"",""url"":""/services/data/v53.0/sobjects/Profile/00ed00000019t5vAAA""},""Id"":""00ed00000019t5vAAA"",""Name"":""ASU Knowledge User""}}},{""Parent"":{""Id"":""0PSd0000000qUhbGAE"",""Type"":""Profile"",""Label"":""00ed00000019TqNAAU"",""PermissionSetGroupId"":null,""Profile"":{""attributes"":{""type"":""Profile"",""url"":""/services/data/v53.0/sobjects/Profile/00ed00000019TqNAAU""},""Id"":""00ed00000019TqNAAU"",""Name"":""ASU Marketing User""}}},{""Parent"":{""Id"":""0PSd0000000qzaSGAQ"",""Type"":""Profile"",""Label"":""00ed00000019yBlAAI"",""PermissionSetGroupId"":null,""Profile"":{""attributes"":{""type"":""Profile"",""url"":""/services/data/v53.0/sobjects/Profile/00ed00000019yBlAAI""},""Id"":""00ed00000019yBlAAI"",""Name"":""ASU Service - Financial Aid""}}},{""Parent"":{""Id"":""0PSd0000000qzawGAA"",""Type"":""Profile"",""Label"":""00ed00000019yC5AAI"",""PermissionSetGroupId"":null,""Profile"":{""attributes"":{""type"":""Profile"",""url"":""/services/data/v53.0/sobjects/Profile/00ed00000019yC5AAI""},""Id"":""00ed00000019yC5AAI"",""Name"":""ASU Service - Registrar""}}},{""Parent"":{""Id"":""0PSd0000000qzb1GAA"",""Type"":""Profile"",""Label"":""00ed00000019yCAAAY"",""PermissionSetGroupId"":null,""Profile"":{""attributes"":{""type"":""Profile"",""url"":""/services/data/v53.0/sobjects/Profile/00ed00000019yCAAAY""},""Id"":""00ed00000019yCAAAY"",""Name"":""ASU Service - Student Business Services""}}},{""Parent"":{""Id"":""0PSd0000000qzbkGAA"",""Type"":""Profile"",""Label"":""00ed00000019yCpAAI"",""PermissionSetGroupId"":null,""Profile"":{""attributes"":{""type"":""Profile"",""url"":""/services/data/v53.0/sobjects/Profile/00ed00000019yCpAAI""},""Id"":""00ed00000019yCpAAI"",""Name"":""ASU Chatter User""}}},{""Parent"":{""Id"":""0PSd0000000qzl5GAA"",""Type"":""Profile"",""Label"":""00ed00000019yKBAAY"",""PermissionSetGroupId"":null,""Profile"":{""attributes"":{""type"":""Profile"",""url"":""/services/data/v53.0/sobjects/Profile/00ed00000019yKBAAY""},""Id"":""00ed00000019yKBAAY"",""Name"":""ASU View All Data""}}},{""Parent"":{""Id"":""0PSd0000000r0bvGAA"",""Type"":""Profile"",""Label"":""00ed00000019z5nAAA"",""PermissionSetGroupId"":null,""Profile"":{""attributes"":{""type"":""Profile"",""url"":""/services/data/v53.0/sobjects/Profile/00ed00000019z5nAAA""},""Id"":""00ed00000019z5nAAA"",""Name"":""ASU Community""}}},{""Parent"":{""Id"":""0PSd0000000r0c0GAA"",""Type"":""Profile"",""Label"":""00ed00000019z5sAAA"",""PermissionSetGroupId"":null,""Profile"":{""attributes"":{""type"":""Profile"",""url"":""/services/data/v53.0/sobjects/Profile/00ed00000019z5sAAA""},""Id"":""00ed00000019z5sAAA"",""Name"":""ASU Community CAP""}}},{""Parent"":{""Id"":""0PSd0000000r0cAGAQ"",""Type"":""Profile"",""Label"":""00ed00000019z62AAA"",""PermissionSetGroupId"":null,""Profile"":{""attributes"":{""type"":""Profile"",""url"":""/services/data/v53.0/sobjects/Profile/00ed00000019z62AAA""},""Id"":""00ed00000019z62AAA"",""Name"":""ASU Service - ASU Online""}}},{""Parent"":{""Id"":""0PSd0000000r0cFGAQ"",""Type"":""Profile"",""Label"":""00ed00000019z67AAA"",""PermissionSetGroupId"":null,""Profile"":{""attributes"":{""type"":""Profile"",""url"":""/services/data/v53.0/sobjects/Profile/00ed00000019z67AAA""},""Id"":""00ed00000019z67AAA"",""Name"":""ASU Service - ESM Online""}}},{""Parent"":{""Id"":""0PSd0000000r0cKGAQ"",""Type"":""Profile"",""Label"":""00ed00000019z6CAAQ"",""PermissionSetGroupId"":null,""Profile"":{""attributes"":{""type"":""Profile"",""url"":""/services/data/v53.0/sobjects/Profile/00ed00000019z6CAAQ""},""Id"":""00ed00000019z6CAAQ"",""Name"":""ASU Service - Help Desk""}}},{""Parent"":{""Id"":""0PSd0000000r0qtGAA"",""Type"":""Profile"",""Label"":""00ed00000019zIqAAI"",""PermissionSetGroupId"":null,""Profile"":{""attributes"":{""type"":""Profile"",""url"":""/services/data/v53.0/sobjects/Profile/00ed00000019zIqAAI""},""Id"":""00ed00000019zIqAAI"",""Name"":""ASU Service - W. P. Carey Tech Services""}}},{""Parent"":{""Id"":""0PSd0000000r1SFGAY"",""Type"":""Profile"",""Label"":""00ed00000019zqdAAA"",""PermissionSetGroupId"":null,""Profile"":{""attributes"":{""type"":""Profile"",""url"":""/services/data/v53.0/sobjects/Profile/00ed00000019zqdAAA""},""Id"":""00ed00000019zqdAAA"",""Name"":""ASU Service - Tech Studio""}}},{""Parent"":{""Id"":""0PSd0000000r1SKGAY"",""Type"":""Profile"",""Label"":""00ed00000019zqiAAA"",""PermissionSetGroupId"":null,""Profile"":{""attributes"":{""type"":""Profile"",""url"":""/services/data/v53.0/sobjects/Profile/00ed00000019zqiAAA""},""Id"":""00ed00000019zqiAAA"",""Name"":""ASU Service - Engineering IT""}}},{""Parent"":{""Id"":""0PSd0000000r1SAGAY"",""Type"":""Profile"",""Label"":""00ed00000019zqYAAQ"",""PermissionSetGroupId"":null,""Profile"":{""attributes"":{""type"":""Profile"",""url"":""/services/data/v53.0/sobjects/Profile/00ed00000019zqYAAQ""},""Id"":""00ed00000019zqYAAQ"",""Name"":""ASU Service - Identity Management""}}},{""Parent"":{""Id"":""0PSd0000000r2e7GAA"",""Type"":""Profile"",""Label"":""00ed0000001A0pMAAS"",""PermissionSetGroupId"":null,""Profile"":{""attributes"":{""type"":""Profile"",""url"":""/services/data/v53.0/sobjects/Profile/00ed0000001A0pMAAS""},""Id"":""00ed0000001A0pMAAS"",""Name"":""ASU Service - Student Success Innovations""}}},{""Parent"":{""Id"":""0PSd0000000r2eCGAQ"",""Type"":""Profile"",""Label"":""00ed0000001A0pRAAS"",""PermissionSetGroupId"":null,""Profile"":{""attributes"":{""type"":""Profile"",""url"":""/services/data/v53.0/sobjects/Profile/00ed0000001A0pRAAS""},""Id"":""00ed0000001A0pRAAS"",""Name"":""ASU Service - Office of the President""}}},{""Parent"":{""Id"":""0PSd0000000r28IGAQ"",""Type"":""Profile"",""Label"":""00ed0000001A0PwAAK"",""PermissionSetGroupId"":null,""Profile"":{""attributes"":{""type"":""Profile"",""url"":""/services/data/v53.0/sobjects/Profile/00ed0000001A0PwAAK""},""Id"":""00ed0000001A0PwAAK"",""Name"":""ASU Service - Library Services(ARCHIVE)""}}},{""Parent"":{""Id"":""0PSd0000000r3amGAA"",""Type"":""Profile"",""Label"":""00ed0000001A1eqAAC"",""PermissionSetGroupId"":null,""Profile"":{""attributes"":{""type"":""Profile"",""url"":""/services/data/v53.0/sobjects/Profile/00ed0000001A1eqAAC""},""Id"":""00ed0000001A1eqAAC"",""Name"":""ASU Service - Integrated Services""}}},{""Parent"":{""Id"":""0PSd0000000r39YGAQ"",""Type"":""Profile"",""Label"":""00ed0000001A1GfAAK"",""PermissionSetGroupId"":null,""Profile"":{""attributes"":{""type"":""Profile"",""url"":""/services/data/v53.0/sobjects/Profile/00ed0000001A1GfAAK""},""Id"":""00ed0000001A1GfAAK"",""Name"":""ASU Service - TEMPLATE""}}},{""Parent"":{""Id"":""0PSd0000000r3KbGAI"",""Type"":""Profile"",""Label"":""00ed0000001A1OlAAK"",""PermissionSetGroupId"":null,""Profile"":{""attributes"":{""type"":""Profile"",""url"":""/services/data/v53.0/sobjects/Profile/00ed0000001A1OlAAK""},""Id"":""00ed0000001A1OlAAK"",""Name"":""ASU Service - Graduate College""}}},{""Parent"":{""Id"":""0PSd0000000r3syGAA"",""Type"":""Profile"",""Label"":""00ed0000001A1s3AAC"",""PermissionSetGroupId"":null,""Profile"":{""attributes"":{""type"":""Profile"",""url"":""/services/data/v53.0/sobjects/Profile/00ed0000001A1s3AAC""},""Id"":""00ed0000001A1s3AAC"",""Name"":""ASU Recruitment - Applicant Services""}}},{""Parent"":{""Id"":""0PSd0000000r3t3GAA"",""Type"":""Profile"",""Label"":""00ed0000001A1s8AAC"",""PermissionSetGroupId"":null,""Profile"":{""attributes"":{""type"":""Profile"",""url"":""/services/data/v53.0/sobjects/Profile/00ed0000001A1s8AAC""},""Id"":""00ed0000001A1s8AAC"",""Name"":""ASU Recruitment - Business Operations""}}},{""Parent"":{""Id"":""0PSd0000000r3t8GAA"",""Type"":""Profile"",""Label"":""00ed0000001A1sDAAS"",""PermissionSetGroupId"":null,""Profile"":{""attributes"":{""type"":""Profile"",""url"":""/services/data/v53.0/sobjects/Profile/00ed0000001A1sDAAS""},""Id"":""00ed0000001A1sDAAS"",""Name"":""ASU Recruitment - Freshman Recruiter""}}},{""Parent"":{""Id"":""0PSd0000000r3tcGAA"",""Type"":""Profile"",""Label"":""00ed0000001A1shAAC"",""PermissionSetGroupId"":null,""Profile"":{""attributes"":{""type"":""Profile"",""url"":""/services/data/v53.0/sobjects/Profile/00ed0000001A1shAAC""},""Id"":""00ed0000001A1shAAC"",""Name"":""ASU Recruitment - Admission Services""}}},{""Parent"":{""Id"":""0PSd0000000r3tDGAQ"",""Type"":""Profile"",""Label"":""00ed0000001A1sIAAS"",""PermissionSetGroupId"":null,""Profile"":{""attributes"":{""type"":""Profile"",""url"":""/services/data/v53.0/sobjects/Profile/00ed0000001A1sIAAS""},""Id"":""00ed0000001A1sIAAS"",""Name"":""ASU Recruitment - Transfer Recruiter""}}},{""Parent"":{""Id"":""0PSd0000000r3tIGAQ"",""Type"":""Profile"",""Label"":""00ed0000001A1sNAAS"",""PermissionSetGroupId"":null,""Profile"":{""attributes"":{""type"":""Profile"",""url"":""/services/data/v53.0/sobjects/Profile/00ed0000001A1sNAAS""},""Id"":""00ed0000001A1sNAAS"",""Name"":""ASU Recruitment - International Recruiter""}}},{""Parent"":{""Id"":""0PSd0000000r3tNGAQ"",""Type"":""Profile"",""Label"":""00ed0000001A1sSAAS"",""PermissionSetGroupId"":null,""Profile"":{""attributes"":{""type"":""Profile"",""url"":""/services/data/v53.0/sobjects/Profile/00ed0000001A1sSAAS""},""Id"":""00ed0000001A1sSAAS"",""Name"":""ASU Recruitment - Events""}}},{""Parent"":{""Id"":""0PSd0000000r3tSGAQ"",""Type"":""Profile"",""Label"":""00ed0000001A1sXAAS"",""PermissionSetGroupId"":null,""Profile"":{""attributes"":{""type"":""Profile"",""url"":""/services/data/v53.0/sobjects/Profile/00ed0000001A1sXAAS""},""Id"":""00ed0000001A1sXAAS"",""Name"":""ASU Recruitment - Havasu""}}},{""Parent"":{""Id"":""0PSd0000000r453GAA"",""Type"":""Profile"",""Label"":""00ed0000001A204AAC"",""PermissionSetGroupId"":null,""Profile"":{""attributes"":{""type"":""Profile"",""url"":""/services/data/v53.0/sobjects/Profile/00ed0000001A204AAC""},""Id"":""00ed0000001A204AAC"",""Name"":""ASU Recruitment - Leads (ESISD)""}}},{""Parent"":{""Id"":""0PSd0000000r49zGAA"",""Type"":""Profile"",""Label"":""00ed0000001A24iAAC"",""PermissionSetGroupId"":null,""Profile"":{""attributes"":{""type"":""Profile"",""url"":""/services/data/v53.0/sobjects/Profile/00ed0000001A24iAAC""},""Id"":""00ed0000001A24iAAC"",""Name"":""ASU Corporate Relations""}}},{""Parent"":{""Id"":""0PSd0000000r4s2GAA"",""Type"":""Profile"",""Label"":""00ed0000001A2dLAAS"",""PermissionSetGroupId"":null,""Profile"":{""attributes"":{""type"":""Profile"",""url"":""/services/data/v53.0/sobjects/Profile/00ed0000001A2dLAAS""},""Id"":""00ed0000001A2dLAAS"",""Name"":""ASU Service - Engineering - Dean's Office""}}},{""Parent"":{""Id"":""0PSd0000000r4tZGAQ"",""Type"":""Profile"",""Label"":""00ed0000001A2eaAAC"",""PermissionSetGroupId"":null,""Profile"":{""attributes"":{""type"":""Profile"",""url"":""/services/data/v53.0/sobjects/Profile/00ed0000001A2eaAAC""},""Id"":""00ed0000001A2eaAAC"",""Name"":""ASU Service - Engineering - GOEE""}}},{""Parent"":{""Id"":""0PSd0000000r4teGAA"",""Type"":""Profile"",""Label"":""00ed0000001A2efAAC"",""PermissionSetGroupId"":null,""Profile"":{""attributes"":{""type"":""Profile"",""url"":""/services/data/v53.0/sobjects/Profile/00ed0000001A2efAAC""},""Id"":""00ed0000001A2efAAC"",""Name"":""ASU Service - Engineering - Poly""}}},{""Parent"":{""Id"":""0PSd0000000r4tjGAA"",""Type"":""Profile"",""Label"":""00ed0000001A2ekAAC"",""PermissionSetGroupId"":null,""Profile"":{""attributes"":{""type"":""Profile"",""url"":""/services/data/v53.0/sobjects/Profile/00ed0000001A2ekAAC""},""Id"":""00ed0000001A2ekAAC"",""Name"":""ASU Service - Engineering - SBHSE""}}},{""Parent"":{""Id"":""0PSd0000000r4toGAA"",""Type"":""Profile"",""Label"":""00ed0000001A2epAAC"",""PermissionSetGroupId"":null,""Profile"":{""attributes"":{""type"":""Profile"",""url"":""/services/data/v53.0/sobjects/Profile/00ed0000001A2epAAC""},""Id"":""00ed0000001A2epAAC"",""Name"":""ASU Service - Engineering - SEMTE""}}},{""Parent"":{""Id"":""0PSd0000000r4ttGAA"",""Type"":""Profile"",""Label"":""00ed0000001A2euAAC"",""PermissionSetGroupId"":null,""Profile"":{""attributes"":{""type"":""Profile"",""url"":""/services/data/v53.0/sobjects/Profile/00ed0000001A2euAAC""},""Id"":""00ed0000001A2euAAC"",""Name"":""ASU Service - Engineering - SSEBE""}}},{""Parent"":{""Id"":""0PSd0000000r4tUGAQ"",""Type"":""Profile"",""Label"":""00ed0000001A2eVAAS"",""PermissionSetGroupId"":null,""Profile"":{""attributes"":{""type"":""Profile"",""url"":""/services/data/v53.0/sobjects/Profile/00ed0000001A2eVAAS""},""Id"":""00ed0000001A2eVAAS"",""Name"":""ASU Service - Engineering - ECEE""}}},{""Parent"":{""Id"":""0PSd0000000r4tyGAA"",""Type"":""Profile"",""Label"":""00ed0000001A2ezAAC"",""PermissionSetGroupId"":null,""Profile"":{""attributes"":{""type"":""Profile"",""url"":""/services/data/v53.0/sobjects/Profile/00ed0000001A2ezAAC""},""Id"":""00ed0000001A2ezAAC"",""Name"":""ASU Service - Engineering - CIDSE""}}},{""Parent"":{""Id"":""0PSd0000000r4bhGAA"",""Type"":""Profile"",""Label"":""00ed0000001A2QNAA0"",""PermissionSetGroupId"":null,""Profile"":{""attributes"":{""type"":""Profile"",""url"":""/services/data/v53.0/sobjects/Profile/00ed0000001A2QNAA0""},""Id"":""00ed0000001A2QNAA0"",""Name"":""ASU Service - Access ASU Outreach""}}},{""Parent"":{""Id"":""0PSd0000000r5c8GAA"",""Type"":""Profile"",""Label"":""00ed0000001A3CUAA0"",""PermissionSetGroupId"":null,""Profile"":{""attributes"":{""type"":""Profile"",""url"":""/services/data/v53.0/sobjects/Profile/00ed0000001A3CUAA0""},""Id"":""00ed0000001A3CUAA0"",""Name"":""ASU Service - New Student Programs""}}},{""Parent"":{""Id"":""0PSd0000000r6MUGAY"",""Type"":""Profile"",""Label"":""00ed0000001A3nIAAS"",""PermissionSetGroupId"":null,""Profile"":{""attributes"":{""type"":""Profile"",""url"":""/services/data/v53.0/sobjects/Profile/00ed0000001A3nIAAS""},""Id"":""00ed0000001A3nIAAS"",""Name"":""ASU Service - University Housing""}}},{""Parent"":{""Id"":""0PSd0000000r60sGAA"",""Type"":""Profile"",""Label"":""00ed0000001A3X8AAK"",""PermissionSetGroupId"":null,""Profile"":{""attributes"":{""type"":""Profile"",""url"":""/services/data/v53.0/sobjects/Profile/00ed0000001A3X8AAK""},""Id"":""00ed0000001A3X8AAK"",""Name"":""ASU Training - College of ASU""}}},{""Parent"":{""Id"":""0PSd0000000r60xGAA"",""Type"":""Profile"",""Label"":""00ed0000001A3XDAA0"",""PermissionSetGroupId"":null,""Profile"":{""attributes"":{""type"":""Profile"",""url"":""/services/data/v53.0/sobjects/Profile/00ed0000001A3XDAA0""},""Id"":""00ed0000001A3XDAA0"",""Name"":""ASU Training - Department of ASU""}}},{""Parent"":{""Id"":""0PSd0000000r6ggGAA"",""Type"":""Profile"",""Label"":""00ed0000001A41pAAC"",""PermissionSetGroupId"":null,""Profile"":{""attributes"":{""type"":""Profile"",""url"":""/services/data/v53.0/sobjects/Profile/00ed0000001A41pAAC""},""Id"":""00ed0000001A41pAAC"",""Name"":""ASU Service - Sustainability""}}},{""Parent"":{""Id"":""0PSd0000000r6pgGAA"",""Type"":""Profile"",""Label"":""00ed0000001A49IAAS"",""PermissionSetGroupId"":null,""Profile"":{""attributes"":{""type"":""Profile"",""url"":""/services/data/v53.0/sobjects/Profile/00ed0000001A49IAAS""},""Id"":""00ed0000001A49IAAS"",""Name"":""ASU Service - Teachers College""}}},{""Parent"":{""Id"":""0PSd0000000r7PNGAY"",""Type"":""Profile"",""Label"":""00ed0000001A4dEAAS"",""PermissionSetGroupId"":null,""Profile"":{""attributes"":{""type"":""Profile"",""url"":""/services/data/v53.0/sobjects/Profile/00ed0000001A4dEAAS""},""Id"":""00ed0000001A4dEAAS"",""Name"":""ASU Service - Public Service""}}},{""Parent"":{""Id"":""0PSd0000000r7C5GAI"",""Type"":""Profile"",""Label"":""00ed0000001A4OpAAK"",""PermissionSetGroupId"":null,""Profile"":{""attributes"":{""type"":""Profile"",""url"":""/services/data/v53.0/sobjects/Profile/00ed0000001A4OpAAK""},""Id"":""00ed0000001A4OpAAK"",""Name"":""ASU Service - Nursing""}}},{""Parent"":{""Id"":""0PSd0000000r7FiGAI"",""Type"":""Profile"",""Label"":""00ed0000001A4RAAA0"",""PermissionSetGroupId"":null,""Profile"":{""attributes"":{""type"":""Profile"",""url"":""/services/data/v53.0/sobjects/Profile/00ed0000001A4RAAA0""},""Id"":""00ed0000001A4RAAA0"",""Name"":""ASU Service - Health Solutions""}}},{""Parent"":{""Id"":""0PSd0000000r7nEGAQ"",""Type"":""Profile"",""Label"":""00ed0000001A4x8AAC"",""PermissionSetGroupId"":null,""Profile"":{""attributes"":{""type"":""Profile"",""url"":""/services/data/v53.0/sobjects/Profile/00ed0000001A4x8AAC""},""Id"":""00ed0000001A4x8AAC"",""Name"":""ASU Service - New College""}}},{""Parent"":{""Id"":""0PSd0000000r7tuGAA"",""Type"":""Profile"",""Label"":""00ed0000001A52VAAS"",""PermissionSetGroupId"":null,""Profile"":{""attributes"":{""type"":""Profile"",""url"":""/services/data/v53.0/sobjects/Profile/00ed0000001A52VAAS""},""Id"":""00ed0000001A52VAAS"",""Name"":""ASU Service - Universal Learner Courses""}}},{""Parent"":{""Id"":""0PSd0000000r7v8GAA"",""Type"":""Profile"",""Label"":""00ed0000001A53VAAS"",""PermissionSetGroupId"":null,""Profile"":{""attributes"":{""type"":""Profile"",""url"":""/services/data/v53.0/sobjects/Profile/00ed0000001A53VAAS""},""Id"":""00ed0000001A53VAAS"",""Name"":""ASU Service - LMS Support""}}},{""Parent"":{""Id"":""0PSd0000000r8fDGAQ"",""Type"":""Profile"",""Label"":""00ed0000001A5dbAAC"",""PermissionSetGroupId"":null,""Profile"":{""attributes"":{""type"":""Profile"",""url"":""/services/data/v53.0/sobjects/Profile/00ed0000001A5dbAAC""},""Id"":""00ed0000001A5dbAAC"",""Name"":""ASU Service - Academic Transfer Credit Solutions""}}},{""Parent"":{""Id"":""0PSd0000000r8gGGAQ"",""Type"":""Profile"",""Label"":""00ed0000001A5e5AAC"",""PermissionSetGroupId"":null,""Profile"":{""attributes"":{""type"":""Profile"",""url"":""/services/data/v53.0/sobjects/Profile/00ed0000001A5e5AAC""},""Id"":""00ed0000001A5e5AAC"",""Name"":""ASU Service - TC - Dean's Office""}}},{""Parent"":{""Id"":""0PSd0000000r8zQGAQ"",""Type"":""Profile"",""Label"":""00ed0000001A5pHAAS"",""PermissionSetGroupId"":null,""Profile"":{""attributes"":{""type"":""Profile"",""url"":""/services/data/v53.0/sobjects/Profile/00ed0000001A5pHAAS""},""Id"":""00ed0000001A5pHAAS"",""Name"":""ASU Service - TC - English""}}},{""Parent"":{""Id"":""0PSd0000000r8zVGAQ"",""Type"":""Profile"",""Label"":""00ed0000001A5pMAAS"",""PermissionSetGroupId"":null,""Profile"":{""attributes"":{""type"":""Profile"",""url"":""/services/data/v53.0/sobjects/Profile/00ed0000001A5pMAAS""},""Id"":""00ed0000001A5pMAAS"",""Name"":""ASU Service - TC - SILC""}}},{""Parent"":{""Id"":""0PSd0000000r8zaGAA"",""Type"":""Profile"",""Label"":""00ed0000001A5pRAAS"",""PermissionSetGroupId"":null,""Profile"":{""attributes"":{""type"":""Profile"",""url"":""/services/data/v53.0/sobjects/Profile/00ed0000001A5pRAAS""},""Id"":""00ed0000001A5pRAAS"",""Name"":""ASU Service - TC - SHPRS""}}},{""Parent"":{""Id"":""0PSd0000000r93BGAQ"",""Type"":""Profile"",""Label"":""00ed0000001A5rcAAC"",""PermissionSetGroupId"":null,""Profile"":{""attributes"":{""type"":""Profile"",""url"":""/services/data/v53.0/sobjects/Profile/00ed0000001A5rcAAC""},""Id"":""00ed0000001A5rcAAC"",""Name"":""ASU Service - TC - SESE""}}},{""Parent"":{""Id"":""0PSd0000000r92mGAA"",""Type"":""Profile"",""Label"":""00ed0000001A5rDAAS"",""PermissionSetGroupId"":null,""Profile"":{""attributes"":{""type"":""Profile"",""url"":""/services/data/v53.0/sobjects/Profile/00ed0000001A5rDAAS""},""Id"":""00ed0000001A5rDAAS"",""Name"":""ASU Service - TC - SOLS""}}},{""Parent"":{""Id"":""0PSd0000000r92rGAA"",""Type"":""Profile"",""Label"":""00ed0000001A5rIAAS"",""PermissionSetGroupId"":null,""Profile"":{""attributes"":{""type"":""Profile"",""url"":""/services/data/v53.0/sobjects/Profile/00ed0000001A5rIAAS""},""Id"":""00ed0000001A5rIAAS"",""Name"":""ASU Service - TC - SoMSS""}}},{""Parent"":{""Id"":""0PSd0000000r92wGAA"",""Type"":""Profile"",""Label"":""00ed0000001A5rNAAS"",""PermissionSetGroupId"":null,""Profile"":{""attributes"":{""type"":""Profile"",""url"":""/services/data/v53.0/sobjects/Profile/00ed0000001A5rNAAS""},""Id"":""00ed0000001A5rNAAS"",""Name"":""ASU Service - TC  - SMS""}}},{""Parent"":{""Id"":""0PSd0000000r931GAA"",""Type"":""Profile"",""Label"":""00ed0000001A5rSAAS"",""PermissionSetGroupId"":null,""Profile"":{""attributes"":{""type"":""Profile"",""url"":""/services/data/v53.0/sobjects/Profile/00ed0000001A5rSAAS""},""Id"":""00ed0000001A5rSAAS"",""Name"":""ASU Service - TC - Physics""}}},{""Parent"":{""Id"":""0PSd0000000r936GAA"",""Type"":""Profile"",""Label"":""00ed0000001A5rXAAS"",""PermissionSetGroupId"":null,""Profile"":{""attributes"":{""type"":""Profile"",""url"":""/services/data/v53.0/sobjects/Profile/00ed0000001A5rXAAS""},""Id"":""00ed0000001A5rXAAS"",""Name"":""ASU Service - TC - Psychology""}}},{""Parent"":{""Id"":""0PSd0000000r8PUGAY"",""Type"":""Profile"",""Label"":""00ed0000001A5S7AAK"",""PermissionSetGroupId"":null,""Profile"":{""attributes"":{""type"":""Profile"",""url"":""/services/data/v53.0/sobjects/Profile/00ed0000001A5S7AAK""},""Id"":""00ed0000001A5S7AAK"",""Name"":""ASU Service - Curricular Activities and Actions""}}},{""Parent"":{""Id"":""0PSd0000000r8QpGAI"",""Type"":""Profile"",""Label"":""00ed0000001A5T8AAK"",""PermissionSetGroupId"":null,""Profile"":{""attributes"":{""type"":""Profile"",""url"":""/services/data/v53.0/sobjects/Profile/00ed0000001A5T8AAK""},""Id"":""00ed0000001A5T8AAK"",""Name"":""ASU Chatter Marketing Cloud User""}}},{""Parent"":{""Id"":""0PSd0000000r97mGAA"",""Type"":""Profile"",""Label"":""00ed0000001A5udAAC"",""PermissionSetGroupId"":null,""Profile"":{""attributes"":{""type"":""Profile"",""url"":""/services/data/v53.0/sobjects/Profile/00ed0000001A5udAAC""},""Id"":""00ed0000001A5udAAC"",""Name"":""ASU Service - TC - STS""}}},{""Parent"":{""Id"":""0PSd0000000r97SGAQ"",""Type"":""Profile"",""Label"":""00ed0000001A5uJAAS"",""PermissionSetGroupId"":null,""Profile"":{""attributes"":{""type"":""Profile"",""url"":""/services/data/v53.0/sobjects/Profile/00ed0000001A5uJAAS""},""Id"":""00ed0000001A5uJAAS"",""Name"":""ASU Service - TC - SGSUP""}}},{""Parent"":{""Id"":""0PSd0000000r97XGAQ"",""Type"":""Profile"",""Label"":""00ed0000001A5uOAAS"",""PermissionSetGroupId"":null,""Profile"":{""attributes"":{""type"":""Profile"",""url"":""/services/data/v53.0/sobjects/Profile/00ed0000001A5uOAAS""},""Id"":""00ed0000001A5uOAAS"",""Name"":""ASU Service - TC - HDSHC""}}},{""Parent"":{""Id"":""0PSd0000000r97cGAA"",""Type"":""Profile"",""Label"":""00ed0000001A5uTAAS"",""PermissionSetGroupId"":null,""Profile"":{""attributes"":{""type"":""Profile"",""url"":""/services/data/v53.0/sobjects/Profile/00ed0000001A5uTAAS""},""Id"":""00ed0000001A5uTAAS"",""Name"":""ASU Service - TC - SPGS""}}},{""Parent"":{""Id"":""0PSd0000000r97hGAA"",""Type"":""Profile"",""Label"":""00ed0000001A5uYAAS"",""PermissionSetGroupId"":null,""Profile"":{""attributes"":{""type"":""Profile"",""url"":""/services/data/v53.0/sobjects/Profile/00ed0000001A5uYAAS""},""Id"":""00ed0000001A5uYAAS"",""Name"":""ASU Service - TC - SHESC""}}},{""Parent"":{""Id"":""0PSd0000000r9AFGAY"",""Type"":""Profile"",""Label"":""00ed0000001A5vnAAC"",""PermissionSetGroupId"":null,""Profile"":{""attributes"":{""type"":""Profile"",""url"":""/services/data/v53.0/sobjects/Profile/00ed0000001A5vnAAC""},""Id"":""00ed0000001A5vnAAC"",""Name"":""ASU Service - Integrative Sciences and Arts""}}},{""Parent"":{""Id"":""0PSd0000000r8ZaGAI"",""Type"":""Profile"",""Label"":""00ed0000001A5ZRAA0"",""PermissionSetGroupId"":null,""Profile"":{""attributes"":{""type"":""Profile"",""url"":""/services/data/v53.0/sobjects/Profile/00ed0000001A5ZRAA0""},""Id"":""00ed0000001A5ZRAA0"",""Name"":""ASU Service - Global Education Office""}}},{""Parent"":{""Id"":""0PSd0000000rAdhGAE"",""Type"":""Profile"",""Label"":""00ed0000001A6alAAC"",""PermissionSetGroupId"":null,""Profile"":{""attributes"":{""type"":""Profile"",""url"":""/services/data/v53.0/sobjects/Profile/00ed0000001A6alAAC""},""Id"":""00ed0000001A6alAAC"",""Name"":""ASU Service - Student & Cultural Engagement""}}},{""Parent"":{""Id"":""0PSd0000000rAdmGAE"",""Type"":""Profile"",""Label"":""00ed0000001A6aqAAC"",""PermissionSetGroupId"":null,""Profile"":{""attributes"":{""type"":""Profile"",""url"":""/services/data/v53.0/sobjects/Profile/00ed0000001A6aqAAC""},""Id"":""00ed0000001A6aqAAC"",""Name"":""ASU Service - International Student Engagement""}}},{""Parent"":{""Id"":""0PSd0000000rAdrGAE"",""Type"":""Profile"",""Label"":""00ed0000001A6avAAC"",""PermissionSetGroupId"":null,""Profile"":{""attributes"":{""type"":""Profile"",""url"":""/services/data/v53.0/sobjects/Profile/00ed0000001A6avAAC""},""Id"":""00ed0000001A6avAAC"",""Name"":""ASU Service - Changemaker Central""}}},{""Parent"":{""Id"":""0PSd0000001o7EsGAI"",""Type"":""Profile"",""Label"":""00ed0000002FFRcAAO"",""PermissionSetGroupId"":null,""Profile"":{""attributes"":{""type"":""Profile"",""url"":""/services/data/v53.0/sobjects/Profile/00ed0000002FFRcAAO""},""Id"":""00ed0000002FFRcAAO"",""Name"":""ASU Recruitment - Freshman Recruiter (Temp Access to Org Wide)""}}},{""Parent"":{""Id"":""0PSd0000001o7ETGAY"",""Type"":""Profile"",""Label"":""00ed0000002FFRSAA4"",""PermissionSetGroupId"":null,""Profile"":{""attributes"":{""type"":""Profile"",""url"":""/services/data/v53.0/sobjects/Profile/00ed0000002FFRSAA4""},""Id"":""00ed0000002FFRSAA4"",""Name"":""ASU Service - Sun Devil Athletics""}}},{""Parent"":{""Id"":""0PSd0000001o7HmGAI"",""Type"":""Profile"",""Label"":""00ed0000002FFSLAA4"",""PermissionSetGroupId"":null,""Profile"":{""attributes"":{""type"":""Profile"",""url"":""/services/data/v53.0/sobjects/Profile/00ed0000002FFSLAA4""},""Id"":""00ed0000002FFSLAA4"",""Name"":""ASU Service - Office of the President (Temp Access to Org Wide)""}}},{""Parent"":{""Id"":""0PSd0000001o7VKGAY"",""Type"":""Profile"",""Label"":""00ed0000002FFY4AAO"",""PermissionSetGroupId"":null,""Profile"":{""attributes"":{""type"":""Profile"",""url"":""/services/data/v53.0/sobjects/Profile/00ed0000002FFY4AAO""},""Id"":""00ed0000002FFY4AAO"",""Name"":""ASU Service - ASU-USA Pathways""}}},{""Parent"":{""Id"":""0PSd0000001sK82GAE"",""Type"":""Profile"",""Label"":""00ed0000002JRvSAAW"",""PermissionSetGroupId"":null,""Profile"":{""attributes"":{""type"":""Profile"",""url"":""/services/data/v53.0/sobjects/Profile/00ed0000002JRvSAAW""},""Id"":""00ed0000002JRvSAAW"",""Name"":""ASU Service - First in the World Grant""}}},{""Parent"":{""Id"":""0PSd0000001sKJBGA2"",""Type"":""Profile"",""Label"":""00ed0000002JRyMAAW"",""PermissionSetGroupId"":null,""Profile"":{""attributes"":{""type"":""Profile"",""url"":""/services/data/v53.0/sobjects/Profile/00ed0000002JRyMAAW""},""Id"":""00ed0000002JRyMAAW"",""Name"":""ASU Service - ITCSS Library Services""}}},{""Parent"":{""Id"":""0PSd0000001sKNNGA2"",""Type"":""Profile"",""Label"":""00ed0000002JS0DAAW"",""PermissionSetGroupId"":null,""Profile"":{""attributes"":{""type"":""Profile"",""url"":""/services/data/v53.0/sobjects/Profile/00ed0000002JS0DAAW""},""Id"":""00ed0000002JS0DAAW"",""Name"":""ASU Service - Success Coach""}}},{""Parent"":{""Id"":""0PSd0000001sKO6GAM"",""Type"":""Profile"",""Label"":""00ed0000002JS0NAAW"",""PermissionSetGroupId"":null,""Profile"":{""attributes"":{""type"":""Profile"",""url"":""/services/data/v53.0/sobjects/Profile/00ed0000002JS0NAAW""},""Id"":""00ed0000002JS0NAAW"",""Name"":""ASU Service - TC - ISSR""}}},{""Parent"":{""Id"":""0PSd0000001jxObGAI"",""Type"":""Profile"",""Label"":""00ed0000002NelYAAS"",""PermissionSetGroupId"":null,""Profile"":{""attributes"":{""type"":""Profile"",""url"":""/services/data/v53.0/sobjects/Profile/00ed0000002NelYAAS""},""Id"":""00ed0000002NelYAAS"",""Name"":""ASU Service - Academic Partnerships""}}},{""Parent"":{""Id"":""0PSd0000001jxa8GAA"",""Type"":""Profile"",""Label"":""00ed0000002Neq4AAC"",""PermissionSetGroupId"":null,""Profile"":{""attributes"":{""type"":""Profile"",""url"":""/services/data/v53.0/sobjects/Profile/00ed0000002Neq4AAC""},""Id"":""00ed0000002Neq4AAC"",""Name"":""ASU Service - Student Accessibility and Inclusive Learning Services""}}},{""Parent"":{""Id"":""0PSd0000001jygbGAA"",""Type"":""Profile"",""Label"":""00ed0000002Nf7AAAS"",""PermissionSetGroupId"":null,""Profile"":{""attributes"":{""type"":""Profile"",""url"":""/services/data/v53.0/sobjects/Profile/00ed0000002Nf7AAAS""},""Id"":""00ed0000002Nf7AAAS"",""Name"":""ASU Recruitment - Business Intelligence""}}},{""Parent"":{""Id"":""0PSd0000000oWPgGAM"",""Type"":""Profile"",""Label"":""00ex00000018ozT_128_09_43_34_1"",""PermissionSetGroupId"":null,""Profile"":{""attributes"":{""type"":""Profile"",""url"":""/services/data/v53.0/sobjects/Profile/00ed00000017IobAAE""},""Id"":""00ed00000017IobAAE"",""Name"":""System Administrator""}}},{""Parent"":{""Id"":""0PS6T000001CZGsWAO"",""Type"":""Regular"",""Label"":""Role: EdPlus Coach Portal (Non-Success Coach)"",""PermissionSetGroupId"":null,""Profile"":null}}]"
"0660W0000037BZZQA2","MarketingCloudViewEmail","[{""Parent"":{""Id"":""0PSd0000000qzl5GAA"",""Type"":""Profile"",""Label"":""00ed00000019yKBAAY"",""PermissionSetGroupId"":null,""Profile"":{""attributes"":{""type"":""Profile"",""url"":""/services/data/v53.0/sobjects/Profile/00ed00000019yKBAAY""},""Id"":""00ed00000019yKBAAY"",""Name"":""ASU View All Data""}}},{""Parent"":{""Id"":""0PSd0000000oWPgGAM"",""Type"":""Profile"",""Label"":""00ex00000018ozT_128_09_43_34_1"",""PermissionSetGroupId"":null,""Profile"":{""attributes"":{""type"":""Profile"",""url"":""/services/data/v53.0/sobjects/Profile/00ed00000017IobAAE""},""Id"":""00ed00000017IobAAE"",""Name"":""System Administrator""}}}]"
"0660W000002iErYQAU","MyProfilePage","[{""Parent"":{""Id"":""0PSd0000000oWPgGAM"",""Type"":""Profile"",""Label"":""00ex00000018ozT_128_09_43_34_1"",""PermissionSetGroupId"":null,""Profile"":{""attributes"":{""type"":""Profile"",""url"":""/services/data/v53.0/sobjects/Profile/00ed00000017IobAAE""},""Id"":""00ed00000017IobAAE"",""Name"":""System Administrator""}}}]"
"066d0000002B812AAC","NewCorporateRelationsContact","[{""Parent"":{""Id"":""0PSd0000000qzl5GAA"",""Type"":""Profile"",""Label"":""00ed00000019yKBAAY"",""PermissionSetGroupId"":null,""Profile"":{""attributes"":{""type"":""Profile"",""url"":""/services/data/v53.0/sobjects/Profile/00ed00000019yKBAAY""},""Id"":""00ed00000019yKBAAY"",""Name"":""ASU View All Data""}}},{""Parent"":{""Id"":""0PSd0000000r49zGAA"",""Type"":""Profile"",""Label"":""00ed0000001A24iAAC"",""PermissionSetGroupId"":null,""Profile"":{""attributes"":{""type"":""Profile"",""url"":""/services/data/v53.0/sobjects/Profile/00ed0000001A24iAAC""},""Id"":""00ed0000001A24iAAC"",""Name"":""ASU Corporate Relations""}}},{""Parent"":{""Id"":""0PSd0000000oWPgGAM"",""Type"":""Profile"",""Label"":""00ex00000018ozT_128_09_43_34_1"",""PermissionSetGroupId"":null,""Profile"":{""attributes"":{""type"":""Profile"",""url"":""/services/data/v53.0/sobjects/Profile/00ed00000017IobAAE""},""Id"":""00ed00000017IobAAE"",""Name"":""System Administrator""}}},{""Parent"":{""Id"":""0PSd0000001jxZAGAY"",""Type"":""Regular"",""Label"":""Role: Corporate Relations"",""PermissionSetGroupId"":null,""Profile"":null}}]"
"0660W000003NyrRQAS","NonAuthenticatedLiveAgent","[{""Parent"":{""Id"":""0PS0W000001watlWAA"",""Type"":""Profile"",""Label"":""00e0W000002RsQNQA0"",""PermissionSetGroupId"":null,""Profile"":{""attributes"":{""type"":""Profile"",""url"":""/services/data/v53.0/sobjects/Profile/00e0W000002RsQNQA0""},""Id"":""00e0W000002RsQNQA0"",""Name"":""AsuChat Profile""}}},{""Parent"":{""Id"":""0PSd0000000r0bvGAA"",""Type"":""Profile"",""Label"":""00ed00000019z5nAAA"",""PermissionSetGroupId"":null,""Profile"":{""attributes"":{""type"":""Profile"",""url"":""/services/data/v53.0/sobjects/Profile/00ed00000019z5nAAA""},""Id"":""00ed00000019z5nAAA"",""Name"":""ASU Community""}}},{""Parent"":{""Id"":""0PSd0000000r0c0GAA"",""Type"":""Profile"",""Label"":""00ed00000019z5sAAA"",""PermissionSetGroupId"":null,""Profile"":{""attributes"":{""type"":""Profile"",""url"":""/services/data/v53.0/sobjects/Profile/00ed00000019z5sAAA""},""Id"":""00ed00000019z5sAAA"",""Name"":""ASU Community CAP""}}},{""Parent"":{""Id"":""0PSd0000000oWPgGAM"",""Type"":""Profile"",""Label"":""00ex00000018ozT_128_09_43_34_1"",""PermissionSetGroupId"":null,""Profile"":{""attributes"":{""type"":""Profile"",""url"":""/services/data/v53.0/sobjects/Profile/00ed00000017IobAAE""},""Id"":""00ed00000017IobAAE"",""Name"":""System Administrator""}}}]"
"0660W000003NyrSQAS","NonAuthenticatedLiveAgentLandingPage","[{""Parent"":{""Id"":""0PS0W000001watlWAA"",""Type"":""Profile"",""Label"":""00e0W000002RsQNQA0"",""PermissionSetGroupId"":null,""Profile"":{""attributes"":{""type"":""Profile"",""url"":""/services/data/v53.0/sobjects/Profile/00e0W000002RsQNQA0""},""Id"":""00e0W000002RsQNQA0"",""Name"":""AsuChat Profile""}}},{""Parent"":{""Id"":""0PSd0000000r0bvGAA"",""Type"":""Profile"",""Label"":""00ed00000019z5nAAA"",""PermissionSetGroupId"":null,""Profile"":{""attributes"":{""type"":""Profile"",""url"":""/services/data/v53.0/sobjects/Profile/00ed00000019z5nAAA""},""Id"":""00ed00000019z5nAAA"",""Name"":""ASU Community""}}},{""Parent"":{""Id"":""0PSd0000000r0c0GAA"",""Type"":""Profile"",""Label"":""00ed00000019z5sAAA"",""PermissionSetGroupId"":null,""Profile"":{""attributes"":{""type"":""Profile"",""url"":""/services/data/v53.0/sobjects/Profile/00ed00000019z5sAAA""},""Id"":""00ed00000019z5sAAA"",""Name"":""ASU Community CAP""}}},{""Parent"":{""Id"":""0PSd0000000oWPgGAM"",""Type"":""Profile"",""Label"":""00ex00000018ozT_128_09_43_34_1"",""PermissionSetGroupId"":null,""Profile"":{""attributes"":{""type"":""Profile"",""url"":""/services/data/v53.0/sobjects/Profile/00ed00000017IobAAE""},""Id"":""00ed00000017IobAAE"",""Name"":""System Administrator""}}}]"
"0660W000003BjjOQAS","ObjectScrambleInitiator","[{""Parent"":{""Id"":""0PSd0000000oWPgGAM"",""Type"":""Profile"",""Label"":""00ex00000018ozT_128_09_43_34_1"",""PermissionSetGroupId"":null,""Profile"":{""attributes"":{""type"":""Profile"",""url"":""/services/data/v53.0/sobjects/Profile/00ed00000017IobAAE""},""Id"":""00ed00000017IobAAE"",""Name"":""System Administrator""}}}]"
"0660W000003BjIdQAK","Omni_Default_Tab","[{""Parent"":{""Id"":""0PSd0000000oWPgGAM"",""Type"":""Profile"",""Label"":""00ex00000018ozT_128_09_43_34_1"",""PermissionSetGroupId"":null,""Profile"":{""attributes"":{""type"":""Profile"",""url"":""/services/data/v53.0/sobjects/Profile/00ed00000017IobAAE""},""Id"":""00ed00000017IobAAE"",""Name"":""System Administrator""}}},{""Parent"":{""Id"":""0PS6T000001k9tgWAA"",""Type"":""Group"",""Label"":""SMS Magic - Ed Plus Users"",""PermissionSetGroupId"":""0PG6T000000GmeoWAC"",""Profile"":null}},{""Parent"":{""Id"":""0PS0W000001fphbWAA"",""Type"":""Regular"",""Label"":""SMS Magic User Permission"",""PermissionSetGroupId"":null,""Profile"":null}},{""Parent"":{""Id"":""0PS6T000001k9thWAA"",""Type"":""Group"",""Label"":""SMS Magic Users - Academic Advisors Manager"",""PermissionSetGroupId"":""0PG6T000000GmepWAC"",""Profile"":null}},{""Parent"":{""Id"":""0PS6T000001k9tiWAA"",""Type"":""Group"",""Label"":""SMS Magic Users - Academic Advisors Staff"",""PermissionSetGroupId"":""0PG6T000000GmeqWAC"",""Profile"":null}},{""Parent"":{""Id"":""0PS6T000001k9tjWAA"",""Type"":""Group"",""Label"":""SMS Magic Users - FYS"",""PermissionSetGroupId"":""0PG6T000000GmerWAC"",""Profile"":null}},{""Parent"":{""Id"":""0PS6T000001k9tkWAA"",""Type"":""Group"",""Label"":""SMS Magic Users - Universal Learner Courses"",""PermissionSetGroupId"":""0PG6T000000GmesWAC"",""Profile"":null}}]"
"0660W000002qaEHQAY","Omni_Status","[{""Parent"":{""Id"":""0PSd0000000oWPgGAM"",""Type"":""Profile"",""Label"":""00ex00000018ozT_128_09_43_34_1"",""PermissionSetGroupId"":null,""Profile"":{""attributes"":{""type"":""Profile"",""url"":""/services/data/v53.0/sobjects/Profile/00ed00000017IobAAE""},""Id"":""00ed00000017IobAAE"",""Name"":""System Administrator""}}}]"
"066d0000002BGK0AAO","OnboardingAutomation","[{""Parent"":{""Id"":""0PSd0000000qzl5GAA"",""Type"":""Profile"",""Label"":""00ed00000019yKBAAY"",""PermissionSetGroupId"":null,""Profile"":{""attributes"":{""type"":""Profile"",""url"":""/services/data/v53.0/sobjects/Profile/00ed00000019yKBAAY""},""Id"":""00ed00000019yKBAAY"",""Name"":""ASU View All Data""}}},{""Parent"":{""Id"":""0PSd0000000oWPgGAM"",""Type"":""Profile"",""Label"":""00ex00000018ozT_128_09_43_34_1"",""PermissionSetGroupId"":null,""Profile"":{""attributes"":{""type"":""Profile"",""url"":""/services/data/v53.0/sobjects/Profile/00ed00000017IobAAE""},""Id"":""00ed00000017IobAAE"",""Name"":""System Administrator""}}}]"
"066d0000002Aq7fAAC","PeopleSoft_Financial_Aid_Case_Button","[{""Parent"":{""Id"":""0PS0W000001CNqIWAW"",""Type"":""Profile"",""Label"":""00e0W000001hh6oQAA"",""PermissionSetGroupId"":null,""Profile"":{""attributes"":{""type"":""Profile"",""url"":""/services/data/v53.0/sobjects/Profile/00e0W000001hh6oQAA""},""Id"":""00e0W000001hh6oQAA"",""Name"":""ASU Service - MasterCard Program""}}},{""Parent"":{""Id"":""0PS0W000001CNy2WAG"",""Type"":""Profile"",""Label"":""00e0W000001hhAbQAI"",""PermissionSetGroupId"":null,""Profile"":{""attributes"":{""type"":""Profile"",""url"":""/services/data/v53.0/sobjects/Profile/00e0W000001hhAbQAI""},""Id"":""00e0W000001hhAbQAI"",""Name"":""ASU Service - Public Service Academy""}}},{""Parent"":{""Id"":""0PS0W000001COffWAG"",""Type"":""Profile"",""Label"":""00e0W000001hhfyQAA"",""PermissionSetGroupId"":null,""Profile"":{""attributes"":{""type"":""Profile"",""url"":""/services/data/v53.0/sobjects/Profile/00e0W000001hhfyQAA""},""Id"":""00e0W000001hhfyQAA"",""Name"":""ASU Service - Biosafety""}}},{""Parent"":{""Id"":""0PS0W000001CO7YWAW"",""Type"":""Profile"",""Label"":""00e0W000001hhI6QAI"",""PermissionSetGroupId"":null,""Profile"":{""attributes"":{""type"":""Profile"",""url"":""/services/data/v53.0/sobjects/Profile/00e0W000001hhI6QAI""},""Id"":""00e0W000001hhI6QAI"",""Name"":""ASU Service - New College Deans Office""}}},{""Parent"":{""Id"":""0PS0W000001CO8CWAW"",""Type"":""Profile"",""Label"":""00e0W000001hhIfQAI"",""PermissionSetGroupId"":null,""Profile"":{""attributes"":{""type"":""Profile"",""url"":""/services/data/v53.0/sobjects/Profile/00e0W000001hhIfQAI""},""Id"":""00e0W000001hhIfQAI"",""Name"":""ASU Service - Engineering - K12 Engineering Education""}}},{""Parent"":{""Id"":""0PS0W000001GgWMWA0"",""Type"":""Profile"",""Label"":""00e0W000001lvaCQAQ"",""PermissionSetGroupId"":null,""Profile"":{""attributes"":{""type"":""Profile"",""url"":""/services/data/v53.0/sobjects/Profile/00e0W000001lvaCQAQ""},""Id"":""00e0W000001lvaCQAQ"",""Name"":""ASU Service - University Events & Protocol""}}},{""Parent"":{""Id"":""0PS0W000001Gga4WAC"",""Type"":""Profile"",""Label"":""00e0W000001lvb5QAA"",""PermissionSetGroupId"":null,""Profile"":{""attributes"":{""type"":""Profile"",""url"":""/services/data/v53.0/sobjects/Profile/00e0W000001lvb5QAA""},""Id"":""00e0W000001lvb5QAA"",""Name"":""ASU Service - Psychology Research Advancement""}}},{""Parent"":{""Id"":""0PS0W000001GgbCWAS"",""Type"":""Profile"",""Label"":""00e0W000001lvbKQAQ"",""PermissionSetGroupId"":null,""Profile"":{""attributes"":{""type"":""Profile"",""url"":""/services/data/v53.0/sobjects/Profile/00e0W000001lvbKQAQ""},""Id"":""00e0W000001lvbKQAQ"",""Name"":""ASU Service - ASU Local""}}},{""Parent"":{""Id"":""0PS0W000001GgfJWAS"",""Type"":""Profile"",""Label"":""00e0W000001lvcIQAQ"",""PermissionSetGroupId"":null,""Profile"":{""attributes"":{""type"":""Profile"",""url"":""/services/data/v53.0/sobjects/Profile/00e0W000001lvcIQAQ""},""Id"":""00e0W000001lvcIQAQ"",""Name"":""ASU Service - The College - Interplanetary Initiatives""}}},{""Parent"":{""Id"":""0PS0W000001GgzxWAC"",""Type"":""Profile"",""Label"":""00e0W000001lvdaQAA"",""PermissionSetGroupId"":null,""Profile"":{""attributes"":{""type"":""Profile"",""url"":""/services/data/v53.0/sobjects/Profile/00e0W000001lvdaQAA""},""Id"":""00e0W000001lvdaQAA"",""Name"":""ASU Service - Watts Bridging Success""}}},{""Parent"":{""Id"":""0PS0W000001GftOWAS"",""Type"":""Profile"",""Label"":""00e0W000001lvOQQAY"",""PermissionSetGroupId"":null,""Profile"":{""attributes"":{""type"":""Profile"",""url"":""/services/data/v53.0/sobjects/Profile/00e0W000001lvOQQAY""},""Id"":""00e0W000001lvOQQAY"",""Name"":""ASU Service - ASU Family Programs""}}},{""Parent"":{""Id"":""0PS0W000001Gg0eWAC"",""Type"":""Profile"",""Label"":""00e0W000001lvQvQAI"",""PermissionSetGroupId"":null,""Profile"":{""attributes"":{""type"":""Profile"",""url"":""/services/data/v53.0/sobjects/Profile/00e0W000001lvQvQAI""},""Id"":""00e0W000001lvQvQAI"",""Name"":""ASU Service - TC SOLS Academic Integrity""}}},{""Parent"":{""Id"":""0PS0W000001GiExWAK"",""Type"":""Profile"",""Label"":""00e0W000001lvubQAA"",""PermissionSetGroupId"":null,""Profile"":{""attributes"":{""type"":""Profile"",""url"":""/services/data/v53.0/sobjects/Profile/00e0W000001lvubQAA""},""Id"":""00e0W000001lvubQAA"",""Name"":""ASU Service - DNASU Plasmid Repository""}}},{""Parent"":{""Id"":""0PS0W000001P1NAWA0"",""Type"":""Profile"",""Label"":""00e0W0000022hBdQAI"",""PermissionSetGroupId"":null,""Profile"":{""attributes"":{""type"":""Profile"",""url"":""/services/data/v53.0/sobjects/Profile/00e0W0000022hBdQAI""},""Id"":""00e0W0000022hBdQAI"",""Name"":""ASU Service - Success Courses""}}},{""Parent"":{""Id"":""0PS0W000001fphCWAQ"",""Type"":""Profile"",""Label"":""00e0W0000026u4qQAA"",""PermissionSetGroupId"":null,""Profile"":{""attributes"":{""type"":""Profile"",""url"":""/services/data/v53.0/sobjects/Profile/00e0W0000026u4qQAA""},""Id"":""00e0W0000026u4qQAA"",""Name"":""ASU Service - Opportunities for Youth""}}},{""Parent"":{""Id"":""0PS0W000001KoULWA0"",""Type"":""Profile"",""Label"":""00e0W000002B4xjQAC"",""PermissionSetGroupId"":null,""Profile"":{""attributes"":{""type"":""Profile"",""url"":""/services/data/v53.0/sobjects/Profile/00e0W000002B4xjQAC""},""Id"":""00e0W000002B4xjQAC"",""Name"":""ASU Service - ATCS and Study Abroad""}}},{""Parent"":{""Id"":""0PS0W000001KpSQWA0"",""Type"":""Profile"",""Label"":""00e0W000002B5TBQA0"",""PermissionSetGroupId"":null,""Profile"":{""attributes"":{""type"":""Profile"",""url"":""/services/data/v53.0/sobjects/Profile/00e0W000002B5TBQA0""},""Id"":""00e0W000002B5TBQA0"",""Name"":""ASU Service - TC - SCETL""}}},{""Parent"":{""Id"":""0PS0W000001sbaPWAQ"",""Type"":""Profile"",""Label"":""00e0W000002JZOFQA4"",""PermissionSetGroupId"":null,""Profile"":{""attributes"":{""type"":""Profile"",""url"":""/services/data/v53.0/sobjects/Profile/00e0W000002JZOFQA4""},""Id"":""00e0W000002JZOFQA4"",""Name"":""ASU Service - Explore""}}},{""Parent"":{""Id"":""0PS0W000001sbktWAA"",""Type"":""Profile"",""Label"":""00e0W000002JZROQA4"",""PermissionSetGroupId"":null,""Profile"":{""attributes"":{""type"":""Profile"",""url"":""/services/data/v53.0/sobjects/Profile/00e0W000002JZROQA4""},""Id"":""00e0W000002JZROQA4"",""Name"":""ASU Service - College of Global Futures""}}},{""Parent"":{""Id"":""0PS0W000001jz1PWAQ"",""Type"":""Profile"",""Label"":""00e0W000002NfGqQAK"",""PermissionSetGroupId"":null,""Profile"":{""attributes"":{""type"":""Profile"",""url"":""/services/data/v53.0/sobjects/Profile/00e0W000002NfGqQAK""},""Id"":""00e0W000002NfGqQAK"",""Name"":""ASU Service - Enrollment Analysis""}}},{""Parent"":{""Id"":""0PS0W000001k9UOWAY"",""Type"":""Profile"",""Label"":""00e0W000002NjQ0QAK"",""PermissionSetGroupId"":null,""Profile"":{""attributes"":{""type"":""Profile"",""url"":""/services/data/v53.0/sobjects/Profile/00e0W000002NjQ0QAK""},""Id"":""00e0W000002NjQ0QAK"",""Name"":""ASU Service - International Students and Scholars Center SMS""}}},{""Parent"":{""Id"":""0PS6T000001CZe3WAG"",""Type"":""Profile"",""Label"":""00e6T000001hlA1QAI"",""PermissionSetGroupId"":null,""Profile"":{""attributes"":{""type"":""Profile"",""url"":""/services/data/v53.0/sobjects/Profile/00e6T000001hlA1QAI""},""Id"":""00e6T000001hlA1QAI"",""Name"":""ASU Service - Engineering - Poly HR""}}},{""Parent"":{""Id"":""0PS6T000001kAE8WAM"",""Type"":""Profile"",""Label"":""00e6T000002NjSuQAK"",""PermissionSetGroupId"":null,""Profile"":{""attributes"":{""type"":""Profile"",""url"":""/services/data/v53.0/sobjects/Profile/00e6T000002NjSuQAK""},""Id"":""00e6T000002NjSuQAK"",""Name"":""ASU Service - SMS API""}}},{""Parent"":{""Id"":""0PSd0000000H441GAC"",""Type"":""Profile"",""Label"":""00ed0000000jbjMAAQ"",""PermissionSetGroupId"":null,""Profile"":{""attributes"":{""type"":""Profile"",""url"":""/services/data/v53.0/sobjects/Profile/00ed0000000jbjMAAQ""},""Id"":""00ed0000000jbjMAAQ"",""Name"":""ASU Service - Design and the Arts""}}},{""Parent"":{""Id"":""0PSd0000000H4AQGA0"",""Type"":""Profile"",""Label"":""00ed0000000jbo2AAA"",""PermissionSetGroupId"":null,""Profile"":{""attributes"":{""type"":""Profile"",""url"":""/services/data/v53.0/sobjects/Profile/00ed0000000jbo2AAA""},""Id"":""00ed0000000jbo2AAA"",""Name"":""ASU Service - International Initiatives Graduate Education""}}},{""Parent"":{""Id"":""0PSd0000000H4BxGAK"",""Type"":""Profile"",""Label"":""00ed0000000jboMAAQ"",""PermissionSetGroupId"":null,""Profile"":{""attributes"":{""type"":""Profile"",""url"":""/services/data/v53.0/sobjects/Profile/00ed0000000jboMAAQ""},""Id"":""00ed0000000jboMAAQ"",""Name"":""ASU Service - W. P. Carey Business""}}},{""Parent"":{""Id"":""0PSd0000000H4C2GAK"",""Type"":""Profile"",""Label"":""00ed0000000jboRAAQ"",""PermissionSetGroupId"":null,""Profile"":{""attributes"":{""type"":""Profile"",""url"":""/services/data/v53.0/sobjects/Profile/00ed0000000jboRAAQ""},""Id"":""00ed0000000jboRAAQ"",""Name"":""ASU Service - Parking and Transit Services""}}},{""Parent"":{""Id"":""0PSd0000000H4C7GAK"",""Type"":""Profile"",""Label"":""00ed0000000jboWAAQ"",""PermissionSetGroupId"":null,""Profile"":{""attributes"":{""type"":""Profile"",""url"":""/services/data/v53.0/sobjects/Profile/00ed0000000jboWAAQ""},""Id"":""00ed0000000jboWAAQ"",""Name"":""ASU Service - First Year Success Center""}}},{""Parent"":{""Id"":""0PSd0000000H4J3GAK"",""Type"":""Profile"",""Label"":""00ed0000000jbqhAAA"",""PermissionSetGroupId"":null,""Profile"":{""attributes"":{""type"":""Profile"",""url"":""/services/data/v53.0/sobjects/Profile/00ed0000000jbqhAAA""},""Id"":""00ed0000000jbqhAAA"",""Name"":""ASU Service - Pat Tillman Veteran Center""}}},{""Parent"":{""Id"":""0PSd0000000H4J8GAK"",""Type"":""Profile"",""Label"":""00ed0000000jbqmAAA"",""PermissionSetGroupId"":null,""Profile"":{""attributes"":{""type"":""Profile"",""url"":""/services/data/v53.0/sobjects/Profile/00ed0000000jbqmAAA""},""Id"":""00ed0000000jbqmAAA"",""Name"":""ASU Service - Thunderbird""}}},{""Parent"":{""Id"":""0PSd0000000H4N0GAK"",""Type"":""Profile"",""Label"":""00ed0000000jbtHAAQ"",""PermissionSetGroupId"":null,""Profile"":{""attributes"":{""type"":""Profile"",""url"":""/services/data/v53.0/sobjects/Profile/00ed0000000jbtHAAQ""},""Id"":""00ed0000000jbtHAAQ"",""Name"":""ASU Service - EOSS""}}},{""Parent"":{""Id"":""0PSd0000000H4N5GAK"",""Type"":""Profile"",""Label"":""00ed0000000jbtMAAQ"",""PermissionSetGroupId"":null,""Profile"":{""attributes"":{""type"":""Profile"",""url"":""/services/data/v53.0/sobjects/Profile/00ed0000000jbtMAAQ""},""Id"":""00ed0000000jbtMAAQ"",""Name"":""ASU Service - Sun Devil Card Services""}}},{""Parent"":{""Id"":""0PSd0000000H4NAGA0"",""Type"":""Profile"",""Label"":""00ed0000000jbtRAAQ"",""PermissionSetGroupId"":null,""Profile"":{""attributes"":{""type"":""Profile"",""url"":""/services/data/v53.0/sobjects/Profile/00ed0000000jbtRAAQ""},""Id"":""00ed0000000jbtRAAQ"",""Name"":""ASU Service - Career Services""}}},{""Parent"":{""Id"":""0PSd0000000H4PVGA0"",""Type"":""Profile"",""Label"":""00ed0000000jbu5AAA"",""PermissionSetGroupId"":null,""Profile"":{""attributes"":{""type"":""Profile"",""url"":""/services/data/v53.0/sobjects/Profile/00ed0000000jbu5AAA""},""Id"":""00ed0000000jbu5AAA"",""Name"":""ASU Service - University Academic Success Programs""}}},{""Parent"":{""Id"":""0PSd0000000H4PaGAK"",""Type"":""Profile"",""Label"":""00ed0000000jbuAAAQ"",""PermissionSetGroupId"":null,""Profile"":{""attributes"":{""type"":""Profile"",""url"":""/services/data/v53.0/sobjects/Profile/00ed0000000jbuAAAQ""},""Id"":""00ed0000000jbuAAAQ"",""Name"":""ASU Service - Honors""}}},{""Parent"":{""Id"":""0PSd0000000H4QTGA0"",""Type"":""Profile"",""Label"":""00ed0000000jbujAAA"",""PermissionSetGroupId"":null,""Profile"":{""attributes"":{""type"":""Profile"",""url"":""/services/data/v53.0/sobjects/Profile/00ed0000000jbujAAA""},""Id"":""00ed0000000jbujAAA"",""Name"":""ASU Service - Journalism""}}},{""Parent"":{""Id"":""0PSd0000000H4QYGA0"",""Type"":""Profile"",""Label"":""00ed0000000jbuoAAA"",""PermissionSetGroupId"":null,""Profile"":{""attributes"":{""type"":""Profile"",""url"":""/services/data/v53.0/sobjects/Profile/00ed0000000jbuoAAA""},""Id"":""00ed0000000jbuoAAA"",""Name"":""ASU Service - Office of the University Provost""}}},{""Parent"":{""Id"":""0PSd0000000H3g5GAC"",""Type"":""Profile"",""Label"":""00ed0000000jbV9AAI"",""PermissionSetGroupId"":null,""Profile"":{""attributes"":{""type"":""Profile"",""url"":""/services/data/v53.0/sobjects/Profile/00ed0000000jbV9AAI""},""Id"":""00ed0000000jbV9AAI"",""Name"":""ASU Service - TC - AIS""}}},{""Parent"":{""Id"":""0PSd0000000H3gAGAS"",""Type"":""Profile"",""Label"":""00ed0000000jbVEAAY"",""PermissionSetGroupId"":null,""Profile"":{""attributes"":{""type"":""Profile"",""url"":""/services/data/v53.0/sobjects/Profile/00ed0000000jbVEAAY""},""Id"":""00ed0000000jbVEAAY"",""Name"":""ASU Service - TC  - The Sanford School""}}},{""Parent"":{""Id"":""0PSd0000000H3gFGAS"",""Type"":""Profile"",""Label"":""00ed0000000jbVJAAY"",""PermissionSetGroupId"":null,""Profile"":{""attributes"":{""type"":""Profile"",""url"":""/services/data/v53.0/sobjects/Profile/00ed0000000jbVJAAY""},""Id"":""00ed0000000jbVJAAY"",""Name"":""ASU Service - TC - SST""}}},{""Parent"":{""Id"":""0PSd0000000H3gKGAS"",""Type"":""Profile"",""Label"":""00ed0000000jbVOAAY"",""PermissionSetGroupId"":null,""Profile"":{""attributes"":{""type"":""Profile"",""url"":""/services/data/v53.0/sobjects/Profile/00ed0000000jbVOAAY""},""Id"":""00ed0000000jbVOAAY"",""Name"":""ASU Service - TC - Army ROTC""}}},{""Parent"":{""Id"":""0PSd0000000H4ThGAK"",""Type"":""Profile"",""Label"":""00ed0000000jbwGAAQ"",""PermissionSetGroupId"":null,""Profile"":{""attributes"":{""type"":""Profile"",""url"":""/services/data/v53.0/sobjects/Profile/00ed0000000jbwGAAQ""},""Id"":""00ed0000000jbwGAAQ"",""Name"":""ASU Service - ASU Salesforce Support""}}},{""Parent"":{""Id"":""0PSd0000000H4WlGAK"",""Type"":""Profile"",""Label"":""00ed0000000jbyCAAQ"",""PermissionSetGroupId"":null,""Profile"":{""attributes"":{""type"":""Profile"",""url"":""/services/data/v53.0/sobjects/Profile/00ed0000000jbyCAAQ""},""Id"":""00ed0000000jbyCAAQ"",""Name"":""ASU Service - International Students and Scholars Center""}}},{""Parent"":{""Id"":""0PSd0000000H4ZLGA0"",""Type"":""Profile"",""Label"":""00ed0000000jbz0AAA"",""PermissionSetGroupId"":null,""Profile"":{""attributes"":{""type"":""Profile"",""url"":""/services/data/v53.0/sobjects/Profile/00ed0000000jbz0AAA""},""Id"":""00ed0000000jbz0AAA"",""Name"":""ASU Service - School for the Future of Innovation in Society""}}},{""Parent"":{""Id"":""0PSd0000000H4ZQGA0"",""Type"":""Profile"",""Label"":""00ed0000000jbz5AAA"",""PermissionSetGroupId"":null,""Profile"":{""attributes"":{""type"":""Profile"",""url"":""/services/data/v53.0/sobjects/Profile/00ed0000000jbz5AAA""},""Id"":""00ed0000000jbz5AAA"",""Name"":""ASU Service - American Indian Student Support Services""}}},{""Parent"":{""Id"":""0PSd0000000H4hyGAC"",""Type"":""Profile"",""Label"":""00ed0000000jc4eAAA"",""PermissionSetGroupId"":null,""Profile"":{""attributes"":{""type"":""Profile"",""url"":""/services/data/v53.0/sobjects/Profile/00ed0000000jc4eAAA""},""Id"":""00ed0000000jc4eAAA"",""Name"":""ASU Service - ASU Wellness""}}},{""Parent"":{""Id"":""0PSd0000000H4i3GAC"",""Type"":""Profile"",""Label"":""00ed0000000jc4jAAA"",""PermissionSetGroupId"":null,""Profile"":{""attributes"":{""type"":""Profile"",""url"":""/services/data/v53.0/sobjects/Profile/00ed0000000jc4jAAA""},""Id"":""00ed0000000jc4jAAA"",""Name"":""ASU Service - Student Engagement""}}},{""Parent"":{""Id"":""0PSd0000000H4i8GAC"",""Type"":""Profile"",""Label"":""00ed0000000jc4oAAA"",""PermissionSetGroupId"":null,""Profile"":{""attributes"":{""type"":""Profile"",""url"":""/services/data/v53.0/sobjects/Profile/00ed0000000jc4oAAA""},""Id"":""00ed0000000jc4oAAA"",""Name"":""ASU Service - TRIO""}}},{""Parent"":{""Id"":""0PSd0000000H4iXGAS"",""Type"":""Profile"",""Label"":""00ed0000000jc5DAAQ"",""PermissionSetGroupId"":null,""Profile"":{""attributes"":{""type"":""Profile"",""url"":""/services/data/v53.0/sobjects/Profile/00ed0000000jc5DAAQ""},""Id"":""00ed0000000jc5DAAQ"",""Name"":""ASU Service - TC - Air Force ROTC""}}},{""Parent"":{""Id"":""0PSd0000000H4icGAC"",""Type"":""Profile"",""Label"":""00ed0000000jc5IAAQ"",""PermissionSetGroupId"":null,""Profile"":{""attributes"":{""type"":""Profile"",""url"":""/services/data/v53.0/sobjects/Profile/00ed0000000jc5IAAQ""},""Id"":""00ed0000000jc5IAAQ"",""Name"":""ASU Service - TC - Navy ROTC""}}},{""Parent"":{""Id"":""0PSd0000000H4rKGAS"",""Type"":""Profile"",""Label"":""00ed0000000jc9PAAQ"",""PermissionSetGroupId"":null,""Profile"":{""attributes"":{""type"":""Profile"",""url"":""/services/data/v53.0/sobjects/Profile/00ed0000000jc9PAAQ""},""Id"":""00ed0000000jc9PAAQ"",""Name"":""ASU Service - Fraternity & Sorority Life""}}},{""Parent"":{""Id"":""0PSd0000000H4rPGAS"",""Type"":""Profile"",""Label"":""00ed0000000jc9UAAQ"",""PermissionSetGroupId"":null,""Profile"":{""attributes"":{""type"":""Profile"",""url"":""/services/data/v53.0/sobjects/Profile/00ed0000000jc9UAAQ""},""Id"":""00ed0000000jc9UAAQ"",""Name"":""ASU Service - Dean of Students""}}},{""Parent"":{""Id"":""0PSd0000000H4wyGAC"",""Type"":""Profile"",""Label"":""00ed0000000jcCOAAY"",""PermissionSetGroupId"":null,""Profile"":{""attributes"":{""type"":""Profile"",""url"":""/services/data/v53.0/sobjects/Profile/00ed0000000jcCOAAY""},""Id"":""00ed0000000jcCOAAY"",""Name"":""ASU Service - Enterprise Marketing Hub""}}},{""Parent"":{""Id"":""0PSd0000000H4x3GAC"",""Type"":""Profile"",""Label"":""00ed0000000jcCTAAY"",""PermissionSetGroupId"":null,""Profile"":{""attributes"":{""type"":""Profile"",""url"":""/services/data/v53.0/sobjects/Profile/00ed0000000jcCTAAY""},""Id"":""00ed0000000jcCTAAY"",""Name"":""ASU Service - Print Anywhere Tier 2""}}},{""Parent"":{""Id"":""0PSd0000000H4x8GAC"",""Type"":""Profile"",""Label"":""00ed0000000jcCYAAY"",""PermissionSetGroupId"":null,""Profile"":{""attributes"":{""type"":""Profile"",""url"":""/services/data/v53.0/sobjects/Profile/00ed0000000jcCYAAY""},""Id"":""00ed0000000jcCYAAY"",""Name"":""ASU Service - Sun Devil Fitness""}}},{""Parent"":{""Id"":""0PSd0000000H523GAC"",""Type"":""Profile"",""Label"":""00ed0000000jcFDAAY"",""PermissionSetGroupId"":null,""Profile"":{""attributes"":{""type"":""Profile"",""url"":""/services/data/v53.0/sobjects/Profile/00ed0000000jcFDAAY""},""Id"":""00ed0000000jcFDAAY"",""Name"":""ASU Service - MU Information Desk""}}},{""Parent"":{""Id"":""0PSd0000000H55HGAS"",""Type"":""Profile"",""Label"":""00ed0000000jcGQAAY"",""PermissionSetGroupId"":null,""Profile"":{""attributes"":{""type"":""Profile"",""url"":""/services/data/v53.0/sobjects/Profile/00ed0000000jcGQAAY""},""Id"":""00ed0000000jcGQAAY"",""Name"":""ASU Service - Sun Devil Dining""}}},{""Parent"":{""Id"":""0PSd0000000H5zBGAS"",""Type"":""Profile"",""Label"":""00ed0000000jcPXAAY"",""PermissionSetGroupId"":null,""Profile"":{""attributes"":{""type"":""Profile"",""url"":""/services/data/v53.0/sobjects/Profile/00ed0000000jcPXAAY""},""Id"":""00ed0000000jcPXAAY"",""Name"":""ASU Service - Student Government""}}},{""Parent"":{""Id"":""0PSd0000000H6BWGA0"",""Type"":""Profile"",""Label"":""00ed0000000jcWYAAY"",""PermissionSetGroupId"":null,""Profile"":{""attributes"":{""type"":""Profile"",""url"":""/services/data/v53.0/sobjects/Profile/00ed0000000jcWYAAY""},""Id"":""00ed0000000jcWYAAY"",""Name"":""ASU Service - Strategic Initiatives""}}},{""Parent"":{""Id"":""0PSd0000000qzaSGAQ"",""Type"":""Profile"",""Label"":""00ed00000019yBlAAI"",""PermissionSetGroupId"":null,""Profile"":{""attributes"":{""type"":""Profile"",""url"":""/services/data/v53.0/sobjects/Profile/00ed00000019yBlAAI""},""Id"":""00ed00000019yBlAAI"",""Name"":""ASU Service - Financial Aid""}}},{""Parent"":{""Id"":""0PSd0000000qzl5GAA"",""Type"":""Profile"",""Label"":""00ed00000019yKBAAY"",""PermissionSetGroupId"":null,""Profile"":{""attributes"":{""type"":""Profile"",""url"":""/services/data/v53.0/sobjects/Profile/00ed00000019yKBAAY""},""Id"":""00ed00000019yKBAAY"",""Name"":""ASU View All Data""}}},{""Parent"":{""Id"":""0PSd0000000r3amGAA"",""Type"":""Profile"",""Label"":""00ed0000001A1eqAAC"",""PermissionSetGroupId"":null,""Profile"":{""attributes"":{""type"":""Profile"",""url"":""/services/data/v53.0/sobjects/Profile/00ed0000001A1eqAAC""},""Id"":""00ed0000001A1eqAAC"",""Name"":""ASU Service - Integrated Services""}}},{""Parent"":{""Id"":""0PSd0000000r39YGAQ"",""Type"":""Profile"",""Label"":""00ed0000001A1GfAAK"",""PermissionSetGroupId"":null,""Profile"":{""attributes"":{""type"":""Profile"",""url"":""/services/data/v53.0/sobjects/Profile/00ed0000001A1GfAAK""},""Id"":""00ed0000001A1GfAAK"",""Name"":""ASU Service - TEMPLATE""}}},{""Parent"":{""Id"":""0PSd0000000r4s2GAA"",""Type"":""Profile"",""Label"":""00ed0000001A2dLAAS"",""PermissionSetGroupId"":null,""Profile"":{""attributes"":{""type"":""Profile"",""url"":""/services/data/v53.0/sobjects/Profile/00ed0000001A2dLAAS""},""Id"":""00ed0000001A2dLAAS"",""Name"":""ASU Service - Engineering - Dean's Office""}}},{""Parent"":{""Id"":""0PSd0000000r4tZGAQ"",""Type"":""Profile"",""Label"":""00ed0000001A2eaAAC"",""PermissionSetGroupId"":null,""Profile"":{""attributes"":{""type"":""Profile"",""url"":""/services/data/v53.0/sobjects/Profile/00ed0000001A2eaAAC""},""Id"":""00ed0000001A2eaAAC"",""Name"":""ASU Service - Engineering - GOEE""}}},{""Parent"":{""Id"":""0PSd0000000r4teGAA"",""Type"":""Profile"",""Label"":""00ed0000001A2efAAC"",""PermissionSetGroupId"":null,""Profile"":{""attributes"":{""type"":""Profile"",""url"":""/services/data/v53.0/sobjects/Profile/00ed0000001A2efAAC""},""Id"":""00ed0000001A2efAAC"",""Name"":""ASU Service - Engineering - Poly""}}},{""Parent"":{""Id"":""0PSd0000000r4tjGAA"",""Type"":""Profile"",""Label"":""00ed0000001A2ekAAC"",""PermissionSetGroupId"":null,""Profile"":{""attributes"":{""type"":""Profile"",""url"":""/services/data/v53.0/sobjects/Profile/00ed0000001A2ekAAC""},""Id"":""00ed0000001A2ekAAC"",""Name"":""ASU Service - Engineering - SBHSE""}}},{""Parent"":{""Id"":""0PSd0000000r4toGAA"",""Type"":""Profile"",""Label"":""00ed0000001A2epAAC"",""PermissionSetGroupId"":null,""Profile"":{""attributes"":{""type"":""Profile"",""url"":""/services/data/v53.0/sobjects/Profile/00ed0000001A2epAAC""},""Id"":""00ed0000001A2epAAC"",""Name"":""ASU Service - Engineering - SEMTE""}}},{""Parent"":{""Id"":""0PSd0000000r4ttGAA"",""Type"":""Profile"",""Label"":""00ed0000001A2euAAC"",""PermissionSetGroupId"":null,""Profile"":{""attributes"":{""type"":""Profile"",""url"":""/services/data/v53.0/sobjects/Profile/00ed0000001A2euAAC""},""Id"":""00ed0000001A2euAAC"",""Name"":""ASU Service - Engineering - SSEBE""}}},{""Parent"":{""Id"":""0PSd0000000r4tUGAQ"",""Type"":""Profile"",""Label"":""00ed0000001A2eVAAS"",""PermissionSetGroupId"":null,""Profile"":{""attributes"":{""type"":""Profile"",""url"":""/services/data/v53.0/sobjects/Profile/00ed0000001A2eVAAS""},""Id"":""00ed0000001A2eVAAS"",""Name"":""ASU Service - Engineering - ECEE""}}},{""Parent"":{""Id"":""0PSd0000000r4tyGAA"",""Type"":""Profile"",""Label"":""00ed0000001A2ezAAC"",""PermissionSetGroupId"":null,""Profile"":{""attributes"":{""type"":""Profile"",""url"":""/services/data/v53.0/sobjects/Profile/00ed0000001A2ezAAC""},""Id"":""00ed0000001A2ezAAC"",""Name"":""ASU Service - Engineering - CIDSE""}}},{""Parent"":{""Id"":""0PSd0000000r4bhGAA"",""Type"":""Profile"",""Label"":""00ed0000001A2QNAA0"",""PermissionSetGroupId"":null,""Profile"":{""attributes"":{""type"":""Profile"",""url"":""/services/data/v53.0/sobjects/Profile/00ed0000001A2QNAA0""},""Id"":""00ed0000001A2QNAA0"",""Name"":""ASU Service - Access ASU Outreach""}}},{""Parent"":{""Id"":""0PSd0000000r5c8GAA"",""Type"":""Profile"",""Label"":""00ed0000001A3CUAA0"",""PermissionSetGroupId"":null,""Profile"":{""attributes"":{""type"":""Profile"",""url"":""/services/data/v53.0/sobjects/Profile/00ed0000001A3CUAA0""},""Id"":""00ed0000001A3CUAA0"",""Name"":""ASU Service - New Student Programs""}}},{""Parent"":{""Id"":""0PSd0000000r6MUGAY"",""Type"":""Profile"",""Label"":""00ed0000001A3nIAAS"",""PermissionSetGroupId"":null,""Profile"":{""attributes"":{""type"":""Profile"",""url"":""/services/data/v53.0/sobjects/Profile/00ed0000001A3nIAAS""},""Id"":""00ed0000001A3nIAAS"",""Name"":""ASU Service - University Housing""}}},{""Parent"":{""Id"":""0PSd0000000r60sGAA"",""Type"":""Profile"",""Label"":""00ed0000001A3X8AAK"",""PermissionSetGroupId"":null,""Profile"":{""attributes"":{""type"":""Profile"",""url"":""/services/data/v53.0/sobjects/Profile/00ed0000001A3X8AAK""},""Id"":""00ed0000001A3X8AAK"",""Name"":""ASU Training - College of ASU""}}},{""Parent"":{""Id"":""0PSd0000000r60xGAA"",""Type"":""Profile"",""Label"":""00ed0000001A3XDAA0"",""PermissionSetGroupId"":null,""Profile"":{""attributes"":{""type"":""Profile"",""url"":""/services/data/v53.0/sobjects/Profile/00ed0000001A3XDAA0""},""Id"":""00ed0000001A3XDAA0"",""Name"":""ASU Training - Department of ASU""}}},{""Parent"":{""Id"":""0PSd0000000r6ggGAA"",""Type"":""Profile"",""Label"":""00ed0000001A41pAAC"",""PermissionSetGroupId"":null,""Profile"":{""attributes"":{""type"":""Profile"",""url"":""/services/data/v53.0/sobjects/Profile/00ed0000001A41pAAC""},""Id"":""00ed0000001A41pAAC"",""Name"":""ASU Service - Sustainability""}}},{""Parent"":{""Id"":""0PSd0000000r6pgGAA"",""Type"":""Profile"",""Label"":""00ed0000001A49IAAS"",""PermissionSetGroupId"":null,""Profile"":{""attributes"":{""type"":""Profile"",""url"":""/services/data/v53.0/sobjects/Profile/00ed0000001A49IAAS""},""Id"":""00ed0000001A49IAAS"",""Name"":""ASU Service - Teachers College""}}},{""Parent"":{""Id"":""0PSd0000000r7PNGAY"",""Type"":""Profile"",""Label"":""00ed0000001A4dEAAS"",""PermissionSetGroupId"":null,""Profile"":{""attributes"":{""type"":""Profile"",""url"":""/services/data/v53.0/sobjects/Profile/00ed0000001A4dEAAS""},""Id"":""00ed0000001A4dEAAS"",""Name"":""ASU Service - Public Service""}}},{""Parent"":{""Id"":""0PSd0000000r7C5GAI"",""Type"":""Profile"",""Label"":""00ed0000001A4OpAAK"",""PermissionSetGroupId"":null,""Profile"":{""attributes"":{""type"":""Profile"",""url"":""/services/data/v53.0/sobjects/Profile/00ed0000001A4OpAAK""},""Id"":""00ed0000001A4OpAAK"",""Name"":""ASU Service - Nursing""}}},{""Parent"":{""Id"":""0PSd0000000r7FiGAI"",""Type"":""Profile"",""Label"":""00ed0000001A4RAAA0"",""PermissionSetGroupId"":null,""Profile"":{""attributes"":{""type"":""Profile"",""url"":""/services/data/v53.0/sobjects/Profile/00ed0000001A4RAAA0""},""Id"":""00ed0000001A4RAAA0"",""Name"":""ASU Service - Health Solutions""}}},{""Parent"":{""Id"":""0PSd0000000r7nEGAQ"",""Type"":""Profile"",""Label"":""00ed0000001A4x8AAC"",""PermissionSetGroupId"":null,""Profile"":{""attributes"":{""type"":""Profile"",""url"":""/services/data/v53.0/sobjects/Profile/00ed0000001A4x8AAC""},""Id"":""00ed0000001A4x8AAC"",""Name"":""ASU Service - New College""}}},{""Parent"":{""Id"":""0PSd0000000r7tuGAA"",""Type"":""Profile"",""Label"":""00ed0000001A52VAAS"",""PermissionSetGroupId"":null,""Profile"":{""attributes"":{""type"":""Profile"",""url"":""/services/data/v53.0/sobjects/Profile/00ed0000001A52VAAS""},""Id"":""00ed0000001A52VAAS"",""Name"":""ASU Service - Universal Learner Courses""}}},{""Parent"":{""Id"":""0PSd0000000r7v8GAA"",""Type"":""Profile"",""Label"":""00ed0000001A53VAAS"",""PermissionSetGroupId"":null,""Profile"":{""attributes"":{""type"":""Profile"",""url"":""/services/data/v53.0/sobjects/Profile/00ed0000001A53VAAS""},""Id"":""00ed0000001A53VAAS"",""Name"":""ASU Service - LMS Support""}}},{""Parent"":{""Id"":""0PSd0000000r8fDGAQ"",""Type"":""Profile"",""Label"":""00ed0000001A5dbAAC"",""PermissionSetGroupId"":null,""Profile"":{""attributes"":{""type"":""Profile"",""url"":""/services/data/v53.0/sobjects/Profile/00ed0000001A5dbAAC""},""Id"":""00ed0000001A5dbAAC"",""Name"":""ASU Service - Academic Transfer Credit Solutions""}}},{""Parent"":{""Id"":""0PSd0000000r8gGGAQ"",""Type"":""Profile"",""Label"":""00ed0000001A5e5AAC"",""PermissionSetGroupId"":null,""Profile"":{""attributes"":{""type"":""Profile"",""url"":""/services/data/v53.0/sobjects/Profile/00ed0000001A5e5AAC""},""Id"":""00ed0000001A5e5AAC"",""Name"":""ASU Service - TC - Dean's Office""}}},{""Parent"":{""Id"":""0PSd0000000r8zQGAQ"",""Type"":""Profile"",""Label"":""00ed0000001A5pHAAS"",""PermissionSetGroupId"":null,""Profile"":{""attributes"":{""type"":""Profile"",""url"":""/services/data/v53.0/sobjects/Profile/00ed0000001A5pHAAS""},""Id"":""00ed0000001A5pHAAS"",""Name"":""ASU Service - TC - English""}}},{""Parent"":{""Id"":""0PSd0000000r8zVGAQ"",""Type"":""Profile"",""Label"":""00ed0000001A5pMAAS"",""PermissionSetGroupId"":null,""Profile"":{""attributes"":{""type"":""Profile"",""url"":""/services/data/v53.0/sobjects/Profile/00ed0000001A5pMAAS""},""Id"":""00ed0000001A5pMAAS"",""Name"":""ASU Service - TC - SILC""}}},{""Parent"":{""Id"":""0PSd0000000r8zaGAA"",""Type"":""Profile"",""Label"":""00ed0000001A5pRAAS"",""PermissionSetGroupId"":null,""Profile"":{""attributes"":{""type"":""Profile"",""url"":""/services/data/v53.0/sobjects/Profile/00ed0000001A5pRAAS""},""Id"":""00ed0000001A5pRAAS"",""Name"":""ASU Service - TC - SHPRS""}}},{""Parent"":{""Id"":""0PSd0000000r93BGAQ"",""Type"":""Profile"",""Label"":""00ed0000001A5rcAAC"",""PermissionSetGroupId"":null,""Profile"":{""attributes"":{""type"":""Profile"",""url"":""/services/data/v53.0/sobjects/Profile/00ed0000001A5rcAAC""},""Id"":""00ed0000001A5rcAAC"",""Name"":""ASU Service - TC - SESE""}}},{""Parent"":{""Id"":""0PSd0000000r92mGAA"",""Type"":""Profile"",""Label"":""00ed0000001A5rDAAS"",""PermissionSetGroupId"":null,""Profile"":{""attributes"":{""type"":""Profile"",""url"":""/services/data/v53.0/sobjects/Profile/00ed0000001A5rDAAS""},""Id"":""00ed0000001A5rDAAS"",""Name"":""ASU Service - TC - SOLS""}}},{""Parent"":{""Id"":""0PSd0000000r92rGAA"",""Type"":""Profile"",""Label"":""00ed0000001A5rIAAS"",""PermissionSetGroupId"":null,""Profile"":{""attributes"":{""type"":""Profile"",""url"":""/services/data/v53.0/sobjects/Profile/00ed0000001A5rIAAS""},""Id"":""00ed0000001A5rIAAS"",""Name"":""ASU Service - TC - SoMSS""}}},{""Parent"":{""Id"":""0PSd0000000r92wGAA"",""Type"":""Profile"",""Label"":""00ed0000001A5rNAAS"",""PermissionSetGroupId"":null,""Profile"":{""attributes"":{""type"":""Profile"",""url"":""/services/data/v53.0/sobjects/Profile/00ed0000001A5rNAAS""},""Id"":""00ed0000001A5rNAAS"",""Name"":""ASU Service - TC  - SMS""}}},{""Parent"":{""Id"":""0PSd0000000r931GAA"",""Type"":""Profile"",""Label"":""00ed0000001A5rSAAS"",""PermissionSetGroupId"":null,""Profile"":{""attributes"":{""type"":""Profile"",""url"":""/services/data/v53.0/sobjects/Profile/00ed0000001A5rSAAS""},""Id"":""00ed0000001A5rSAAS"",""Name"":""ASU Service - TC - Physics""}}},{""Parent"":{""Id"":""0PSd0000000r936GAA"",""Type"":""Profile"",""Label"":""00ed0000001A5rXAAS"",""PermissionSetGroupId"":null,""Profile"":{""attributes"":{""type"":""Profile"",""url"":""/services/data/v53.0/sobjects/Profile/00ed0000001A5rXAAS""},""Id"":""00ed0000001A5rXAAS"",""Name"":""ASU Service - TC - Psychology""}}},{""Parent"":{""Id"":""0PSd0000000r8PUGAY"",""Type"":""Profile"",""Label"":""00ed0000001A5S7AAK"",""PermissionSetGroupId"":null,""Profile"":{""attributes"":{""type"":""Profile"",""url"":""/services/data/v53.0/sobjects/Profile/00ed0000001A5S7AAK""},""Id"":""00ed0000001A5S7AAK"",""Name"":""ASU Service - Curricular Activities and Actions""}}},{""Parent"":{""Id"":""0PSd0000000r97mGAA"",""Type"":""Profile"",""Label"":""00ed0000001A5udAAC"",""PermissionSetGroupId"":null,""Profile"":{""attributes"":{""type"":""Profile"",""url"":""/services/data/v53.0/sobjects/Profile/00ed0000001A5udAAC""},""Id"":""00ed0000001A5udAAC"",""Name"":""ASU Service - TC - STS""}}},{""Parent"":{""Id"":""0PSd0000000r97SGAQ"",""Type"":""Profile"",""Label"":""00ed0000001A5uJAAS"",""PermissionSetGroupId"":null,""Profile"":{""attributes"":{""type"":""Profile"",""url"":""/services/data/v53.0/sobjects/Profile/00ed0000001A5uJAAS""},""Id"":""00ed0000001A5uJAAS"",""Name"":""ASU Service - TC - SGSUP""}}},{""Parent"":{""Id"":""0PSd0000000r97XGAQ"",""Type"":""Profile"",""Label"":""00ed0000001A5uOAAS"",""PermissionSetGroupId"":null,""Profile"":{""attributes"":{""type"":""Profile"",""url"":""/services/data/v53.0/sobjects/Profile/00ed0000001A5uOAAS""},""Id"":""00ed0000001A5uOAAS"",""Name"":""ASU Service - TC - HDSHC""}}},{""Parent"":{""Id"":""0PSd0000000r97cGAA"",""Type"":""Profile"",""Label"":""00ed0000001A5uTAAS"",""PermissionSetGroupId"":null,""Profile"":{""attributes"":{""type"":""Profile"",""url"":""/services/data/v53.0/sobjects/Profile/00ed0000001A5uTAAS""},""Id"":""00ed0000001A5uTAAS"",""Name"":""ASU Service - TC - SPGS""}}},{""Parent"":{""Id"":""0PSd0000000r97hGAA"",""Type"":""Profile"",""Label"":""00ed0000001A5uYAAS"",""PermissionSetGroupId"":null,""Profile"":{""attributes"":{""type"":""Profile"",""url"":""/services/data/v53.0/sobjects/Profile/00ed0000001A5uYAAS""},""Id"":""00ed0000001A5uYAAS"",""Name"":""ASU Service - TC - SHESC""}}},{""Parent"":{""Id"":""0PSd0000000r9AFGAY"",""Type"":""Profile"",""Label"":""00ed0000001A5vnAAC"",""PermissionSetGroupId"":null,""Profile"":{""attributes"":{""type"":""Profile"",""url"":""/services/data/v53.0/sobjects/Profile/00ed0000001A5vnAAC""},""Id"":""00ed0000001A5vnAAC"",""Name"":""ASU Service - Integrative Sciences and Arts""}}},{""Parent"":{""Id"":""0PSd0000000r8ZaGAI"",""Type"":""Profile"",""Label"":""00ed0000001A5ZRAA0"",""PermissionSetGroupId"":null,""Profile"":{""attributes"":{""type"":""Profile"",""url"":""/services/data/v53.0/sobjects/Profile/00ed0000001A5ZRAA0""},""Id"":""00ed0000001A5ZRAA0"",""Name"":""ASU Service - Global Education Office""}}},{""Parent"":{""Id"":""0PSd0000000rAdhGAE"",""Type"":""Profile"",""Label"":""00ed0000001A6alAAC"",""PermissionSetGroupId"":null,""Profile"":{""attributes"":{""type"":""Profile"",""url"":""/services/data/v53.0/sobjects/Profile/00ed0000001A6alAAC""},""Id"":""00ed0000001A6alAAC"",""Name"":""ASU Service - Student & Cultural Engagement""}}},{""Parent"":{""Id"":""0PSd0000000rAdmGAE"",""Type"":""Profile"",""Label"":""00ed0000001A6aqAAC"",""PermissionSetGroupId"":null,""Profile"":{""attributes"":{""type"":""Profile"",""url"":""/services/data/v53.0/sobjects/Profile/00ed0000001A6aqAAC""},""Id"":""00ed0000001A6aqAAC"",""Name"":""ASU Service - International Student Engagement""}}},{""Parent"":{""Id"":""0PSd0000000rAdrGAE"",""Type"":""Profile"",""Label"":""00ed0000001A6avAAC"",""PermissionSetGroupId"":null,""Profile"":{""attributes"":{""type"":""Profile"",""url"":""/services/data/v53.0/sobjects/Profile/00ed0000001A6avAAC""},""Id"":""00ed0000001A6avAAC"",""Name"":""ASU Service - Changemaker Central""}}},{""Parent"":{""Id"":""0PSd0000001o7ETGAY"",""Type"":""Profile"",""Label"":""00ed0000002FFRSAA4"",""PermissionSetGroupId"":null,""Profile"":{""attributes"":{""type"":""Profile"",""url"":""/services/data/v53.0/sobjects/Profile/00ed0000002FFRSAA4""},""Id"":""00ed0000002FFRSAA4"",""Name"":""ASU Service - Sun Devil Athletics""}}},{""Parent"":{""Id"":""0PSd0000001o7VKGAY"",""Type"":""Profile"",""Label"":""00ed0000002FFY4AAO"",""PermissionSetGroupId"":null,""Profile"":{""attributes"":{""type"":""Profile"",""url"":""/services/data/v53.0/sobjects/Profile/00ed0000002FFY4AAO""},""Id"":""00ed0000002FFY4AAO"",""Name"":""ASU Service - ASU-USA Pathways""}}},{""Parent"":{""Id"":""0PSd0000001sK82GAE"",""Type"":""Profile"",""Label"":""00ed0000002JRvSAAW"",""PermissionSetGroupId"":null,""Profile"":{""attributes"":{""type"":""Profile"",""url"":""/services/data/v53.0/sobjects/Profile/00ed0000002JRvSAAW""},""Id"":""00ed0000002JRvSAAW"",""Name"":""ASU Service - First in the World Grant""}}},{""Parent"":{""Id"":""0PSd0000001sKJBGA2"",""Type"":""Profile"",""Label"":""00ed0000002JRyMAAW"",""PermissionSetGroupId"":null,""Profile"":{""attributes"":{""type"":""Profile"",""url"":""/services/data/v53.0/sobjects/Profile/00ed0000002JRyMAAW""},""Id"":""00ed0000002JRyMAAW"",""Name"":""ASU Service - ITCSS Library Services""}}},{""Parent"":{""Id"":""0PSd0000001sKNNGA2"",""Type"":""Profile"",""Label"":""00ed0000002JS0DAAW"",""PermissionSetGroupId"":null,""Profile"":{""attributes"":{""type"":""Profile"",""url"":""/services/data/v53.0/sobjects/Profile/00ed0000002JS0DAAW""},""Id"":""00ed0000002JS0DAAW"",""Name"":""ASU Service - Success Coach""}}},{""Parent"":{""Id"":""0PSd0000001sKO6GAM"",""Type"":""Profile"",""Label"":""00ed0000002JS0NAAW"",""PermissionSetGroupId"":null,""Profile"":{""attributes"":{""type"":""Profile"",""url"":""/services/data/v53.0/sobjects/Profile/00ed0000002JS0NAAW""},""Id"":""00ed0000002JS0NAAW"",""Name"":""ASU Service - TC - ISSR""}}},{""Parent"":{""Id"":""0PSd0000001jxObGAI"",""Type"":""Profile"",""Label"":""00ed0000002NelYAAS"",""PermissionSetGroupId"":null,""Profile"":{""attributes"":{""type"":""Profile"",""url"":""/services/data/v53.0/sobjects/Profile/00ed0000002NelYAAS""},""Id"":""00ed0000002NelYAAS"",""Name"":""ASU Service - Academic Partnerships""}}},{""Parent"":{""Id"":""0PSd0000001jxa8GAA"",""Type"":""Profile"",""Label"":""00ed0000002Neq4AAC"",""PermissionSetGroupId"":null,""Profile"":{""attributes"":{""type"":""Profile"",""url"":""/services/data/v53.0/sobjects/Profile/00ed0000002Neq4AAC""},""Id"":""00ed0000002Neq4AAC"",""Name"":""ASU Service - Student Accessibility and Inclusive Learning Services""}}},{""Parent"":{""Id"":""0PSd0000000oWPgGAM"",""Type"":""Profile"",""Label"":""00ex00000018ozT_128_09_43_34_1"",""PermissionSetGroupId"":null,""Profile"":{""attributes"":{""type"":""Profile"",""url"":""/services/data/v53.0/sobjects/Profile/00ed00000017IobAAE""},""Id"":""00ed00000017IobAAE"",""Name"":""System Administrator""}}},{""Parent"":{""Id"":""0PS6T000001CZGsWAO"",""Type"":""Regular"",""Label"":""Role: EdPlus Coach Portal (Non-Success Coach)"",""PermissionSetGroupId"":null,""Profile"":null}}]"
"0660W000002dizyQAA","PersistenceFeedback","[{""Parent"":{""Id"":""0PS0W000001GgbCWAS"",""Type"":""Profile"",""Label"":""00e0W000001lvbKQAQ"",""PermissionSetGroupId"":null,""Profile"":{""attributes"":{""type"":""Profile"",""url"":""/services/data/v53.0/sobjects/Profile/00e0W000001lvbKQAQ""},""Id"":""00e0W000001lvbKQAQ"",""Name"":""ASU Service - ASU Local""}}},{""Parent"":{""Id"":""0PS0W000001k9UOWAY"",""Type"":""Profile"",""Label"":""00e0W000002NjQ0QAK"",""PermissionSetGroupId"":null,""Profile"":{""attributes"":{""type"":""Profile"",""url"":""/services/data/v53.0/sobjects/Profile/00e0W000002NjQ0QAK""},""Id"":""00e0W000002NjQ0QAK"",""Name"":""ASU Service - International Students and Scholars Center SMS""}}},{""Parent"":{""Id"":""0PS6T000001k9crWAA"",""Type"":""Profile"",""Label"":""00e6T000002NjQeQAK"",""PermissionSetGroupId"":null,""Profile"":{""attributes"":{""type"":""Profile"",""url"":""/services/data/v53.0/sobjects/Profile/00e6T000002NjQeQAK""},""Id"":""00e6T000002NjQeQAK"",""Name"":""ASU Service - Information Technology Support Hub""}}},{""Parent"":{""Id"":""0PS6T000001kAE8WAM"",""Type"":""Profile"",""Label"":""00e6T000002NjSuQAK"",""PermissionSetGroupId"":null,""Profile"":{""attributes"":{""type"":""Profile"",""url"":""/services/data/v53.0/sobjects/Profile/00e6T000002NjSuQAK""},""Id"":""00e6T000002NjSuQAK"",""Name"":""ASU Service - SMS API""}}},{""Parent"":{""Id"":""0PSd0000000H4C7GAK"",""Type"":""Profile"",""Label"":""00ed0000000jboWAAQ"",""PermissionSetGroupId"":null,""Profile"":{""attributes"":{""type"":""Profile"",""url"":""/services/data/v53.0/sobjects/Profile/00ed0000000jboWAAQ""},""Id"":""00ed0000000jboWAAQ"",""Name"":""ASU Service - First Year Success Center""}}},{""Parent"":{""Id"":""0PSd0000000H4NAGA0"",""Type"":""Profile"",""Label"":""00ed0000000jbtRAAQ"",""PermissionSetGroupId"":null,""Profile"":{""attributes"":{""type"":""Profile"",""url"":""/services/data/v53.0/sobjects/Profile/00ed0000000jbtRAAQ""},""Id"":""00ed0000000jbtRAAQ"",""Name"":""ASU Service - Career Services""}}},{""Parent"":{""Id"":""0PSd0000000H4PVGA0"",""Type"":""Profile"",""Label"":""00ed0000000jbu5AAA"",""PermissionSetGroupId"":null,""Profile"":{""attributes"":{""type"":""Profile"",""url"":""/services/data/v53.0/sobjects/Profile/00ed0000000jbu5AAA""},""Id"":""00ed0000000jbu5AAA"",""Name"":""ASU Service - University Academic Success Programs""}}},{""Parent"":{""Id"":""0PSd0000000H4WlGAK"",""Type"":""Profile"",""Label"":""00ed0000000jbyCAAQ"",""PermissionSetGroupId"":null,""Profile"":{""attributes"":{""type"":""Profile"",""url"":""/services/data/v53.0/sobjects/Profile/00ed0000000jbyCAAQ""},""Id"":""00ed0000000jbyCAAQ"",""Name"":""ASU Service - International Students and Scholars Center""}}},{""Parent"":{""Id"":""0PSd0000000H4ZQGA0"",""Type"":""Profile"",""Label"":""00ed0000000jbz5AAA"",""PermissionSetGroupId"":null,""Profile"":{""attributes"":{""type"":""Profile"",""url"":""/services/data/v53.0/sobjects/Profile/00ed0000000jbz5AAA""},""Id"":""00ed0000000jbz5AAA"",""Name"":""ASU Service - American Indian Student Support Services""}}},{""Parent"":{""Id"":""0PSd0000000H4rPGAS"",""Type"":""Profile"",""Label"":""00ed0000000jc9UAAQ"",""PermissionSetGroupId"":null,""Profile"":{""attributes"":{""type"":""Profile"",""url"":""/services/data/v53.0/sobjects/Profile/00ed0000000jc9UAAQ""},""Id"":""00ed0000000jc9UAAQ"",""Name"":""ASU Service - Dean of Students""}}},{""Parent"":{""Id"":""0PSd0000000qzaSGAQ"",""Type"":""Profile"",""Label"":""00ed00000019yBlAAI"",""PermissionSetGroupId"":null,""Profile"":{""attributes"":{""type"":""Profile"",""url"":""/services/data/v53.0/sobjects/Profile/00ed00000019yBlAAI""},""Id"":""00ed00000019yBlAAI"",""Name"":""ASU Service - Financial Aid""}}},{""Parent"":{""Id"":""0PSd0000000qzawGAA"",""Type"":""Profile"",""Label"":""00ed00000019yC5AAI"",""PermissionSetGroupId"":null,""Profile"":{""attributes"":{""type"":""Profile"",""url"":""/services/data/v53.0/sobjects/Profile/00ed00000019yC5AAI""},""Id"":""00ed00000019yC5AAI"",""Name"":""ASU Service - Registrar""}}},{""Parent"":{""Id"":""0PSd0000000qzb1GAA"",""Type"":""Profile"",""Label"":""00ed00000019yCAAAY"",""PermissionSetGroupId"":null,""Profile"":{""attributes"":{""type"":""Profile"",""url"":""/services/data/v53.0/sobjects/Profile/00ed00000019yCAAAY""},""Id"":""00ed00000019yCAAAY"",""Name"":""ASU Service - Student Business Services""}}},{""Parent"":{""Id"":""0PSd0000000r0cKGAQ"",""Type"":""Profile"",""Label"":""00ed00000019z6CAAQ"",""PermissionSetGroupId"":null,""Profile"":{""attributes"":{""type"":""Profile"",""url"":""/services/data/v53.0/sobjects/Profile/00ed00000019z6CAAQ""},""Id"":""00ed00000019z6CAAQ"",""Name"":""ASU Service - Help Desk""}}},{""Parent"":{""Id"":""0PSd0000000r3amGAA"",""Type"":""Profile"",""Label"":""00ed0000001A1eqAAC"",""PermissionSetGroupId"":null,""Profile"":{""attributes"":{""type"":""Profile"",""url"":""/services/data/v53.0/sobjects/Profile/00ed0000001A1eqAAC""},""Id"":""00ed0000001A1eqAAC"",""Name"":""ASU Service - Integrated Services""}}},{""Parent"":{""Id"":""0PSd0000000r6MUGAY"",""Type"":""Profile"",""Label"":""00ed0000001A3nIAAS"",""PermissionSetGroupId"":null,""Profile"":{""attributes"":{""type"":""Profile"",""url"":""/services/data/v53.0/sobjects/Profile/00ed0000001A3nIAAS""},""Id"":""00ed0000001A3nIAAS"",""Name"":""ASU Service - University Housing""}}},{""Parent"":{""Id"":""0PSd0000000oWPgGAM"",""Type"":""Profile"",""Label"":""00ex00000018ozT_128_09_43_34_1"",""PermissionSetGroupId"":null,""Profile"":{""attributes"":{""type"":""Profile"",""url"":""/services/data/v53.0/sobjects/Profile/00ed00000017IobAAE""},""Id"":""00ed00000017IobAAE"",""Name"":""System Administrator""}}},{""Parent"":{""Id"":""0PSd0000001o7u5GAA"",""Type"":""Regular"",""Label"":""Role: Student Profile"",""PermissionSetGroupId"":null,""Profile"":null}}]"
"066d0000003BFsWAAW","PicklistDesc","[{""Parent"":{""Id"":""0PSd0000001sKNNGA2"",""Type"":""Profile"",""Label"":""00ed0000002JS0DAAW"",""PermissionSetGroupId"":null,""Profile"":{""attributes"":{""type"":""Profile"",""url"":""/services/data/v53.0/sobjects/Profile/00ed0000002JS0DAAW""},""Id"":""00ed0000002JS0DAAW"",""Name"":""ASU Service - Success Coach""}}},{""Parent"":{""Id"":""0PSd0000000oWPgGAM"",""Type"":""Profile"",""Label"":""00ex00000018ozT_128_09_43_34_1"",""PermissionSetGroupId"":null,""Profile"":{""attributes"":{""type"":""Profile"",""url"":""/services/data/v53.0/sobjects/Profile/00ed00000017IobAAE""},""Id"":""00ed00000017IobAAE"",""Name"":""System Administrator""}}},{""Parent"":{""Id"":""0PSd0000001sKhEGAU"",""Type"":""Regular"",""Label"":""Role: Academic Advisor Portal (Service Users)"",""PermissionSetGroupId"":null,""Profile"":null}},{""Parent"":{""Id"":""0PS6T000001CZGsWAO"",""Type"":""Regular"",""Label"":""Role: EdPlus Coach Portal (Non-Success Coach)"",""PermissionSetGroupId"":null,""Profile"":null}}]"
"066d0000002AVSLAA4","pkb_Home","[{""Parent"":{""Id"":""0PSd0000000quTfGAI"",""Type"":""Profile"",""Label"":""00ed00000019tQkAAI"",""PermissionSetGroupId"":null,""Profile"":{""attributes"":{""type"":""Profile"",""url"":""/services/data/v53.0/sobjects/Profile/00ed00000019tQkAAI""},""Id"":""00ed00000019tQkAAI"",""Name"":""Public Knowledge Base for ASU Profile""}}},{""Parent"":{""Id"":""0PSd0000000qzl5GAA"",""Type"":""Profile"",""Label"":""00ed00000019yKBAAY"",""PermissionSetGroupId"":null,""Profile"":{""attributes"":{""type"":""Profile"",""url"":""/services/data/v53.0/sobjects/Profile/00ed00000019yKBAAY""},""Id"":""00ed00000019yKBAAY"",""Name"":""ASU View All Data""}}},{""Parent"":{""Id"":""0PSd0000000oWPgGAM"",""Type"":""Profile"",""Label"":""00ex00000018ozT_128_09_43_34_1"",""PermissionSetGroupId"":null,""Profile"":{""attributes"":{""type"":""Profile"",""url"":""/services/data/v53.0/sobjects/Profile/00ed00000017IobAAE""},""Id"":""00ed00000017IobAAE"",""Name"":""System Administrator""}}},{""Parent"":{""Id"":""0PSd0000000quKmGAI"",""Type"":""Regular"",""Label"":""Additional Administrator Permissions"",""PermissionSetGroupId"":null,""Profile"":null}}]"
"066d0000002AVT4AAO","pkb_Home_ASU","[{""Parent"":{""Id"":""0PSd0000000quTfGAI"",""Type"":""Profile"",""Label"":""00ed00000019tQkAAI"",""PermissionSetGroupId"":null,""Profile"":{""attributes"":{""type"":""Profile"",""url"":""/services/data/v53.0/sobjects/Profile/00ed00000019tQkAAI""},""Id"":""00ed00000019tQkAAI"",""Name"":""Public Knowledge Base for ASU Profile""}}},{""Parent"":{""Id"":""0PSd0000000qzl5GAA"",""Type"":""Profile"",""Label"":""00ed00000019yKBAAY"",""PermissionSetGroupId"":null,""Profile"":{""attributes"":{""type"":""Profile"",""url"":""/services/data/v53.0/sobjects/Profile/00ed00000019yKBAAY""},""Id"":""00ed00000019yKBAAY"",""Name"":""ASU View All Data""}}},{""Parent"":{""Id"":""0PSd0000000oWPgGAM"",""Type"":""Profile"",""Label"":""00ex00000018ozT_128_09_43_34_1"",""PermissionSetGroupId"":null,""Profile"":{""attributes"":{""type"":""Profile"",""url"":""/services/data/v53.0/sobjects/Profile/00ed00000017IobAAE""},""Id"":""00ed00000017IobAAE"",""Name"":""System Administrator""}}},{""Parent"":{""Id"":""0PSd0000000quKmGAI"",""Type"":""Regular"",""Label"":""Additional Administrator Permissions"",""PermissionSetGroupId"":null,""Profile"":null}}]"
"066d0000002AVSMAA4","pkb_Home_fb","[{""Parent"":{""Id"":""0PSd0000000qzl5GAA"",""Type"":""Profile"",""Label"":""00ed00000019yKBAAY"",""PermissionSetGroupId"":null,""Profile"":{""attributes"":{""type"":""Profile"",""url"":""/services/data/v53.0/sobjects/Profile/00ed00000019yKBAAY""},""Id"":""00ed00000019yKBAAY"",""Name"":""ASU View All Data""}}},{""Parent"":{""Id"":""0PSd0000000oWPgGAM"",""Type"":""Profile"",""Label"":""00ex00000018ozT_128_09_43_34_1"",""PermissionSetGroupId"":null,""Profile"":{""attributes"":{""type"":""Profile"",""url"":""/services/data/v53.0/sobjects/Profile/00ed00000017IobAAE""},""Id"":""00ed00000017IobAAE"",""Name"":""System Administrator""}}},{""Parent"":{""Id"":""0PSd0000000quKmGAI"",""Type"":""Regular"",""Label"":""Additional Administrator Permissions"",""PermissionSetGroupId"":null,""Profile"":null}}]"
"066d0000002AVSRAA4","pkb_mobile","[{""Parent"":{""Id"":""0PSd0000000qzl5GAA"",""Type"":""Profile"",""Label"":""00ed00000019yKBAAY"",""PermissionSetGroupId"":null,""Profile"":{""attributes"":{""type"":""Profile"",""url"":""/services/data/v53.0/sobjects/Profile/00ed00000019yKBAAY""},""Id"":""00ed00000019yKBAAY"",""Name"":""ASU View All Data""}}},{""Parent"":{""Id"":""0PSd0000000oWPgGAM"",""Type"":""Profile"",""Label"":""00ex00000018ozT_128_09_43_34_1"",""PermissionSetGroupId"":null,""Profile"":{""attributes"":{""type"":""Profile"",""url"":""/services/data/v53.0/sobjects/Profile/00ed00000017IobAAE""},""Id"":""00ed00000017IobAAE"",""Name"":""System Administrator""}}},{""Parent"":{""Id"":""0PSd0000000quKmGAI"",""Type"":""Regular"",""Label"":""Additional Administrator Permissions"",""PermissionSetGroupId"":null,""Profile"":null}}]"
"066d0000002AVSSAA4","pkb_robottxt","[{""Parent"":{""Id"":""0PSd0000000qzl5GAA"",""Type"":""Profile"",""Label"":""00ed00000019yKBAAY"",""PermissionSetGroupId"":null,""Profile"":{""attributes"":{""type"":""Profile"",""url"":""/services/data/v53.0/sobjects/Profile/00ed00000019yKBAAY""},""Id"":""00ed00000019yKBAAY"",""Name"":""ASU View All Data""}}},{""Parent"":{""Id"":""0PSd0000000oWPgGAM"",""Type"":""Profile"",""Label"":""00ex00000018ozT_128_09_43_34_1"",""PermissionSetGroupId"":null,""Profile"":{""attributes"":{""type"":""Profile"",""url"":""/services/data/v53.0/sobjects/Profile/00ed00000017IobAAE""},""Id"":""00ed00000017IobAAE"",""Name"":""System Administrator""}}},{""Parent"":{""Id"":""0PSd0000000quKmGAI"",""Type"":""Regular"",""Label"":""Additional Administrator Permissions"",""PermissionSetGroupId"":null,""Profile"":null}}]"
"066d0000002AVSNAA4","pkb_RSS","[{""Parent"":{""Id"":""0PSd0000000quTfGAI"",""Type"":""Profile"",""Label"":""00ed00000019tQkAAI"",""PermissionSetGroupId"":null,""Profile"":{""attributes"":{""type"":""Profile"",""url"":""/services/data/v53.0/sobjects/Profile/00ed00000019tQkAAI""},""Id"":""00ed00000019tQkAAI"",""Name"":""Public Knowledge Base for ASU Profile""}}},{""Parent"":{""Id"":""0PSd0000000qzl5GAA"",""Type"":""Profile"",""Label"":""00ed00000019yKBAAY"",""PermissionSetGroupId"":null,""Profile"":{""attributes"":{""type"":""Profile"",""url"":""/services/data/v53.0/sobjects/Profile/00ed00000019yKBAAY""},""Id"":""00ed00000019yKBAAY"",""Name"":""ASU View All Data""}}},{""Parent"":{""Id"":""0PSd0000000oWPgGAM"",""Type"":""Profile"",""Label"":""00ex00000018ozT_128_09_43_34_1"",""PermissionSetGroupId"":null,""Profile"":{""attributes"":{""type"":""Profile"",""url"":""/services/data/v53.0/sobjects/Profile/00ed00000017IobAAE""},""Id"":""00ed00000017IobAAE"",""Name"":""System Administrator""}}},{""Parent"":{""Id"":""0PSd0000000quKmGAI"",""Type"":""Regular"",""Label"":""Additional Administrator Permissions"",""PermissionSetGroupId"":null,""Profile"":null}}]"
"066d0000002AVSOAA4","pkb_Settings","[{""Parent"":{""Id"":""0PSd0000000qzl5GAA"",""Type"":""Profile"",""Label"":""00ed00000019yKBAAY"",""PermissionSetGroupId"":null,""Profile"":{""attributes"":{""type"":""Profile"",""url"":""/services/data/v53.0/sobjects/Profile/00ed00000019yKBAAY""},""Id"":""00ed00000019yKBAAY"",""Name"":""ASU View All Data""}}},{""Parent"":{""Id"":""0PSd0000000oWPgGAM"",""Type"":""Profile"",""Label"":""00ex00000018ozT_128_09_43_34_1"",""PermissionSetGroupId"":null,""Profile"":{""attributes"":{""type"":""Profile"",""url"":""/services/data/v53.0/sobjects/Profile/00ed00000017IobAAE""},""Id"":""00ed00000017IobAAE"",""Name"":""System Administrator""}}},{""Parent"":{""Id"":""0PSd0000000quKmGAI"",""Type"":""Regular"",""Label"":""Additional Administrator Permissions"",""PermissionSetGroupId"":null,""Profile"":null}}]"
"066d0000002AVSUAA4","pkb_sitemap","[{""Parent"":{""Id"":""0PSd0000000qzl5GAA"",""Type"":""Profile"",""Label"":""00ed00000019yKBAAY"",""PermissionSetGroupId"":null,""Profile"":{""attributes"":{""type"":""Profile"",""url"":""/services/data/v53.0/sobjects/Profile/00ed00000019yKBAAY""},""Id"":""00ed00000019yKBAAY"",""Name"":""ASU View All Data""}}},{""Parent"":{""Id"":""0PSd0000000oWPgGAM"",""Type"":""Profile"",""Label"":""00ex00000018ozT_128_09_43_34_1"",""PermissionSetGroupId"":null,""Profile"":{""attributes"":{""type"":""Profile"",""url"":""/services/data/v53.0/sobjects/Profile/00ed00000017IobAAE""},""Id"":""00ed00000017IobAAE"",""Name"":""System Administrator""}}},{""Parent"":{""Id"":""0PSd0000000quKmGAI"",""Type"":""Regular"",""Label"":""Additional Administrator Permissions"",""PermissionSetGroupId"":null,""Profile"":null}}]"
"066d0000002AVSTAA4","pkb_siteMapIndex","[{""Parent"":{""Id"":""0PSd0000000qzl5GAA"",""Type"":""Profile"",""Label"":""00ed00000019yKBAAY"",""PermissionSetGroupId"":null,""Profile"":{""attributes"":{""type"":""Profile"",""url"":""/services/data/v53.0/sobjects/Profile/00ed00000019yKBAAY""},""Id"":""00ed00000019yKBAAY"",""Name"":""ASU View All Data""}}},{""Parent"":{""Id"":""0PSd0000000oWPgGAM"",""Type"":""Profile"",""Label"":""00ex00000018ozT_128_09_43_34_1"",""PermissionSetGroupId"":null,""Profile"":{""attributes"":{""type"":""Profile"",""url"":""/services/data/v53.0/sobjects/Profile/00ed00000017IobAAE""},""Id"":""00ed00000017IobAAE"",""Name"":""System Administrator""}}},{""Parent"":{""Id"":""0PSd0000000quKmGAI"",""Type"":""Regular"",""Label"":""Additional Administrator Permissions"",""PermissionSetGroupId"":null,""Profile"":null}}]"
"066d0000002AVSPAA4","pkb_Template","[{""Parent"":{""Id"":""0PSd0000000quTfGAI"",""Type"":""Profile"",""Label"":""00ed00000019tQkAAI"",""PermissionSetGroupId"":null,""Profile"":{""attributes"":{""type"":""Profile"",""url"":""/services/data/v53.0/sobjects/Profile/00ed00000019tQkAAI""},""Id"":""00ed00000019tQkAAI"",""Name"":""Public Knowledge Base for ASU Profile""}}},{""Parent"":{""Id"":""0PSd0000000qzl5GAA"",""Type"":""Profile"",""Label"":""00ed00000019yKBAAY"",""PermissionSetGroupId"":null,""Profile"":{""attributes"":{""type"":""Profile"",""url"":""/services/data/v53.0/sobjects/Profile/00ed00000019yKBAAY""},""Id"":""00ed00000019yKBAAY"",""Name"":""ASU View All Data""}}},{""Parent"":{""Id"":""0PSd0000000oWPgGAM"",""Type"":""Profile"",""Label"":""00ex00000018ozT_128_09_43_34_1"",""PermissionSetGroupId"":null,""Profile"":{""attributes"":{""type"":""Profile"",""url"":""/services/data/v53.0/sobjects/Profile/00ed00000017IobAAE""},""Id"":""00ed00000017IobAAE"",""Name"":""System Administrator""}}},{""Parent"":{""Id"":""0PSd0000000quKmGAI"",""Type"":""Regular"",""Label"":""Additional Administrator Permissions"",""PermissionSetGroupId"":null,""Profile"":null}}]"
"066d0000002AVT5AAO","pkb_Template_ASU","[{""Parent"":{""Id"":""0PSd0000000quTfGAI"",""Type"":""Profile"",""Label"":""00ed00000019tQkAAI"",""PermissionSetGroupId"":null,""Profile"":{""attributes"":{""type"":""Profile"",""url"":""/services/data/v53.0/sobjects/Profile/00ed00000019tQkAAI""},""Id"":""00ed00000019tQkAAI"",""Name"":""Public Knowledge Base for ASU Profile""}}},{""Parent"":{""Id"":""0PSd0000000qzl5GAA"",""Type"":""Profile"",""Label"":""00ed00000019yKBAAY"",""PermissionSetGroupId"":null,""Profile"":{""attributes"":{""type"":""Profile"",""url"":""/services/data/v53.0/sobjects/Profile/00ed00000019yKBAAY""},""Id"":""00ed00000019yKBAAY"",""Name"":""ASU View All Data""}}},{""Parent"":{""Id"":""0PSd0000000oWPgGAM"",""Type"":""Profile"",""Label"":""00ex00000018ozT_128_09_43_34_1"",""PermissionSetGroupId"":null,""Profile"":{""attributes"":{""type"":""Profile"",""url"":""/services/data/v53.0/sobjects/Profile/00ed00000017IobAAE""},""Id"":""00ed00000017IobAAE"",""Name"":""System Administrator""}}},{""Parent"":{""Id"":""0PSd0000000quKmGAI"",""Type"":""Regular"",""Label"":""Additional Administrator Permissions"",""PermissionSetGroupId"":null,""Profile"":null}}]"
"066d0000002AVSQAA4","pkb_Template_fb","[{""Parent"":{""Id"":""0PSd0000000qzl5GAA"",""Type"":""Profile"",""Label"":""00ed00000019yKBAAY"",""PermissionSetGroupId"":null,""Profile"":{""attributes"":{""type"":""Profile"",""url"":""/services/data/v53.0/sobjects/Profile/00ed00000019yKBAAY""},""Id"":""00ed00000019yKBAAY"",""Name"":""ASU View All Data""}}},{""Parent"":{""Id"":""0PSd0000000oWPgGAM"",""Type"":""Profile"",""Label"":""00ex00000018ozT_128_09_43_34_1"",""PermissionSetGroupId"":null,""Profile"":{""attributes"":{""type"":""Profile"",""url"":""/services/data/v53.0/sobjects/Profile/00ed00000017IobAAE""},""Id"":""00ed00000017IobAAE"",""Name"":""System Administrator""}}},{""Parent"":{""Id"":""0PSd0000000quKmGAI"",""Type"":""Regular"",""Label"":""Additional Administrator Permissions"",""PermissionSetGroupId"":null,""Profile"":null}}]"
"066d0000002BAHzAAO","ProfileAudit","[{""Parent"":{""Id"":""0PS0W000001CNqIWAW"",""Type"":""Profile"",""Label"":""00e0W000001hh6oQAA"",""PermissionSetGroupId"":null,""Profile"":{""attributes"":{""type"":""Profile"",""url"":""/services/data/v53.0/sobjects/Profile/00e0W000001hh6oQAA""},""Id"":""00e0W000001hh6oQAA"",""Name"":""ASU Service - MasterCard Program""}}},{""Parent"":{""Id"":""0PS0W000001CNy2WAG"",""Type"":""Profile"",""Label"":""00e0W000001hhAbQAI"",""PermissionSetGroupId"":null,""Profile"":{""attributes"":{""type"":""Profile"",""url"":""/services/data/v53.0/sobjects/Profile/00e0W000001hhAbQAI""},""Id"":""00e0W000001hhAbQAI"",""Name"":""ASU Service - Public Service Academy""}}},{""Parent"":{""Id"":""0PS0W000001COffWAG"",""Type"":""Profile"",""Label"":""00e0W000001hhfyQAA"",""PermissionSetGroupId"":null,""Profile"":{""attributes"":{""type"":""Profile"",""url"":""/services/data/v53.0/sobjects/Profile/00e0W000001hhfyQAA""},""Id"":""00e0W000001hhfyQAA"",""Name"":""ASU Service - Biosafety""}}},{""Parent"":{""Id"":""0PS0W000001CO7YWAW"",""Type"":""Profile"",""Label"":""00e0W000001hhI6QAI"",""PermissionSetGroupId"":null,""Profile"":{""attributes"":{""type"":""Profile"",""url"":""/services/data/v53.0/sobjects/Profile/00e0W000001hhI6QAI""},""Id"":""00e0W000001hhI6QAI"",""Name"":""ASU Service - New College Deans Office""}}},{""Parent"":{""Id"":""0PS0W000001CO8CWAW"",""Type"":""Profile"",""Label"":""00e0W000001hhIfQAI"",""PermissionSetGroupId"":null,""Profile"":{""attributes"":{""type"":""Profile"",""url"":""/services/data/v53.0/sobjects/Profile/00e0W000001hhIfQAI""},""Id"":""00e0W000001hhIfQAI"",""Name"":""ASU Service - Engineering - K12 Engineering Education""}}},{""Parent"":{""Id"":""0PS0W000001GgWMWA0"",""Type"":""Profile"",""Label"":""00e0W000001lvaCQAQ"",""PermissionSetGroupId"":null,""Profile"":{""attributes"":{""type"":""Profile"",""url"":""/services/data/v53.0/sobjects/Profile/00e0W000001lvaCQAQ""},""Id"":""00e0W000001lvaCQAQ"",""Name"":""ASU Service - University Events & Protocol""}}},{""Parent"":{""Id"":""0PS0W000001Gga4WAC"",""Type"":""Profile"",""Label"":""00e0W000001lvb5QAA"",""PermissionSetGroupId"":null,""Profile"":{""attributes"":{""type"":""Profile"",""url"":""/services/data/v53.0/sobjects/Profile/00e0W000001lvb5QAA""},""Id"":""00e0W000001lvb5QAA"",""Name"":""ASU Service - Psychology Research Advancement""}}},{""Parent"":{""Id"":""0PS0W000001GgbCWAS"",""Type"":""Profile"",""Label"":""00e0W000001lvbKQAQ"",""PermissionSetGroupId"":null,""Profile"":{""attributes"":{""type"":""Profile"",""url"":""/services/data/v53.0/sobjects/Profile/00e0W000001lvbKQAQ""},""Id"":""00e0W000001lvbKQAQ"",""Name"":""ASU Service - ASU Local""}}},{""Parent"":{""Id"":""0PS0W000001GgfJWAS"",""Type"":""Profile"",""Label"":""00e0W000001lvcIQAQ"",""PermissionSetGroupId"":null,""Profile"":{""attributes"":{""type"":""Profile"",""url"":""/services/data/v53.0/sobjects/Profile/00e0W000001lvcIQAQ""},""Id"":""00e0W000001lvcIQAQ"",""Name"":""ASU Service - The College - Interplanetary Initiatives""}}},{""Parent"":{""Id"":""0PS0W000001GgzxWAC"",""Type"":""Profile"",""Label"":""00e0W000001lvdaQAA"",""PermissionSetGroupId"":null,""Profile"":{""attributes"":{""type"":""Profile"",""url"":""/services/data/v53.0/sobjects/Profile/00e0W000001lvdaQAA""},""Id"":""00e0W000001lvdaQAA"",""Name"":""ASU Service - Watts Bridging Success""}}},{""Parent"":{""Id"":""0PS0W000001GftOWAS"",""Type"":""Profile"",""Label"":""00e0W000001lvOQQAY"",""PermissionSetGroupId"":null,""Profile"":{""attributes"":{""type"":""Profile"",""url"":""/services/data/v53.0/sobjects/Profile/00e0W000001lvOQQAY""},""Id"":""00e0W000001lvOQQAY"",""Name"":""ASU Service - ASU Family Programs""}}},{""Parent"":{""Id"":""0PS0W000001Gg0eWAC"",""Type"":""Profile"",""Label"":""00e0W000001lvQvQAI"",""PermissionSetGroupId"":null,""Profile"":{""attributes"":{""type"":""Profile"",""url"":""/services/data/v53.0/sobjects/Profile/00e0W000001lvQvQAI""},""Id"":""00e0W000001lvQvQAI"",""Name"":""ASU Service - TC SOLS Academic Integrity""}}},{""Parent"":{""Id"":""0PS0W000001GiExWAK"",""Type"":""Profile"",""Label"":""00e0W000001lvubQAA"",""PermissionSetGroupId"":null,""Profile"":{""attributes"":{""type"":""Profile"",""url"":""/services/data/v53.0/sobjects/Profile/00e0W000001lvubQAA""},""Id"":""00e0W000001lvubQAA"",""Name"":""ASU Service - DNASU Plasmid Repository""}}},{""Parent"":{""Id"":""0PS0W000001bgzVWAQ"",""Type"":""Profile"",""Label"":""00e0W000001yXmFQAU"",""PermissionSetGroupId"":null,""Profile"":{""attributes"":{""type"":""Profile"",""url"":""/services/data/v53.0/sobjects/Profile/00e0W000001yXmFQAU""},""Id"":""00e0W000001yXmFQAU"",""Name"":""ASU Recruitment - Team (ESISD)""}}},{""Parent"":{""Id"":""0PS0W000001P1NAWA0"",""Type"":""Profile"",""Label"":""00e0W0000022hBdQAI"",""PermissionSetGroupId"":null,""Profile"":{""attributes"":{""type"":""Profile"",""url"":""/services/data/v53.0/sobjects/Profile/00e0W0000022hBdQAI""},""Id"":""00e0W0000022hBdQAI"",""Name"":""ASU Service - Success Courses""}}},{""Parent"":{""Id"":""0PS0W000001fphCWAQ"",""Type"":""Profile"",""Label"":""00e0W0000026u4qQAA"",""PermissionSetGroupId"":null,""Profile"":{""attributes"":{""type"":""Profile"",""url"":""/services/data/v53.0/sobjects/Profile/00e0W0000026u4qQAA""},""Id"":""00e0W0000026u4qQAA"",""Name"":""ASU Service - Opportunities for Youth""}}},{""Parent"":{""Id"":""0PS0W000001KoULWA0"",""Type"":""Profile"",""Label"":""00e0W000002B4xjQAC"",""PermissionSetGroupId"":null,""Profile"":{""attributes"":{""type"":""Profile"",""url"":""/services/data/v53.0/sobjects/Profile/00e0W000002B4xjQAC""},""Id"":""00e0W000002B4xjQAC"",""Name"":""ASU Service - ATCS and Study Abroad""}}},{""Parent"":{""Id"":""0PS0W000001KpSQWA0"",""Type"":""Profile"",""Label"":""00e0W000002B5TBQA0"",""PermissionSetGroupId"":null,""Profile"":{""attributes"":{""type"":""Profile"",""url"":""/services/data/v53.0/sobjects/Profile/00e0W000002B5TBQA0""},""Id"":""00e0W000002B5TBQA0"",""Name"":""ASU Service - TC - SCETL""}}},{""Parent"":{""Id"":""0PS0W000001sbaPWAQ"",""Type"":""Profile"",""Label"":""00e0W000002JZOFQA4"",""PermissionSetGroupId"":null,""Profile"":{""attributes"":{""type"":""Profile"",""url"":""/services/data/v53.0/sobjects/Profile/00e0W000002JZOFQA4""},""Id"":""00e0W000002JZOFQA4"",""Name"":""ASU Service - Explore""}}},{""Parent"":{""Id"":""0PS0W000001sbktWAA"",""Type"":""Profile"",""Label"":""00e0W000002JZROQA4"",""PermissionSetGroupId"":null,""Profile"":{""attributes"":{""type"":""Profile"",""url"":""/services/data/v53.0/sobjects/Profile/00e0W000002JZROQA4""},""Id"":""00e0W000002JZROQA4"",""Name"":""ASU Service - College of Global Futures""}}},{""Parent"":{""Id"":""0PS0W000001jz1PWAQ"",""Type"":""Profile"",""Label"":""00e0W000002NfGqQAK"",""PermissionSetGroupId"":null,""Profile"":{""attributes"":{""type"":""Profile"",""url"":""/services/data/v53.0/sobjects/Profile/00e0W000002NfGqQAK""},""Id"":""00e0W000002NfGqQAK"",""Name"":""ASU Service - Enrollment Analysis""}}},{""Parent"":{""Id"":""0PS0W000001k9UOWAY"",""Type"":""Profile"",""Label"":""00e0W000002NjQ0QAK"",""PermissionSetGroupId"":null,""Profile"":{""attributes"":{""type"":""Profile"",""url"":""/services/data/v53.0/sobjects/Profile/00e0W000002NjQ0QAK""},""Id"":""00e0W000002NjQ0QAK"",""Name"":""ASU Service - International Students and Scholars Center SMS""}}},{""Parent"":{""Id"":""0PS6T000001CZe3WAG"",""Type"":""Profile"",""Label"":""00e6T000001hlA1QAI"",""PermissionSetGroupId"":null,""Profile"":{""attributes"":{""type"":""Profile"",""url"":""/services/data/v53.0/sobjects/Profile/00e6T000001hlA1QAI""},""Id"":""00e6T000001hlA1QAI"",""Name"":""ASU Service - Engineering - Poly HR""}}},{""Parent"":{""Id"":""0PS6T000001k9crWAA"",""Type"":""Profile"",""Label"":""00e6T000002NjQeQAK"",""PermissionSetGroupId"":null,""Profile"":{""attributes"":{""type"":""Profile"",""url"":""/services/data/v53.0/sobjects/Profile/00e6T000002NjQeQAK""},""Id"":""00e6T000002NjQeQAK"",""Name"":""ASU Service - Information Technology Support Hub""}}},{""Parent"":{""Id"":""0PS6T000001kAE8WAM"",""Type"":""Profile"",""Label"":""00e6T000002NjSuQAK"",""PermissionSetGroupId"":null,""Profile"":{""attributes"":{""type"":""Profile"",""url"":""/services/data/v53.0/sobjects/Profile/00e6T000002NjSuQAK""},""Id"":""00e6T000002NjSuQAK"",""Name"":""ASU Service - SMS API""}}},{""Parent"":{""Id"":""0PSd0000000H441GAC"",""Type"":""Profile"",""Label"":""00ed0000000jbjMAAQ"",""PermissionSetGroupId"":null,""Profile"":{""attributes"":{""type"":""Profile"",""url"":""/services/data/v53.0/sobjects/Profile/00ed0000000jbjMAAQ""},""Id"":""00ed0000000jbjMAAQ"",""Name"":""ASU Service - Design and the Arts""}}},{""Parent"":{""Id"":""0PSd0000000H4AQGA0"",""Type"":""Profile"",""Label"":""00ed0000000jbo2AAA"",""PermissionSetGroupId"":null,""Profile"":{""attributes"":{""type"":""Profile"",""url"":""/services/data/v53.0/sobjects/Profile/00ed0000000jbo2AAA""},""Id"":""00ed0000000jbo2AAA"",""Name"":""ASU Service - International Initiatives Graduate Education""}}},{""Parent"":{""Id"":""0PSd0000000H4BxGAK"",""Type"":""Profile"",""Label"":""00ed0000000jboMAAQ"",""PermissionSetGroupId"":null,""Profile"":{""attributes"":{""type"":""Profile"",""url"":""/services/data/v53.0/sobjects/Profile/00ed0000000jboMAAQ""},""Id"":""00ed0000000jboMAAQ"",""Name"":""ASU Service - W. P. Carey Business""}}},{""Parent"":{""Id"":""0PSd0000000H4C2GAK"",""Type"":""Profile"",""Label"":""00ed0000000jboRAAQ"",""PermissionSetGroupId"":null,""Profile"":{""attributes"":{""type"":""Profile"",""url"":""/services/data/v53.0/sobjects/Profile/00ed0000000jboRAAQ""},""Id"":""00ed0000000jboRAAQ"",""Name"":""ASU Service - Parking and Transit Services""}}},{""Parent"":{""Id"":""0PSd0000000H4C7GAK"",""Type"":""Profile"",""Label"":""00ed0000000jboWAAQ"",""PermissionSetGroupId"":null,""Profile"":{""attributes"":{""type"":""Profile"",""url"":""/services/data/v53.0/sobjects/Profile/00ed0000000jboWAAQ""},""Id"":""00ed0000000jboWAAQ"",""Name"":""ASU Service - First Year Success Center""}}},{""Parent"":{""Id"":""0PSd0000000H4J3GAK"",""Type"":""Profile"",""Label"":""00ed0000000jbqhAAA"",""PermissionSetGroupId"":null,""Profile"":{""attributes"":{""type"":""Profile"",""url"":""/services/data/v53.0/sobjects/Profile/00ed0000000jbqhAAA""},""Id"":""00ed0000000jbqhAAA"",""Name"":""ASU Service - Pat Tillman Veteran Center""}}},{""Parent"":{""Id"":""0PSd0000000H4J8GAK"",""Type"":""Profile"",""Label"":""00ed0000000jbqmAAA"",""PermissionSetGroupId"":null,""Profile"":{""attributes"":{""type"":""Profile"",""url"":""/services/data/v53.0/sobjects/Profile/00ed0000000jbqmAAA""},""Id"":""00ed0000000jbqmAAA"",""Name"":""ASU Service - Thunderbird""}}},{""Parent"":{""Id"":""0PSd0000000H4N0GAK"",""Type"":""Profile"",""Label"":""00ed0000000jbtHAAQ"",""PermissionSetGroupId"":null,""Profile"":{""attributes"":{""type"":""Profile"",""url"":""/services/data/v53.0/sobjects/Profile/00ed0000000jbtHAAQ""},""Id"":""00ed0000000jbtHAAQ"",""Name"":""ASU Service - EOSS""}}},{""Parent"":{""Id"":""0PSd0000000H4N5GAK"",""Type"":""Profile"",""Label"":""00ed0000000jbtMAAQ"",""PermissionSetGroupId"":null,""Profile"":{""attributes"":{""type"":""Profile"",""url"":""/services/data/v53.0/sobjects/Profile/00ed0000000jbtMAAQ""},""Id"":""00ed0000000jbtMAAQ"",""Name"":""ASU Service - Sun Devil Card Services""}}},{""Parent"":{""Id"":""0PSd0000000H4NAGA0"",""Type"":""Profile"",""Label"":""00ed0000000jbtRAAQ"",""PermissionSetGroupId"":null,""Profile"":{""attributes"":{""type"":""Profile"",""url"":""/services/data/v53.0/sobjects/Profile/00ed0000000jbtRAAQ""},""Id"":""00ed0000000jbtRAAQ"",""Name"":""ASU Service - Career Services""}}},{""Parent"":{""Id"":""0PSd0000000H4PVGA0"",""Type"":""Profile"",""Label"":""00ed0000000jbu5AAA"",""PermissionSetGroupId"":null,""Profile"":{""attributes"":{""type"":""Profile"",""url"":""/services/data/v53.0/sobjects/Profile/00ed0000000jbu5AAA""},""Id"":""00ed0000000jbu5AAA"",""Name"":""ASU Service - University Academic Success Programs""}}},{""Parent"":{""Id"":""0PSd0000000H4PaGAK"",""Type"":""Profile"",""Label"":""00ed0000000jbuAAAQ"",""PermissionSetGroupId"":null,""Profile"":{""attributes"":{""type"":""Profile"",""url"":""/services/data/v53.0/sobjects/Profile/00ed0000000jbuAAAQ""},""Id"":""00ed0000000jbuAAAQ"",""Name"":""ASU Service - Honors""}}},{""Parent"":{""Id"":""0PSd0000000H4QTGA0"",""Type"":""Profile"",""Label"":""00ed0000000jbujAAA"",""PermissionSetGroupId"":null,""Profile"":{""attributes"":{""type"":""Profile"",""url"":""/services/data/v53.0/sobjects/Profile/00ed0000000jbujAAA""},""Id"":""00ed0000000jbujAAA"",""Name"":""ASU Service - Journalism""}}},{""Parent"":{""Id"":""0PSd0000000H4QYGA0"",""Type"":""Profile"",""Label"":""00ed0000000jbuoAAA"",""PermissionSetGroupId"":null,""Profile"":{""attributes"":{""type"":""Profile"",""url"":""/services/data/v53.0/sobjects/Profile/00ed0000000jbuoAAA""},""Id"":""00ed0000000jbuoAAA"",""Name"":""ASU Service - Office of the University Provost""}}},{""Parent"":{""Id"":""0PSd0000000H3g5GAC"",""Type"":""Profile"",""Label"":""00ed0000000jbV9AAI"",""PermissionSetGroupId"":null,""Profile"":{""attributes"":{""type"":""Profile"",""url"":""/services/data/v53.0/sobjects/Profile/00ed0000000jbV9AAI""},""Id"":""00ed0000000jbV9AAI"",""Name"":""ASU Service - TC - AIS""}}},{""Parent"":{""Id"":""0PSd0000000H3gAGAS"",""Type"":""Profile"",""Label"":""00ed0000000jbVEAAY"",""PermissionSetGroupId"":null,""Profile"":{""attributes"":{""type"":""Profile"",""url"":""/services/data/v53.0/sobjects/Profile/00ed0000000jbVEAAY""},""Id"":""00ed0000000jbVEAAY"",""Name"":""ASU Service - TC  - The Sanford School""}}},{""Parent"":{""Id"":""0PSd0000000H3gFGAS"",""Type"":""Profile"",""Label"":""00ed0000000jbVJAAY"",""PermissionSetGroupId"":null,""Profile"":{""attributes"":{""type"":""Profile"",""url"":""/services/data/v53.0/sobjects/Profile/00ed0000000jbVJAAY""},""Id"":""00ed0000000jbVJAAY"",""Name"":""ASU Service - TC - SST""}}},{""Parent"":{""Id"":""0PSd0000000H3gKGAS"",""Type"":""Profile"",""Label"":""00ed0000000jbVOAAY"",""PermissionSetGroupId"":null,""Profile"":{""attributes"":{""type"":""Profile"",""url"":""/services/data/v53.0/sobjects/Profile/00ed0000000jbVOAAY""},""Id"":""00ed0000000jbVOAAY"",""Name"":""ASU Service - TC - Army ROTC""}}},{""Parent"":{""Id"":""0PSd0000000H4ThGAK"",""Type"":""Profile"",""Label"":""00ed0000000jbwGAAQ"",""PermissionSetGroupId"":null,""Profile"":{""attributes"":{""type"":""Profile"",""url"":""/services/data/v53.0/sobjects/Profile/00ed0000000jbwGAAQ""},""Id"":""00ed0000000jbwGAAQ"",""Name"":""ASU Service - ASU Salesforce Support""}}},{""Parent"":{""Id"":""0PSd0000000H4WlGAK"",""Type"":""Profile"",""Label"":""00ed0000000jbyCAAQ"",""PermissionSetGroupId"":null,""Profile"":{""attributes"":{""type"":""Profile"",""url"":""/services/data/v53.0/sobjects/Profile/00ed0000000jbyCAAQ""},""Id"":""00ed0000000jbyCAAQ"",""Name"":""ASU Service - International Students and Scholars Center""}}},{""Parent"":{""Id"":""0PSd0000000H4XoGAK"",""Type"":""Profile"",""Label"":""00ed0000000jbylAAA"",""PermissionSetGroupId"":null,""Profile"":{""attributes"":{""type"":""Profile"",""url"":""/services/data/v53.0/sobjects/Profile/00ed0000000jbylAAA""},""Id"":""00ed0000000jbylAAA"",""Name"":""ASU Recruitment - Graduate Recruiter""}}},{""Parent"":{""Id"":""0PSd0000000H4ZLGA0"",""Type"":""Profile"",""Label"":""00ed0000000jbz0AAA"",""PermissionSetGroupId"":null,""Profile"":{""attributes"":{""type"":""Profile"",""url"":""/services/data/v53.0/sobjects/Profile/00ed0000000jbz0AAA""},""Id"":""00ed0000000jbz0AAA"",""Name"":""ASU Service - School for the Future of Innovation in Society""}}},{""Parent"":{""Id"":""0PSd0000000H4ZQGA0"",""Type"":""Profile"",""Label"":""00ed0000000jbz5AAA"",""PermissionSetGroupId"":null,""Profile"":{""attributes"":{""type"":""Profile"",""url"":""/services/data/v53.0/sobjects/Profile/00ed0000000jbz5AAA""},""Id"":""00ed0000000jbz5AAA"",""Name"":""ASU Service - American Indian Student Support Services""}}},{""Parent"":{""Id"":""0PSd0000000H4hyGAC"",""Type"":""Profile"",""Label"":""00ed0000000jc4eAAA"",""PermissionSetGroupId"":null,""Profile"":{""attributes"":{""type"":""Profile"",""url"":""/services/data/v53.0/sobjects/Profile/00ed0000000jc4eAAA""},""Id"":""00ed0000000jc4eAAA"",""Name"":""ASU Service - ASU Wellness""}}},{""Parent"":{""Id"":""0PSd0000000H4i3GAC"",""Type"":""Profile"",""Label"":""00ed0000000jc4jAAA"",""PermissionSetGroupId"":null,""Profile"":{""attributes"":{""type"":""Profile"",""url"":""/services/data/v53.0/sobjects/Profile/00ed0000000jc4jAAA""},""Id"":""00ed0000000jc4jAAA"",""Name"":""ASU Service - Student Engagement""}}},{""Parent"":{""Id"":""0PSd0000000H4i8GAC"",""Type"":""Profile"",""Label"":""00ed0000000jc4oAAA"",""PermissionSetGroupId"":null,""Profile"":{""attributes"":{""type"":""Profile"",""url"":""/services/data/v53.0/sobjects/Profile/00ed0000000jc4oAAA""},""Id"":""00ed0000000jc4oAAA"",""Name"":""ASU Service - TRIO""}}},{""Parent"":{""Id"":""0PSd0000000H4iXGAS"",""Type"":""Profile"",""Label"":""00ed0000000jc5DAAQ"",""PermissionSetGroupId"":null,""Profile"":{""attributes"":{""type"":""Profile"",""url"":""/services/data/v53.0/sobjects/Profile/00ed0000000jc5DAAQ""},""Id"":""00ed0000000jc5DAAQ"",""Name"":""ASU Service - TC - Air Force ROTC""}}},{""Parent"":{""Id"":""0PSd0000000H4icGAC"",""Type"":""Profile"",""Label"":""00ed0000000jc5IAAQ"",""PermissionSetGroupId"":null,""Profile"":{""attributes"":{""type"":""Profile"",""url"":""/services/data/v53.0/sobjects/Profile/00ed0000000jc5IAAQ""},""Id"":""00ed0000000jc5IAAQ"",""Name"":""ASU Service - TC - Navy ROTC""}}},{""Parent"":{""Id"":""0PSd0000000H4rKGAS"",""Type"":""Profile"",""Label"":""00ed0000000jc9PAAQ"",""PermissionSetGroupId"":null,""Profile"":{""attributes"":{""type"":""Profile"",""url"":""/services/data/v53.0/sobjects/Profile/00ed0000000jc9PAAQ""},""Id"":""00ed0000000jc9PAAQ"",""Name"":""ASU Service - Fraternity & Sorority Life""}}},{""Parent"":{""Id"":""0PSd0000000H4rPGAS"",""Type"":""Profile"",""Label"":""00ed0000000jc9UAAQ"",""PermissionSetGroupId"":null,""Profile"":{""attributes"":{""type"":""Profile"",""url"":""/services/data/v53.0/sobjects/Profile/00ed0000000jc9UAAQ""},""Id"":""00ed0000000jc9UAAQ"",""Name"":""ASU Service - Dean of Students""}}},{""Parent"":{""Id"":""0PSd0000000H4wyGAC"",""Type"":""Profile"",""Label"":""00ed0000000jcCOAAY"",""PermissionSetGroupId"":null,""Profile"":{""attributes"":{""type"":""Profile"",""url"":""/services/data/v53.0/sobjects/Profile/00ed0000000jcCOAAY""},""Id"":""00ed0000000jcCOAAY"",""Name"":""ASU Service - Enterprise Marketing Hub""}}},{""Parent"":{""Id"":""0PSd0000000H4x3GAC"",""Type"":""Profile"",""Label"":""00ed0000000jcCTAAY"",""PermissionSetGroupId"":null,""Profile"":{""attributes"":{""type"":""Profile"",""url"":""/services/data/v53.0/sobjects/Profile/00ed0000000jcCTAAY""},""Id"":""00ed0000000jcCTAAY"",""Name"":""ASU Service - Print Anywhere Tier 2""}}},{""Parent"":{""Id"":""0PSd0000000H4x8GAC"",""Type"":""Profile"",""Label"":""00ed0000000jcCYAAY"",""PermissionSetGroupId"":null,""Profile"":{""attributes"":{""type"":""Profile"",""url"":""/services/data/v53.0/sobjects/Profile/00ed0000000jcCYAAY""},""Id"":""00ed0000000jcCYAAY"",""Name"":""ASU Service - Sun Devil Fitness""}}},{""Parent"":{""Id"":""0PSd0000000H523GAC"",""Type"":""Profile"",""Label"":""00ed0000000jcFDAAY"",""PermissionSetGroupId"":null,""Profile"":{""attributes"":{""type"":""Profile"",""url"":""/services/data/v53.0/sobjects/Profile/00ed0000000jcFDAAY""},""Id"":""00ed0000000jcFDAAY"",""Name"":""ASU Service - MU Information Desk""}}},{""Parent"":{""Id"":""0PSd0000000H55HGAS"",""Type"":""Profile"",""Label"":""00ed0000000jcGQAAY"",""PermissionSetGroupId"":null,""Profile"":{""attributes"":{""type"":""Profile"",""url"":""/services/data/v53.0/sobjects/Profile/00ed0000000jcGQAAY""},""Id"":""00ed0000000jcGQAAY"",""Name"":""ASU Service - Sun Devil Dining""}}},{""Parent"":{""Id"":""0PSd0000000H5zBGAS"",""Type"":""Profile"",""Label"":""00ed0000000jcPXAAY"",""PermissionSetGroupId"":null,""Profile"":{""attributes"":{""type"":""Profile"",""url"":""/services/data/v53.0/sobjects/Profile/00ed0000000jcPXAAY""},""Id"":""00ed0000000jcPXAAY"",""Name"":""ASU Service - Student Government""}}},{""Parent"":{""Id"":""0PSd0000000H6BWGA0"",""Type"":""Profile"",""Label"":""00ed0000000jcWYAAY"",""PermissionSetGroupId"":null,""Profile"":{""attributes"":{""type"":""Profile"",""url"":""/services/data/v53.0/sobjects/Profile/00ed0000000jcWYAAY""},""Id"":""00ed0000000jcWYAAY"",""Name"":""ASU Service - Strategic Initiatives""}}},{""Parent"":{""Id"":""0PSd0000000qu4sGAA"",""Type"":""Profile"",""Label"":""00ed00000019t5vAAA"",""PermissionSetGroupId"":null,""Profile"":{""attributes"":{""type"":""Profile"",""url"":""/services/data/v53.0/sobjects/Profile/00ed00000019t5vAAA""},""Id"":""00ed00000019t5vAAA"",""Name"":""ASU Knowledge User""}}},{""Parent"":{""Id"":""0PSd0000000qUhbGAE"",""Type"":""Profile"",""Label"":""00ed00000019TqNAAU"",""PermissionSetGroupId"":null,""Profile"":{""attributes"":{""type"":""Profile"",""url"":""/services/data/v53.0/sobjects/Profile/00ed00000019TqNAAU""},""Id"":""00ed00000019TqNAAU"",""Name"":""ASU Marketing User""}}},{""Parent"":{""Id"":""0PSd0000000qzaSGAQ"",""Type"":""Profile"",""Label"":""00ed00000019yBlAAI"",""PermissionSetGroupId"":null,""Profile"":{""attributes"":{""type"":""Profile"",""url"":""/services/data/v53.0/sobjects/Profile/00ed00000019yBlAAI""},""Id"":""00ed00000019yBlAAI"",""Name"":""ASU Service - Financial Aid""}}},{""Parent"":{""Id"":""0PSd0000000qzawGAA"",""Type"":""Profile"",""Label"":""00ed00000019yC5AAI"",""PermissionSetGroupId"":null,""Profile"":{""attributes"":{""type"":""Profile"",""url"":""/services/data/v53.0/sobjects/Profile/00ed00000019yC5AAI""},""Id"":""00ed00000019yC5AAI"",""Name"":""ASU Service - Registrar""}}},{""Parent"":{""Id"":""0PSd0000000qzb1GAA"",""Type"":""Profile"",""Label"":""00ed00000019yCAAAY"",""PermissionSetGroupId"":null,""Profile"":{""attributes"":{""type"":""Profile"",""url"":""/services/data/v53.0/sobjects/Profile/00ed00000019yCAAAY""},""Id"":""00ed00000019yCAAAY"",""Name"":""ASU Service - Student Business Services""}}},{""Parent"":{""Id"":""0PSd0000000qzl5GAA"",""Type"":""Profile"",""Label"":""00ed00000019yKBAAY"",""PermissionSetGroupId"":null,""Profile"":{""attributes"":{""type"":""Profile"",""url"":""/services/data/v53.0/sobjects/Profile/00ed00000019yKBAAY""},""Id"":""00ed00000019yKBAAY"",""Name"":""ASU View All Data""}}},{""Parent"":{""Id"":""0PSd0000000r0cAGAQ"",""Type"":""Profile"",""Label"":""00ed00000019z62AAA"",""PermissionSetGroupId"":null,""Profile"":{""attributes"":{""type"":""Profile"",""url"":""/services/data/v53.0/sobjects/Profile/00ed00000019z62AAA""},""Id"":""00ed00000019z62AAA"",""Name"":""ASU Service - ASU Online""}}},{""Parent"":{""Id"":""0PSd0000000r0cFGAQ"",""Type"":""Profile"",""Label"":""00ed00000019z67AAA"",""PermissionSetGroupId"":null,""Profile"":{""attributes"":{""type"":""Profile"",""url"":""/services/data/v53.0/sobjects/Profile/00ed00000019z67AAA""},""Id"":""00ed00000019z67AAA"",""Name"":""ASU Service - ESM Online""}}},{""Parent"":{""Id"":""0PSd0000000r0cKGAQ"",""Type"":""Profile"",""Label"":""00ed00000019z6CAAQ"",""PermissionSetGroupId"":null,""Profile"":{""attributes"":{""type"":""Profile"",""url"":""/services/data/v53.0/sobjects/Profile/00ed00000019z6CAAQ""},""Id"":""00ed00000019z6CAAQ"",""Name"":""ASU Service - Help Desk""}}},{""Parent"":{""Id"":""0PSd0000000r0qtGAA"",""Type"":""Profile"",""Label"":""00ed00000019zIqAAI"",""PermissionSetGroupId"":null,""Profile"":{""attributes"":{""type"":""Profile"",""url"":""/services/data/v53.0/sobjects/Profile/00ed00000019zIqAAI""},""Id"":""00ed00000019zIqAAI"",""Name"":""ASU Service - W. P. Carey Tech Services""}}},{""Parent"":{""Id"":""0PSd0000000r1SFGAY"",""Type"":""Profile"",""Label"":""00ed00000019zqdAAA"",""PermissionSetGroupId"":null,""Profile"":{""attributes"":{""type"":""Profile"",""url"":""/services/data/v53.0/sobjects/Profile/00ed00000019zqdAAA""},""Id"":""00ed00000019zqdAAA"",""Name"":""ASU Service - Tech Studio""}}},{""Parent"":{""Id"":""0PSd0000000r1SKGAY"",""Type"":""Profile"",""Label"":""00ed00000019zqiAAA"",""PermissionSetGroupId"":null,""Profile"":{""attributes"":{""type"":""Profile"",""url"":""/services/data/v53.0/sobjects/Profile/00ed00000019zqiAAA""},""Id"":""00ed00000019zqiAAA"",""Name"":""ASU Service - Engineering IT""}}},{""Parent"":{""Id"":""0PSd0000000r1SAGAY"",""Type"":""Profile"",""Label"":""00ed00000019zqYAAQ"",""PermissionSetGroupId"":null,""Profile"":{""attributes"":{""type"":""Profile"",""url"":""/services/data/v53.0/sobjects/Profile/00ed00000019zqYAAQ""},""Id"":""00ed00000019zqYAAQ"",""Name"":""ASU Service - Identity Management""}}},{""Parent"":{""Id"":""0PSd0000000r2e7GAA"",""Type"":""Profile"",""Label"":""00ed0000001A0pMAAS"",""PermissionSetGroupId"":null,""Profile"":{""attributes"":{""type"":""Profile"",""url"":""/services/data/v53.0/sobjects/Profile/00ed0000001A0pMAAS""},""Id"":""00ed0000001A0pMAAS"",""Name"":""ASU Service - Student Success Innovations""}}},{""Parent"":{""Id"":""0PSd0000000r2eCGAQ"",""Type"":""Profile"",""Label"":""00ed0000001A0pRAAS"",""PermissionSetGroupId"":null,""Profile"":{""attributes"":{""type"":""Profile"",""url"":""/services/data/v53.0/sobjects/Profile/00ed0000001A0pRAAS""},""Id"":""00ed0000001A0pRAAS"",""Name"":""ASU Service - Office of the President""}}},{""Parent"":{""Id"":""0PSd0000000r28IGAQ"",""Type"":""Profile"",""Label"":""00ed0000001A0PwAAK"",""PermissionSetGroupId"":null,""Profile"":{""attributes"":{""type"":""Profile"",""url"":""/services/data/v53.0/sobjects/Profile/00ed0000001A0PwAAK""},""Id"":""00ed0000001A0PwAAK"",""Name"":""ASU Service - Library Services(ARCHIVE)""}}},{""Parent"":{""Id"":""0PSd0000000r3amGAA"",""Type"":""Profile"",""Label"":""00ed0000001A1eqAAC"",""PermissionSetGroupId"":null,""Profile"":{""attributes"":{""type"":""Profile"",""url"":""/services/data/v53.0/sobjects/Profile/00ed0000001A1eqAAC""},""Id"":""00ed0000001A1eqAAC"",""Name"":""ASU Service - Integrated Services""}}},{""Parent"":{""Id"":""0PSd0000000r39YGAQ"",""Type"":""Profile"",""Label"":""00ed0000001A1GfAAK"",""PermissionSetGroupId"":null,""Profile"":{""attributes"":{""type"":""Profile"",""url"":""/services/data/v53.0/sobjects/Profile/00ed0000001A1GfAAK""},""Id"":""00ed0000001A1GfAAK"",""Name"":""ASU Service - TEMPLATE""}}},{""Parent"":{""Id"":""0PSd0000000r3KbGAI"",""Type"":""Profile"",""Label"":""00ed0000001A1OlAAK"",""PermissionSetGroupId"":null,""Profile"":{""attributes"":{""type"":""Profile"",""url"":""/services/data/v53.0/sobjects/Profile/00ed0000001A1OlAAK""},""Id"":""00ed0000001A1OlAAK"",""Name"":""ASU Service - Graduate College""}}},{""Parent"":{""Id"":""0PSd0000000r3syGAA"",""Type"":""Profile"",""Label"":""00ed0000001A1s3AAC"",""PermissionSetGroupId"":null,""Profile"":{""attributes"":{""type"":""Profile"",""url"":""/services/data/v53.0/sobjects/Profile/00ed0000001A1s3AAC""},""Id"":""00ed0000001A1s3AAC"",""Name"":""ASU Recruitment - Applicant Services""}}},{""Parent"":{""Id"":""0PSd0000000r3t3GAA"",""Type"":""Profile"",""Label"":""00ed0000001A1s8AAC"",""PermissionSetGroupId"":null,""Profile"":{""attributes"":{""type"":""Profile"",""url"":""/services/data/v53.0/sobjects/Profile/00ed0000001A1s8AAC""},""Id"":""00ed0000001A1s8AAC"",""Name"":""ASU Recruitment - Business Operations""}}},{""Parent"":{""Id"":""0PSd0000000r3t8GAA"",""Type"":""Profile"",""Label"":""00ed0000001A1sDAAS"",""PermissionSetGroupId"":null,""Profile"":{""attributes"":{""type"":""Profile"",""url"":""/services/data/v53.0/sobjects/Profile/00ed0000001A1sDAAS""},""Id"":""00ed0000001A1sDAAS"",""Name"":""ASU Recruitment - Freshman Recruiter""}}},{""Parent"":{""Id"":""0PSd0000000r3tcGAA"",""Type"":""Profile"",""Label"":""00ed0000001A1shAAC"",""PermissionSetGroupId"":null,""Profile"":{""attributes"":{""type"":""Profile"",""url"":""/services/data/v53.0/sobjects/Profile/00ed0000001A1shAAC""},""Id"":""00ed0000001A1shAAC"",""Name"":""ASU Recruitment - Admission Services""}}},{""Parent"":{""Id"":""0PSd0000000r3tDGAQ"",""Type"":""Profile"",""Label"":""00ed0000001A1sIAAS"",""PermissionSetGroupId"":null,""Profile"":{""attributes"":{""type"":""Profile"",""url"":""/services/data/v53.0/sobjects/Profile/00ed0000001A1sIAAS""},""Id"":""00ed0000001A1sIAAS"",""Name"":""ASU Recruitment - Transfer Recruiter""}}},{""Parent"":{""Id"":""0PSd0000000r3tIGAQ"",""Type"":""Profile"",""Label"":""00ed0000001A1sNAAS"",""PermissionSetGroupId"":null,""Profile"":{""attributes"":{""type"":""Profile"",""url"":""/services/data/v53.0/sobjects/Profile/00ed0000001A1sNAAS""},""Id"":""00ed0000001A1sNAAS"",""Name"":""ASU Recruitment - International Recruiter""}}},{""Parent"":{""Id"":""0PSd0000000r3tNGAQ"",""Type"":""Profile"",""Label"":""00ed0000001A1sSAAS"",""PermissionSetGroupId"":null,""Profile"":{""attributes"":{""type"":""Profile"",""url"":""/services/data/v53.0/sobjects/Profile/00ed0000001A1sSAAS""},""Id"":""00ed0000001A1sSAAS"",""Name"":""ASU Recruitment - Events""}}},{""Parent"":{""Id"":""0PSd0000000r3tSGAQ"",""Type"":""Profile"",""Label"":""00ed0000001A1sXAAS"",""PermissionSetGroupId"":null,""Profile"":{""attributes"":{""type"":""Profile"",""url"":""/services/data/v53.0/sobjects/Profile/00ed0000001A1sXAAS""},""Id"":""00ed0000001A1sXAAS"",""Name"":""ASU Recruitment - Havasu""}}},{""Parent"":{""Id"":""0PSd0000000r453GAA"",""Type"":""Profile"",""Label"":""00ed0000001A204AAC"",""PermissionSetGroupId"":null,""Profile"":{""attributes"":{""type"":""Profile"",""url"":""/services/data/v53.0/sobjects/Profile/00ed0000001A204AAC""},""Id"":""00ed0000001A204AAC"",""Name"":""ASU Recruitment - Leads (ESISD)""}}},{""Parent"":{""Id"":""0PSd0000000r49zGAA"",""Type"":""Profile"",""Label"":""00ed0000001A24iAAC"",""PermissionSetGroupId"":null,""Profile"":{""attributes"":{""type"":""Profile"",""url"":""/services/data/v53.0/sobjects/Profile/00ed0000001A24iAAC""},""Id"":""00ed0000001A24iAAC"",""Name"":""ASU Corporate Relations""}}},{""Parent"":{""Id"":""0PSd0000000r4s2GAA"",""Type"":""Profile"",""Label"":""00ed0000001A2dLAAS"",""PermissionSetGroupId"":null,""Profile"":{""attributes"":{""type"":""Profile"",""url"":""/services/data/v53.0/sobjects/Profile/00ed0000001A2dLAAS""},""Id"":""00ed0000001A2dLAAS"",""Name"":""ASU Service - Engineering - Dean's Office""}}},{""Parent"":{""Id"":""0PSd0000000r4tZGAQ"",""Type"":""Profile"",""Label"":""00ed0000001A2eaAAC"",""PermissionSetGroupId"":null,""Profile"":{""attributes"":{""type"":""Profile"",""url"":""/services/data/v53.0/sobjects/Profile/00ed0000001A2eaAAC""},""Id"":""00ed0000001A2eaAAC"",""Name"":""ASU Service - Engineering - GOEE""}}},{""Parent"":{""Id"":""0PSd0000000r4teGAA"",""Type"":""Profile"",""Label"":""00ed0000001A2efAAC"",""PermissionSetGroupId"":null,""Profile"":{""attributes"":{""type"":""Profile"",""url"":""/services/data/v53.0/sobjects/Profile/00ed0000001A2efAAC""},""Id"":""00ed0000001A2efAAC"",""Name"":""ASU Service - Engineering - Poly""}}},{""Parent"":{""Id"":""0PSd0000000r4tjGAA"",""Type"":""Profile"",""Label"":""00ed0000001A2ekAAC"",""PermissionSetGroupId"":null,""Profile"":{""attributes"":{""type"":""Profile"",""url"":""/services/data/v53.0/sobjects/Profile/00ed0000001A2ekAAC""},""Id"":""00ed0000001A2ekAAC"",""Name"":""ASU Service - Engineering - SBHSE""}}},{""Parent"":{""Id"":""0PSd0000000r4toGAA"",""Type"":""Profile"",""Label"":""00ed0000001A2epAAC"",""PermissionSetGroupId"":null,""Profile"":{""attributes"":{""type"":""Profile"",""url"":""/services/data/v53.0/sobjects/Profile/00ed0000001A2epAAC""},""Id"":""00ed0000001A2epAAC"",""Name"":""ASU Service - Engineering - SEMTE""}}},{""Parent"":{""Id"":""0PSd0000000r4ttGAA"",""Type"":""Profile"",""Label"":""00ed0000001A2euAAC"",""PermissionSetGroupId"":null,""Profile"":{""attributes"":{""type"":""Profile"",""url"":""/services/data/v53.0/sobjects/Profile/00ed0000001A2euAAC""},""Id"":""00ed0000001A2euAAC"",""Name"":""ASU Service - Engineering - SSEBE""}}},{""Parent"":{""Id"":""0PSd0000000r4tUGAQ"",""Type"":""Profile"",""Label"":""00ed0000001A2eVAAS"",""PermissionSetGroupId"":null,""Profile"":{""attributes"":{""type"":""Profile"",""url"":""/services/data/v53.0/sobjects/Profile/00ed0000001A2eVAAS""},""Id"":""00ed0000001A2eVAAS"",""Name"":""ASU Service - Engineering - ECEE""}}},{""Parent"":{""Id"":""0PSd0000000r4tyGAA"",""Type"":""Profile"",""Label"":""00ed0000001A2ezAAC"",""PermissionSetGroupId"":null,""Profile"":{""attributes"":{""type"":""Profile"",""url"":""/services/data/v53.0/sobjects/Profile/00ed0000001A2ezAAC""},""Id"":""00ed0000001A2ezAAC"",""Name"":""ASU Service - Engineering - CIDSE""}}},{""Parent"":{""Id"":""0PSd0000000r4bhGAA"",""Type"":""Profile"",""Label"":""00ed0000001A2QNAA0"",""PermissionSetGroupId"":null,""Profile"":{""attributes"":{""type"":""Profile"",""url"":""/services/data/v53.0/sobjects/Profile/00ed0000001A2QNAA0""},""Id"":""00ed0000001A2QNAA0"",""Name"":""ASU Service - Access ASU Outreach""}}},{""Parent"":{""Id"":""0PSd0000000r5c8GAA"",""Type"":""Profile"",""Label"":""00ed0000001A3CUAA0"",""PermissionSetGroupId"":null,""Profile"":{""attributes"":{""type"":""Profile"",""url"":""/services/data/v53.0/sobjects/Profile/00ed0000001A3CUAA0""},""Id"":""00ed0000001A3CUAA0"",""Name"":""ASU Service - New Student Programs""}}},{""Parent"":{""Id"":""0PSd0000000r6MUGAY"",""Type"":""Profile"",""Label"":""00ed0000001A3nIAAS"",""PermissionSetGroupId"":null,""Profile"":{""attributes"":{""type"":""Profile"",""url"":""/services/data/v53.0/sobjects/Profile/00ed0000001A3nIAAS""},""Id"":""00ed0000001A3nIAAS"",""Name"":""ASU Service - University Housing""}}},{""Parent"":{""Id"":""0PSd0000000r60sGAA"",""Type"":""Profile"",""Label"":""00ed0000001A3X8AAK"",""PermissionSetGroupId"":null,""Profile"":{""attributes"":{""type"":""Profile"",""url"":""/services/data/v53.0/sobjects/Profile/00ed0000001A3X8AAK""},""Id"":""00ed0000001A3X8AAK"",""Name"":""ASU Training - College of ASU""}}},{""Parent"":{""Id"":""0PSd0000000r60xGAA"",""Type"":""Profile"",""Label"":""00ed0000001A3XDAA0"",""PermissionSetGroupId"":null,""Profile"":{""attributes"":{""type"":""Profile"",""url"":""/services/data/v53.0/sobjects/Profile/00ed0000001A3XDAA0""},""Id"":""00ed0000001A3XDAA0"",""Name"":""ASU Training - Department of ASU""}}},{""Parent"":{""Id"":""0PSd0000000r6ggGAA"",""Type"":""Profile"",""Label"":""00ed0000001A41pAAC"",""PermissionSetGroupId"":null,""Profile"":{""attributes"":{""type"":""Profile"",""url"":""/services/data/v53.0/sobjects/Profile/00ed0000001A41pAAC""},""Id"":""00ed0000001A41pAAC"",""Name"":""ASU Service - Sustainability""}}},{""Parent"":{""Id"":""0PSd0000000r6pgGAA"",""Type"":""Profile"",""Label"":""00ed0000001A49IAAS"",""PermissionSetGroupId"":null,""Profile"":{""attributes"":{""type"":""Profile"",""url"":""/services/data/v53.0/sobjects/Profile/00ed0000001A49IAAS""},""Id"":""00ed0000001A49IAAS"",""Name"":""ASU Service - Teachers College""}}},{""Parent"":{""Id"":""0PSd0000000r7PNGAY"",""Type"":""Profile"",""Label"":""00ed0000001A4dEAAS"",""PermissionSetGroupId"":null,""Profile"":{""attributes"":{""type"":""Profile"",""url"":""/services/data/v53.0/sobjects/Profile/00ed0000001A4dEAAS""},""Id"":""00ed0000001A4dEAAS"",""Name"":""ASU Service - Public Service""}}},{""Parent"":{""Id"":""0PSd0000000r7C5GAI"",""Type"":""Profile"",""Label"":""00ed0000001A4OpAAK"",""PermissionSetGroupId"":null,""Profile"":{""attributes"":{""type"":""Profile"",""url"":""/services/data/v53.0/sobjects/Profile/00ed0000001A4OpAAK""},""Id"":""00ed0000001A4OpAAK"",""Name"":""ASU Service - Nursing""}}},{""Parent"":{""Id"":""0PSd0000000r7FiGAI"",""Type"":""Profile"",""Label"":""00ed0000001A4RAAA0"",""PermissionSetGroupId"":null,""Profile"":{""attributes"":{""type"":""Profile"",""url"":""/services/data/v53.0/sobjects/Profile/00ed0000001A4RAAA0""},""Id"":""00ed0000001A4RAAA0"",""Name"":""ASU Service - Health Solutions""}}},{""Parent"":{""Id"":""0PSd0000000r7nEGAQ"",""Type"":""Profile"",""Label"":""00ed0000001A4x8AAC"",""PermissionSetGroupId"":null,""Profile"":{""attributes"":{""type"":""Profile"",""url"":""/services/data/v53.0/sobjects/Profile/00ed0000001A4x8AAC""},""Id"":""00ed0000001A4x8AAC"",""Name"":""ASU Service - New College""}}},{""Parent"":{""Id"":""0PSd0000000r7tuGAA"",""Type"":""Profile"",""Label"":""00ed0000001A52VAAS"",""PermissionSetGroupId"":null,""Profile"":{""attributes"":{""type"":""Profile"",""url"":""/services/data/v53.0/sobjects/Profile/00ed0000001A52VAAS""},""Id"":""00ed0000001A52VAAS"",""Name"":""ASU Service - Universal Learner Courses""}}},{""Parent"":{""Id"":""0PSd0000000r7v8GAA"",""Type"":""Profile"",""Label"":""00ed0000001A53VAAS"",""PermissionSetGroupId"":null,""Profile"":{""attributes"":{""type"":""Profile"",""url"":""/services/data/v53.0/sobjects/Profile/00ed0000001A53VAAS""},""Id"":""00ed0000001A53VAAS"",""Name"":""ASU Service - LMS Support""}}},{""Parent"":{""Id"":""0PSd0000000r8fDGAQ"",""Type"":""Profile"",""Label"":""00ed0000001A5dbAAC"",""PermissionSetGroupId"":null,""Profile"":{""attributes"":{""type"":""Profile"",""url"":""/services/data/v53.0/sobjects/Profile/00ed0000001A5dbAAC""},""Id"":""00ed0000001A5dbAAC"",""Name"":""ASU Service - Academic Transfer Credit Solutions""}}},{""Parent"":{""Id"":""0PSd0000000r8gGGAQ"",""Type"":""Profile"",""Label"":""00ed0000001A5e5AAC"",""PermissionSetGroupId"":null,""Profile"":{""attributes"":{""type"":""Profile"",""url"":""/services/data/v53.0/sobjects/Profile/00ed0000001A5e5AAC""},""Id"":""00ed0000001A5e5AAC"",""Name"":""ASU Service - TC - Dean's Office""}}},{""Parent"":{""Id"":""0PSd0000000r8zQGAQ"",""Type"":""Profile"",""Label"":""00ed0000001A5pHAAS"",""PermissionSetGroupId"":null,""Profile"":{""attributes"":{""type"":""Profile"",""url"":""/services/data/v53.0/sobjects/Profile/00ed0000001A5pHAAS""},""Id"":""00ed0000001A5pHAAS"",""Name"":""ASU Service - TC - English""}}},{""Parent"":{""Id"":""0PSd0000000r8zVGAQ"",""Type"":""Profile"",""Label"":""00ed0000001A5pMAAS"",""PermissionSetGroupId"":null,""Profile"":{""attributes"":{""type"":""Profile"",""url"":""/services/data/v53.0/sobjects/Profile/00ed0000001A5pMAAS""},""Id"":""00ed0000001A5pMAAS"",""Name"":""ASU Service - TC - SILC""}}},{""Parent"":{""Id"":""0PSd0000000r8zaGAA"",""Type"":""Profile"",""Label"":""00ed0000001A5pRAAS"",""PermissionSetGroupId"":null,""Profile"":{""attributes"":{""type"":""Profile"",""url"":""/services/data/v53.0/sobjects/Profile/00ed0000001A5pRAAS""},""Id"":""00ed0000001A5pRAAS"",""Name"":""ASU Service - TC - SHPRS""}}},{""Parent"":{""Id"":""0PSd0000000r93BGAQ"",""Type"":""Profile"",""Label"":""00ed0000001A5rcAAC"",""PermissionSetGroupId"":null,""Profile"":{""attributes"":{""type"":""Profile"",""url"":""/services/data/v53.0/sobjects/Profile/00ed0000001A5rcAAC""},""Id"":""00ed0000001A5rcAAC"",""Name"":""ASU Service - TC - SESE""}}},{""Parent"":{""Id"":""0PSd0000000r92mGAA"",""Type"":""Profile"",""Label"":""00ed0000001A5rDAAS"",""PermissionSetGroupId"":null,""Profile"":{""attributes"":{""type"":""Profile"",""url"":""/services/data/v53.0/sobjects/Profile/00ed0000001A5rDAAS""},""Id"":""00ed0000001A5rDAAS"",""Name"":""ASU Service - TC - SOLS""}}},{""Parent"":{""Id"":""0PSd0000000r92rGAA"",""Type"":""Profile"",""Label"":""00ed0000001A5rIAAS"",""PermissionSetGroupId"":null,""Profile"":{""attributes"":{""type"":""Profile"",""url"":""/services/data/v53.0/sobjects/Profile/00ed0000001A5rIAAS""},""Id"":""00ed0000001A5rIAAS"",""Name"":""ASU Service - TC - SoMSS""}}},{""Parent"":{""Id"":""0PSd0000000r92wGAA"",""Type"":""Profile"",""Label"":""00ed0000001A5rNAAS"",""PermissionSetGroupId"":null,""Profile"":{""attributes"":{""type"":""Profile"",""url"":""/services/data/v53.0/sobjects/Profile/00ed0000001A5rNAAS""},""Id"":""00ed0000001A5rNAAS"",""Name"":""ASU Service - TC  - SMS""}}},{""Parent"":{""Id"":""0PSd0000000r931GAA"",""Type"":""Profile"",""Label"":""00ed0000001A5rSAAS"",""PermissionSetGroupId"":null,""Profile"":{""attributes"":{""type"":""Profile"",""url"":""/services/data/v53.0/sobjects/Profile/00ed0000001A5rSAAS""},""Id"":""00ed0000001A5rSAAS"",""Name"":""ASU Service - TC - Physics""}}},{""Parent"":{""Id"":""0PSd0000000r936GAA"",""Type"":""Profile"",""Label"":""00ed0000001A5rXAAS"",""PermissionSetGroupId"":null,""Profile"":{""attributes"":{""type"":""Profile"",""url"":""/services/data/v53.0/sobjects/Profile/00ed0000001A5rXAAS""},""Id"":""00ed0000001A5rXAAS"",""Name"":""ASU Service - TC - Psychology""}}},{""Parent"":{""Id"":""0PSd0000000r8PUGAY"",""Type"":""Profile"",""Label"":""00ed0000001A5S7AAK"",""PermissionSetGroupId"":null,""Profile"":{""attributes"":{""type"":""Profile"",""url"":""/services/data/v53.0/sobjects/Profile/00ed0000001A5S7AAK""},""Id"":""00ed0000001A5S7AAK"",""Name"":""ASU Service - Curricular Activities and Actions""}}},{""Parent"":{""Id"":""0PSd0000000r97mGAA"",""Type"":""Profile"",""Label"":""00ed0000001A5udAAC"",""PermissionSetGroupId"":null,""Profile"":{""attributes"":{""type"":""Profile"",""url"":""/services/data/v53.0/sobjects/Profile/00ed0000001A5udAAC""},""Id"":""00ed0000001A5udAAC"",""Name"":""ASU Service - TC - STS""}}},{""Parent"":{""Id"":""0PSd0000000r97SGAQ"",""Type"":""Profile"",""Label"":""00ed0000001A5uJAAS"",""PermissionSetGroupId"":null,""Profile"":{""attributes"":{""type"":""Profile"",""url"":""/services/data/v53.0/sobjects/Profile/00ed0000001A5uJAAS""},""Id"":""00ed0000001A5uJAAS"",""Name"":""ASU Service - TC - SGSUP""}}},{""Parent"":{""Id"":""0PSd0000000r97XGAQ"",""Type"":""Profile"",""Label"":""00ed0000001A5uOAAS"",""PermissionSetGroupId"":null,""Profile"":{""attributes"":{""type"":""Profile"",""url"":""/services/data/v53.0/sobjects/Profile/00ed0000001A5uOAAS""},""Id"":""00ed0000001A5uOAAS"",""Name"":""ASU Service - TC - HDSHC""}}},{""Parent"":{""Id"":""0PSd0000000r97cGAA"",""Type"":""Profile"",""Label"":""00ed0000001A5uTAAS"",""PermissionSetGroupId"":null,""Profile"":{""attributes"":{""type"":""Profile"",""url"":""/services/data/v53.0/sobjects/Profile/00ed0000001A5uTAAS""},""Id"":""00ed0000001A5uTAAS"",""Name"":""ASU Service - TC - SPGS""}}},{""Parent"":{""Id"":""0PSd0000000r97hGAA"",""Type"":""Profile"",""Label"":""00ed0000001A5uYAAS"",""PermissionSetGroupId"":null,""Profile"":{""attributes"":{""type"":""Profile"",""url"":""/services/data/v53.0/sobjects/Profile/00ed0000001A5uYAAS""},""Id"":""00ed0000001A5uYAAS"",""Name"":""ASU Service - TC - SHESC""}}},{""Parent"":{""Id"":""0PSd0000000r9AFGAY"",""Type"":""Profile"",""Label"":""00ed0000001A5vnAAC"",""PermissionSetGroupId"":null,""Profile"":{""attributes"":{""type"":""Profile"",""url"":""/services/data/v53.0/sobjects/Profile/00ed0000001A5vnAAC""},""Id"":""00ed0000001A5vnAAC"",""Name"":""ASU Service - Integrative Sciences and Arts""}}},{""Parent"":{""Id"":""0PSd0000000r8ZaGAI"",""Type"":""Profile"",""Label"":""00ed0000001A5ZRAA0"",""PermissionSetGroupId"":null,""Profile"":{""attributes"":{""type"":""Profile"",""url"":""/services/data/v53.0/sobjects/Profile/00ed0000001A5ZRAA0""},""Id"":""00ed0000001A5ZRAA0"",""Name"":""ASU Service - Global Education Office""}}},{""Parent"":{""Id"":""0PSd0000000rAdhGAE"",""Type"":""Profile"",""Label"":""00ed0000001A6alAAC"",""PermissionSetGroupId"":null,""Profile"":{""attributes"":{""type"":""Profile"",""url"":""/services/data/v53.0/sobjects/Profile/00ed0000001A6alAAC""},""Id"":""00ed0000001A6alAAC"",""Name"":""ASU Service - Student & Cultural Engagement""}}},{""Parent"":{""Id"":""0PSd0000000rAdmGAE"",""Type"":""Profile"",""Label"":""00ed0000001A6aqAAC"",""PermissionSetGroupId"":null,""Profile"":{""attributes"":{""type"":""Profile"",""url"":""/services/data/v53.0/sobjects/Profile/00ed0000001A6aqAAC""},""Id"":""00ed0000001A6aqAAC"",""Name"":""ASU Service - International Student Engagement""}}},{""Parent"":{""Id"":""0PSd0000000rAdrGAE"",""Type"":""Profile"",""Label"":""00ed0000001A6avAAC"",""PermissionSetGroupId"":null,""Profile"":{""attributes"":{""type"":""Profile"",""url"":""/services/data/v53.0/sobjects/Profile/00ed0000001A6avAAC""},""Id"":""00ed0000001A6avAAC"",""Name"":""ASU Service - Changemaker Central""}}},{""Parent"":{""Id"":""0PSd0000001o7EsGAI"",""Type"":""Profile"",""Label"":""00ed0000002FFRcAAO"",""PermissionSetGroupId"":null,""Profile"":{""attributes"":{""type"":""Profile"",""url"":""/services/data/v53.0/sobjects/Profile/00ed0000002FFRcAAO""},""Id"":""00ed0000002FFRcAAO"",""Name"":""ASU Recruitment - Freshman Recruiter (Temp Access to Org Wide)""}}},{""Parent"":{""Id"":""0PSd0000001o7ETGAY"",""Type"":""Profile"",""Label"":""00ed0000002FFRSAA4"",""PermissionSetGroupId"":null,""Profile"":{""attributes"":{""type"":""Profile"",""url"":""/services/data/v53.0/sobjects/Profile/00ed0000002FFRSAA4""},""Id"":""00ed0000002FFRSAA4"",""Name"":""ASU Service - Sun Devil Athletics""}}},{""Parent"":{""Id"":""0PSd0000001o7HmGAI"",""Type"":""Profile"",""Label"":""00ed0000002FFSLAA4"",""PermissionSetGroupId"":null,""Profile"":{""attributes"":{""type"":""Profile"",""url"":""/services/data/v53.0/sobjects/Profile/00ed0000002FFSLAA4""},""Id"":""00ed0000002FFSLAA4"",""Name"":""ASU Service - Office of the President (Temp Access to Org Wide)""}}},{""Parent"":{""Id"":""0PSd0000001o7VKGAY"",""Type"":""Profile"",""Label"":""00ed0000002FFY4AAO"",""PermissionSetGroupId"":null,""Profile"":{""attributes"":{""type"":""Profile"",""url"":""/services/data/v53.0/sobjects/Profile/00ed0000002FFY4AAO""},""Id"":""00ed0000002FFY4AAO"",""Name"":""ASU Service - ASU-USA Pathways""}}},{""Parent"":{""Id"":""0PSd0000001sK82GAE"",""Type"":""Profile"",""Label"":""00ed0000002JRvSAAW"",""PermissionSetGroupId"":null,""Profile"":{""attributes"":{""type"":""Profile"",""url"":""/services/data/v53.0/sobjects/Profile/00ed0000002JRvSAAW""},""Id"":""00ed0000002JRvSAAW"",""Name"":""ASU Service - First in the World Grant""}}},{""Parent"":{""Id"":""0PSd0000001sKJBGA2"",""Type"":""Profile"",""Label"":""00ed0000002JRyMAAW"",""PermissionSetGroupId"":null,""Profile"":{""attributes"":{""type"":""Profile"",""url"":""/services/data/v53.0/sobjects/Profile/00ed0000002JRyMAAW""},""Id"":""00ed0000002JRyMAAW"",""Name"":""ASU Service - ITCSS Library Services""}}},{""Parent"":{""Id"":""0PSd0000001sKNNGA2"",""Type"":""Profile"",""Label"":""00ed0000002JS0DAAW"",""PermissionSetGroupId"":null,""Profile"":{""attributes"":{""type"":""Profile"",""url"":""/services/data/v53.0/sobjects/Profile/00ed0000002JS0DAAW""},""Id"":""00ed0000002JS0DAAW"",""Name"":""ASU Service - Success Coach""}}},{""Parent"":{""Id"":""0PSd0000001sKO6GAM"",""Type"":""Profile"",""Label"":""00ed0000002JS0NAAW"",""PermissionSetGroupId"":null,""Profile"":{""attributes"":{""type"":""Profile"",""url"":""/services/data/v53.0/sobjects/Profile/00ed0000002JS0NAAW""},""Id"":""00ed0000002JS0NAAW"",""Name"":""ASU Service - TC - ISSR""}}},{""Parent"":{""Id"":""0PSd0000001jxObGAI"",""Type"":""Profile"",""Label"":""00ed0000002NelYAAS"",""PermissionSetGroupId"":null,""Profile"":{""attributes"":{""type"":""Profile"",""url"":""/services/data/v53.0/sobjects/Profile/00ed0000002NelYAAS""},""Id"":""00ed0000002NelYAAS"",""Name"":""ASU Service - Academic Partnerships""}}},{""Parent"":{""Id"":""0PSd0000001jxa8GAA"",""Type"":""Profile"",""Label"":""00ed0000002Neq4AAC"",""PermissionSetGroupId"":null,""Profile"":{""attributes"":{""type"":""Profile"",""url"":""/services/data/v53.0/sobjects/Profile/00ed0000002Neq4AAC""},""Id"":""00ed0000002Neq4AAC"",""Name"":""ASU Service - Student Accessibility and Inclusive Learning Services""}}},{""Parent"":{""Id"":""0PSd0000001jygbGAA"",""Type"":""Profile"",""Label"":""00ed0000002Nf7AAAS"",""PermissionSetGroupId"":null,""Profile"":{""attributes"":{""type"":""Profile"",""url"":""/services/data/v53.0/sobjects/Profile/00ed0000002Nf7AAAS""},""Id"":""00ed0000002Nf7AAAS"",""Name"":""ASU Recruitment - Business Intelligence""}}},{""Parent"":{""Id"":""0PSd0000000oWPgGAM"",""Type"":""Profile"",""Label"":""00ex00000018ozT_128_09_43_34_1"",""PermissionSetGroupId"":null,""Profile"":{""attributes"":{""type"":""Profile"",""url"":""/services/data/v53.0/sobjects/Profile/00ed00000017IobAAE""},""Id"":""00ed00000017IobAAE"",""Name"":""System Administrator""}}},{""Parent"":{""Id"":""0PSd0000000quKmGAI"",""Type"":""Regular"",""Label"":""Additional Administrator Permissions"",""PermissionSetGroupId"":null,""Profile"":null}},{""Parent"":{""Id"":""0PSd0000000r7OOGAY"",""Type"":""Regular"",""Label"":""Profile Audit Search"",""PermissionSetGroupId"":null,""Profile"":null}},{""Parent"":{""Id"":""0PS6T000001CZGsWAO"",""Type"":""Regular"",""Label"":""Role: EdPlus Coach Portal (Non-Success Coach)"",""PermissionSetGroupId"":null,""Profile"":null}}]"
"066d0000002AkTqAAK","RedirectToKB","[{""Parent"":{""Id"":""0PSd0000000qzl5GAA"",""Type"":""Profile"",""Label"":""00ed00000019yKBAAY"",""PermissionSetGroupId"":null,""Profile"":{""attributes"":{""type"":""Profile"",""url"":""/services/data/v53.0/sobjects/Profile/00ed00000019yKBAAY""},""Id"":""00ed00000019yKBAAY"",""Name"":""ASU View All Data""}}},{""Parent"":{""Id"":""0PSd0000000r0eSGAQ"",""Type"":""Profile"",""Label"":""00ed00000019z84AAA"",""PermissionSetGroupId"":null,""Profile"":{""attributes"":{""type"":""Profile"",""url"":""/services/data/v53.0/sobjects/Profile/00ed00000019z84AAA""},""Id"":""00ed00000019z84AAA"",""Name"":""Top Level Site Profile""}}},{""Parent"":{""Id"":""0PSd0000000oWPgGAM"",""Type"":""Profile"",""Label"":""00ex00000018ozT_128_09_43_34_1"",""PermissionSetGroupId"":null,""Profile"":{""attributes"":{""type"":""Profile"",""url"":""/services/data/v53.0/sobjects/Profile/00ed00000017IobAAE""},""Id"":""00ed00000017IobAAE"",""Name"":""System Administrator""}}}]"
"066d0000002AkTlAAK","Return_to_Service_Center","[{""Parent"":{""Id"":""0PSd0000000qzl5GAA"",""Type"":""Profile"",""Label"":""00ed00000019yKBAAY"",""PermissionSetGroupId"":null,""Profile"":{""attributes"":{""type"":""Profile"",""url"":""/services/data/v53.0/sobjects/Profile/00ed00000019yKBAAY""},""Id"":""00ed00000019yKBAAY"",""Name"":""ASU View All Data""}}},{""Parent"":{""Id"":""0PSd0000000r0bvGAA"",""Type"":""Profile"",""Label"":""00ed00000019z5nAAA"",""PermissionSetGroupId"":null,""Profile"":{""attributes"":{""type"":""Profile"",""url"":""/services/data/v53.0/sobjects/Profile/00ed00000019z5nAAA""},""Id"":""00ed00000019z5nAAA"",""Name"":""ASU Community""}}},{""Parent"":{""Id"":""0PSd0000000r0c0GAA"",""Type"":""Profile"",""Label"":""00ed00000019z5sAAA"",""PermissionSetGroupId"":null,""Profile"":{""attributes"":{""type"":""Profile"",""url"":""/services/data/v53.0/sobjects/Profile/00ed00000019z5sAAA""},""Id"":""00ed00000019z5sAAA"",""Name"":""ASU Community CAP""}}},{""Parent"":{""Id"":""0PSd0000000oWPgGAM"",""Type"":""Profile"",""Label"":""00ex00000018ozT_128_09_43_34_1"",""PermissionSetGroupId"":null,""Profile"":{""attributes"":{""type"":""Profile"",""url"":""/services/data/v53.0/sobjects/Profile/00ed00000017IobAAE""},""Id"":""00ed00000017IobAAE"",""Name"":""System Administrator""}}}]"
"066d00000027CFWAA2","robots","[{""Parent"":{""Id"":""0PSd0000000quTfGAI"",""Type"":""Profile"",""Label"":""00ed00000019tQkAAI"",""PermissionSetGroupId"":null,""Profile"":{""attributes"":{""type"":""Profile"",""url"":""/services/data/v53.0/sobjects/Profile/00ed00000019tQkAAI""},""Id"":""00ed00000019tQkAAI"",""Name"":""Public Knowledge Base for ASU Profile""}}},{""Parent"":{""Id"":""0PSd0000000qzl5GAA"",""Type"":""Profile"",""Label"":""00ed00000019yKBAAY"",""PermissionSetGroupId"":null,""Profile"":{""attributes"":{""type"":""Profile"",""url"":""/services/data/v53.0/sobjects/Profile/00ed00000019yKBAAY""},""Id"":""00ed00000019yKBAAY"",""Name"":""ASU View All Data""}}},{""Parent"":{""Id"":""0PSd0000000r0dDGAQ"",""Type"":""Profile"",""Label"":""00ed00000019z77AAA"",""PermissionSetGroupId"":null,""Profile"":{""attributes"":{""type"":""Profile"",""url"":""/services/data/v53.0/sobjects/Profile/00ed00000019z77AAA""},""Id"":""00ed00000019z77AAA"",""Name"":""My ASU Profile""}}},{""Parent"":{""Id"":""0PSd0000000r0eSGAQ"",""Type"":""Profile"",""Label"":""00ed00000019z84AAA"",""PermissionSetGroupId"":null,""Profile"":{""attributes"":{""type"":""Profile"",""url"":""/services/data/v53.0/sobjects/Profile/00ed00000019z84AAA""},""Id"":""00ed00000019z84AAA"",""Name"":""Top Level Site Profile""}}},{""Parent"":{""Id"":""0PSd0000000oWPgGAM"",""Type"":""Profile"",""Label"":""00ex00000018ozT_128_09_43_34_1"",""PermissionSetGroupId"":null,""Profile"":{""attributes"":{""type"":""Profile"",""url"":""/services/data/v53.0/sobjects/Profile/00ed00000017IobAAE""},""Id"":""00ed00000017IobAAE"",""Name"":""System Administrator""}}}]"
"066d0000002AuiWAAS","searchUsers","[{""Parent"":{""Id"":""0PSd0000000H4ThGAK"",""Type"":""Profile"",""Label"":""00ed0000000jbwGAAQ"",""PermissionSetGroupId"":null,""Profile"":{""attributes"":{""type"":""Profile"",""url"":""/services/data/v53.0/sobjects/Profile/00ed0000000jbwGAAQ""},""Id"":""00ed0000000jbwGAAQ"",""Name"":""ASU Service - ASU Salesforce Support""}}},{""Parent"":{""Id"":""0PSd0000000qzl5GAA"",""Type"":""Profile"",""Label"":""00ed00000019yKBAAY"",""PermissionSetGroupId"":null,""Profile"":{""attributes"":{""type"":""Profile"",""url"":""/services/data/v53.0/sobjects/Profile/00ed00000019yKBAAY""},""Id"":""00ed00000019yKBAAY"",""Name"":""ASU View All Data""}}},{""Parent"":{""Id"":""0PSd0000000oWPgGAM"",""Type"":""Profile"",""Label"":""00ex00000018ozT_128_09_43_34_1"",""PermissionSetGroupId"":null,""Profile"":{""attributes"":{""type"":""Profile"",""url"":""/services/data/v53.0/sobjects/Profile/00ed00000017IobAAE""},""Id"":""00ed00000017IobAAE"",""Name"":""System Administrator""}}},{""Parent"":{""Id"":""0PS6T000001k9teWAA"",""Type"":""Group"",""Label"":""IAM Staff User Setup"",""PermissionSetGroupId"":""0PG6T000000GmemWAC"",""Profile"":null}},{""Parent"":{""Id"":""0PS0W000001KoRlWAK"",""Type"":""Regular"",""Label"":""Merge Accounts and Contacts"",""PermissionSetGroupId"":null,""Profile"":null}}]"
"0660W000003Fd79QAC","SingleSMS_Contact","[{""Parent"":{""Id"":""0PSd0000000oWPgGAM"",""Type"":""Profile"",""Label"":""00ex00000018ozT_128_09_43_34_1"",""PermissionSetGroupId"":null,""Profile"":{""attributes"":{""type"":""Profile"",""url"":""/services/data/v53.0/sobjects/Profile/00ed00000017IobAAE""},""Id"":""00ed00000017IobAAE"",""Name"":""System Administrator""}}}]"
"0660W000003BjIeQAK","SingleSMS_Organization","[{""Parent"":{""Id"":""0PSd0000000oWPgGAM"",""Type"":""Profile"",""Label"":""00ex00000018ozT_128_09_43_34_1"",""PermissionSetGroupId"":null,""Profile"":{""attributes"":{""type"":""Profile"",""url"":""/services/data/v53.0/sobjects/Profile/00ed00000017IobAAE""},""Id"":""00ed00000017IobAAE"",""Name"":""System Administrator""}}}]"
"066d0000002AVS4AAO","SiteLogin","[{""Parent"":{""Id"":""0PS0W000001GgU7WAK"",""Type"":""Profile"",""Label"":""00e0W000001lvZsQAI"",""PermissionSetGroupId"":null,""Profile"":{""attributes"":{""type"":""Profile"",""url"":""/services/data/v53.0/sobjects/Profile/00e0W000001lvZsQAI""},""Id"":""00e0W000001lvZsQAI"",""Name"":""ASU Advising Community Profile""}}},{""Parent"":{""Id"":""0PS0W000001bgy8WAA"",""Type"":""Profile"",""Label"":""00e0W000001yXlHQAU"",""PermissionSetGroupId"":null,""Profile"":{""attributes"":{""type"":""Profile"",""url"":""/services/data/v53.0/sobjects/Profile/00e0W000001yXlHQAU""},""Id"":""00e0W000001yXlHQAU"",""Name"":""Jira Profile""}}},{""Parent"":{""Id"":""0PS0W000001k9RKWAY"",""Type"":""Profile"",""Label"":""00e0W000002NjO9QAK"",""PermissionSetGroupId"":null,""Profile"":{""attributes"":{""type"":""Profile"",""url"":""/services/data/v53.0/sobjects/Profile/00e0W000002NjO9QAK""},""Id"":""00e0W000002NjO9QAK"",""Name"":""Family Portal Profile""}}},{""Parent"":{""Id"":""0PS0W000001watlWAA"",""Type"":""Profile"",""Label"":""00e0W000002RsQNQA0"",""PermissionSetGroupId"":null,""Profile"":{""attributes"":{""type"":""Profile"",""url"":""/services/data/v53.0/sobjects/Profile/00e0W000002RsQNQA0""},""Id"":""00e0W000002RsQNQA0"",""Name"":""AsuChat Profile""}}},{""Parent"":{""Id"":""0PSd0000000quTfGAI"",""Type"":""Profile"",""Label"":""00ed00000019tQkAAI"",""PermissionSetGroupId"":null,""Profile"":{""attributes"":{""type"":""Profile"",""url"":""/services/data/v53.0/sobjects/Profile/00ed00000019tQkAAI""},""Id"":""00ed00000019tQkAAI"",""Name"":""Public Knowledge Base for ASU Profile""}}},{""Parent"":{""Id"":""0PSd0000000qzl5GAA"",""Type"":""Profile"",""Label"":""00ed00000019yKBAAY"",""PermissionSetGroupId"":null,""Profile"":{""attributes"":{""type"":""Profile"",""url"":""/services/data/v53.0/sobjects/Profile/00ed00000019yKBAAY""},""Id"":""00ed00000019yKBAAY"",""Name"":""ASU View All Data""}}},{""Parent"":{""Id"":""0PSd0000000r0eSGAQ"",""Type"":""Profile"",""Label"":""00ed00000019z84AAA"",""PermissionSetGroupId"":null,""Profile"":{""attributes"":{""type"":""Profile"",""url"":""/services/data/v53.0/sobjects/Profile/00ed00000019z84AAA""},""Id"":""00ed00000019z84AAA"",""Name"":""Top Level Site Profile""}}},{""Parent"":{""Id"":""0PSd0000000TwGUGA0"",""Type"":""Profile"",""Label"":""00ed0000001EPuyAAG"",""PermissionSetGroupId"":null,""Profile"":{""attributes"":{""type"":""Profile"",""url"":""/services/data/v53.0/sobjects/Profile/00ed0000001EPuyAAG""},""Id"":""00ed0000001EPuyAAG"",""Name"":""Bomgar Profile""}}},{""Parent"":{""Id"":""0PSd0000001o83gGAA"",""Type"":""Profile"",""Label"":""00ed0000002FFobAAG"",""PermissionSetGroupId"":null,""Profile"":{""attributes"":{""type"":""Profile"",""url"":""/services/data/v53.0/sobjects/Profile/00ed0000002FFobAAG""},""Id"":""00ed0000002FFobAAG"",""Name"":""Unsubscribe Profile""}}},{""Parent"":{""Id"":""0PSd0000001jxyyGAA"",""Type"":""Profile"",""Label"":""00ed0000002Nf2KAAS"",""PermissionSetGroupId"":null,""Profile"":{""attributes"":{""type"":""Profile"",""url"":""/services/data/v53.0/sobjects/Profile/00ed0000002Nf2KAAS""},""Id"":""00ed0000002Nf2KAAS"",""Name"":""IdeaMachine Profile""}}},{""Parent"":{""Id"":""0PSd0000000oWPgGAM"",""Type"":""Profile"",""Label"":""00ex00000018ozT_128_09_43_34_1"",""PermissionSetGroupId"":null,""Profile"":{""attributes"":{""type"":""Profile"",""url"":""/services/data/v53.0/sobjects/Profile/00ed00000017IobAAE""},""Id"":""00ed00000017IobAAE"",""Name"":""System Administrator""}}},{""Parent"":{""Id"":""0PSd0000000quKmGAI"",""Type"":""Regular"",""Label"":""Additional Administrator Permissions"",""PermissionSetGroupId"":null,""Profile"":null}}]"
"066d0000002AVS1AAO","SiteRegister","[{""Parent"":{""Id"":""0PS0W000001GgU7WAK"",""Type"":""Profile"",""Label"":""00e0W000001lvZsQAI"",""PermissionSetGroupId"":null,""Profile"":{""attributes"":{""type"":""Profile"",""url"":""/services/data/v53.0/sobjects/Profile/00e0W000001lvZsQAI""},""Id"":""00e0W000001lvZsQAI"",""Name"":""ASU Advising Community Profile""}}},{""Parent"":{""Id"":""0PS0W000001bgy8WAA"",""Type"":""Profile"",""Label"":""00e0W000001yXlHQAU"",""PermissionSetGroupId"":null,""Profile"":{""attributes"":{""type"":""Profile"",""url"":""/services/data/v53.0/sobjects/Profile/00e0W000001yXlHQAU""},""Id"":""00e0W000001yXlHQAU"",""Name"":""Jira Profile""}}},{""Parent"":{""Id"":""0PS0W000001k9RKWAY"",""Type"":""Profile"",""Label"":""00e0W000002NjO9QAK"",""PermissionSetGroupId"":null,""Profile"":{""attributes"":{""type"":""Profile"",""url"":""/services/data/v53.0/sobjects/Profile/00e0W000002NjO9QAK""},""Id"":""00e0W000002NjO9QAK"",""Name"":""Family Portal Profile""}}},{""Parent"":{""Id"":""0PS0W000001watlWAA"",""Type"":""Profile"",""Label"":""00e0W000002RsQNQA0"",""PermissionSetGroupId"":null,""Profile"":{""attributes"":{""type"":""Profile"",""url"":""/services/data/v53.0/sobjects/Profile/00e0W000002RsQNQA0""},""Id"":""00e0W000002RsQNQA0"",""Name"":""AsuChat Profile""}}},{""Parent"":{""Id"":""0PSd0000000quTfGAI"",""Type"":""Profile"",""Label"":""00ed00000019tQkAAI"",""PermissionSetGroupId"":null,""Profile"":{""attributes"":{""type"":""Profile"",""url"":""/services/data/v53.0/sobjects/Profile/00ed00000019tQkAAI""},""Id"":""00ed00000019tQkAAI"",""Name"":""Public Knowledge Base for ASU Profile""}}},{""Parent"":{""Id"":""0PSd0000000qzl5GAA"",""Type"":""Profile"",""Label"":""00ed00000019yKBAAY"",""PermissionSetGroupId"":null,""Profile"":{""attributes"":{""type"":""Profile"",""url"":""/services/data/v53.0/sobjects/Profile/00ed00000019yKBAAY""},""Id"":""00ed00000019yKBAAY"",""Name"":""ASU View All Data""}}},{""Parent"":{""Id"":""0PSd0000000r0eSGAQ"",""Type"":""Profile"",""Label"":""00ed00000019z84AAA"",""PermissionSetGroupId"":null,""Profile"":{""attributes"":{""type"":""Profile"",""url"":""/services/data/v53.0/sobjects/Profile/00ed00000019z84AAA""},""Id"":""00ed00000019z84AAA"",""Name"":""Top Level Site Profile""}}},{""Parent"":{""Id"":""0PSd0000000TwGUGA0"",""Type"":""Profile"",""Label"":""00ed0000001EPuyAAG"",""PermissionSetGroupId"":null,""Profile"":{""attributes"":{""type"":""Profile"",""url"":""/services/data/v53.0/sobjects/Profile/00ed0000001EPuyAAG""},""Id"":""00ed0000001EPuyAAG"",""Name"":""Bomgar Profile""}}},{""Parent"":{""Id"":""0PSd0000001o83gGAA"",""Type"":""Profile"",""Label"":""00ed0000002FFobAAG"",""PermissionSetGroupId"":null,""Profile"":{""attributes"":{""type"":""Profile"",""url"":""/services/data/v53.0/sobjects/Profile/00ed0000002FFobAAG""},""Id"":""00ed0000002FFobAAG"",""Name"":""Unsubscribe Profile""}}},{""Parent"":{""Id"":""0PSd0000001jxyyGAA"",""Type"":""Profile"",""Label"":""00ed0000002Nf2KAAS"",""PermissionSetGroupId"":null,""Profile"":{""attributes"":{""type"":""Profile"",""url"":""/services/data/v53.0/sobjects/Profile/00ed0000002Nf2KAAS""},""Id"":""00ed0000002Nf2KAAS"",""Name"":""IdeaMachine Profile""}}},{""Parent"":{""Id"":""0PSd0000000oWPgGAM"",""Type"":""Profile"",""Label"":""00ex00000018ozT_128_09_43_34_1"",""PermissionSetGroupId"":null,""Profile"":{""attributes"":{""type"":""Profile"",""url"":""/services/data/v53.0/sobjects/Profile/00ed00000017IobAAE""},""Id"":""00ed00000017IobAAE"",""Name"":""System Administrator""}}},{""Parent"":{""Id"":""0PSd0000000quKmGAI"",""Type"":""Regular"",""Label"":""Additional Administrator Permissions"",""PermissionSetGroupId"":null,""Profile"":null}}]"
"066d0000002AVS6AAO","SiteRegisterConfirm","[{""Parent"":{""Id"":""0PS0W000001GgU7WAK"",""Type"":""Profile"",""Label"":""00e0W000001lvZsQAI"",""PermissionSetGroupId"":null,""Profile"":{""attributes"":{""type"":""Profile"",""url"":""/services/data/v53.0/sobjects/Profile/00e0W000001lvZsQAI""},""Id"":""00e0W000001lvZsQAI"",""Name"":""ASU Advising Community Profile""}}},{""Parent"":{""Id"":""0PS0W000001bgy8WAA"",""Type"":""Profile"",""Label"":""00e0W000001yXlHQAU"",""PermissionSetGroupId"":null,""Profile"":{""attributes"":{""type"":""Profile"",""url"":""/services/data/v53.0/sobjects/Profile/00e0W000001yXlHQAU""},""Id"":""00e0W000001yXlHQAU"",""Name"":""Jira Profile""}}},{""Parent"":{""Id"":""0PS0W000001k9RKWAY"",""Type"":""Profile"",""Label"":""00e0W000002NjO9QAK"",""PermissionSetGroupId"":null,""Profile"":{""attributes"":{""type"":""Profile"",""url"":""/services/data/v53.0/sobjects/Profile/00e0W000002NjO9QAK""},""Id"":""00e0W000002NjO9QAK"",""Name"":""Family Portal Profile""}}},{""Parent"":{""Id"":""0PS0W000001watlWAA"",""Type"":""Profile"",""Label"":""00e0W000002RsQNQA0"",""PermissionSetGroupId"":null,""Profile"":{""attributes"":{""type"":""Profile"",""url"":""/services/data/v53.0/sobjects/Profile/00e0W000002RsQNQA0""},""Id"":""00e0W000002RsQNQA0"",""Name"":""AsuChat Profile""}}},{""Parent"":{""Id"":""0PSd0000000quTfGAI"",""Type"":""Profile"",""Label"":""00ed00000019tQkAAI"",""PermissionSetGroupId"":null,""Profile"":{""attributes"":{""type"":""Profile"",""url"":""/services/data/v53.0/sobjects/Profile/00ed00000019tQkAAI""},""Id"":""00ed00000019tQkAAI"",""Name"":""Public Knowledge Base for ASU Profile""}}},{""Parent"":{""Id"":""0PSd0000000qzl5GAA"",""Type"":""Profile"",""Label"":""00ed00000019yKBAAY"",""PermissionSetGroupId"":null,""Profile"":{""attributes"":{""type"":""Profile"",""url"":""/services/data/v53.0/sobjects/Profile/00ed00000019yKBAAY""},""Id"":""00ed00000019yKBAAY"",""Name"":""ASU View All Data""}}},{""Parent"":{""Id"":""0PSd0000000r0eSGAQ"",""Type"":""Profile"",""Label"":""00ed00000019z84AAA"",""PermissionSetGroupId"":null,""Profile"":{""attributes"":{""type"":""Profile"",""url"":""/services/data/v53.0/sobjects/Profile/00ed00000019z84AAA""},""Id"":""00ed00000019z84AAA"",""Name"":""Top Level Site Profile""}}},{""Parent"":{""Id"":""0PSd0000000TwGUGA0"",""Type"":""Profile"",""Label"":""00ed0000001EPuyAAG"",""PermissionSetGroupId"":null,""Profile"":{""attributes"":{""type"":""Profile"",""url"":""/services/data/v53.0/sobjects/Profile/00ed0000001EPuyAAG""},""Id"":""00ed0000001EPuyAAG"",""Name"":""Bomgar Profile""}}},{""Parent"":{""Id"":""0PSd0000001o83gGAA"",""Type"":""Profile"",""Label"":""00ed0000002FFobAAG"",""PermissionSetGroupId"":null,""Profile"":{""attributes"":{""type"":""Profile"",""url"":""/services/data/v53.0/sobjects/Profile/00ed0000002FFobAAG""},""Id"":""00ed0000002FFobAAG"",""Name"":""Unsubscribe Profile""}}},{""Parent"":{""Id"":""0PSd0000001jxyyGAA"",""Type"":""Profile"",""Label"":""00ed0000002Nf2KAAS"",""PermissionSetGroupId"":null,""Profile"":{""attributes"":{""type"":""Profile"",""url"":""/services/data/v53.0/sobjects/Profile/00ed0000002Nf2KAAS""},""Id"":""00ed0000002Nf2KAAS"",""Name"":""IdeaMachine Profile""}}},{""Parent"":{""Id"":""0PSd0000000oWPgGAM"",""Type"":""Profile"",""Label"":""00ex00000018ozT_128_09_43_34_1"",""PermissionSetGroupId"":null,""Profile"":{""attributes"":{""type"":""Profile"",""url"":""/services/data/v53.0/sobjects/Profile/00ed00000017IobAAE""},""Id"":""00ed00000017IobAAE"",""Name"":""System Administrator""}}},{""Parent"":{""Id"":""0PSd0000000quKmGAI"",""Type"":""Regular"",""Label"":""Additional Administrator Permissions"",""PermissionSetGroupId"":null,""Profile"":null}}]"
"066d0000002AVS9AAO","SiteTemplate","[{""Parent"":{""Id"":""0PS0W000001watlWAA"",""Type"":""Profile"",""Label"":""00e0W000002RsQNQA0"",""PermissionSetGroupId"":null,""Profile"":{""attributes"":{""type"":""Profile"",""url"":""/services/data/v53.0/sobjects/Profile/00e0W000002RsQNQA0""},""Id"":""00e0W000002RsQNQA0"",""Name"":""AsuChat Profile""}}},{""Parent"":{""Id"":""0PSd0000000qzl5GAA"",""Type"":""Profile"",""Label"":""00ed00000019yKBAAY"",""PermissionSetGroupId"":null,""Profile"":{""attributes"":{""type"":""Profile"",""url"":""/services/data/v53.0/sobjects/Profile/00ed00000019yKBAAY""},""Id"":""00ed00000019yKBAAY"",""Name"":""ASU View All Data""}}},{""Parent"":{""Id"":""0PSd0000000TwGUGA0"",""Type"":""Profile"",""Label"":""00ed0000001EPuyAAG"",""PermissionSetGroupId"":null,""Profile"":{""attributes"":{""type"":""Profile"",""url"":""/services/data/v53.0/sobjects/Profile/00ed0000001EPuyAAG""},""Id"":""00ed0000001EPuyAAG"",""Name"":""Bomgar Profile""}}},{""Parent"":{""Id"":""0PSd0000001o83gGAA"",""Type"":""Profile"",""Label"":""00ed0000002FFobAAG"",""PermissionSetGroupId"":null,""Profile"":{""attributes"":{""type"":""Profile"",""url"":""/services/data/v53.0/sobjects/Profile/00ed0000002FFobAAG""},""Id"":""00ed0000002FFobAAG"",""Name"":""Unsubscribe Profile""}}},{""Parent"":{""Id"":""0PSd0000000oWPgGAM"",""Type"":""Profile"",""Label"":""00ex00000018ozT_128_09_43_34_1"",""PermissionSetGroupId"":null,""Profile"":{""attributes"":{""type"":""Profile"",""url"":""/services/data/v53.0/sobjects/Profile/00ed00000017IobAAE""},""Id"":""00ed00000017IobAAE"",""Name"":""System Administrator""}}},{""Parent"":{""Id"":""0PSd0000000quKmGAI"",""Type"":""Regular"",""Label"":""Additional Administrator Permissions"",""PermissionSetGroupId"":null,""Profile"":null}}]"
"0660W000002qaDuQAI","StatusMessage","[{""Parent"":{""Id"":""0PSd0000000oWPgGAM"",""Type"":""Profile"",""Label"":""00ex00000018ozT_128_09_43_34_1"",""PermissionSetGroupId"":null,""Profile"":{""attributes"":{""type"":""Profile"",""url"":""/services/data/v53.0/sobjects/Profile/00ed00000017IobAAE""},""Id"":""00ed00000017IobAAE"",""Name"":""System Administrator""}}},{""Parent"":{""Id"":""0PS0W000001sbm1WAA"",""Type"":""Regular"",""Label"":""SMS Magic Academic Advising"",""PermissionSetGroupId"":null,""Profile"":null}},{""Parent"":{""Id"":""0PS0W000001GhJsWAK"",""Type"":""Regular"",""Label"":""SMS Magic First Year Success Coach"",""PermissionSetGroupId"":null,""Profile"":null}},{""Parent"":{""Id"":""0PS6T000001k9thWAA"",""Type"":""Group"",""Label"":""SMS Magic Users - Academic Advisors Manager"",""PermissionSetGroupId"":""0PG6T000000GmepWAC"",""Profile"":null}},{""Parent"":{""Id"":""0PS6T000001k9tiWAA"",""Type"":""Group"",""Label"":""SMS Magic Users - Academic Advisors Staff"",""PermissionSetGroupId"":""0PG6T000000GmeqWAC"",""Profile"":null}},{""Parent"":{""Id"":""0PS6T000001k9tjWAA"",""Type"":""Group"",""Label"":""SMS Magic Users - FYS"",""PermissionSetGroupId"":""0PG6T000000GmerWAC"",""Profile"":null}}]"
"066d0000002AVS8AAO","StdExceptionTemplate","[{""Parent"":{""Id"":""0PSd0000000qzl5GAA"",""Type"":""Profile"",""Label"":""00ed00000019yKBAAY"",""PermissionSetGroupId"":null,""Profile"":{""attributes"":{""type"":""Profile"",""url"":""/services/data/v53.0/sobjects/Profile/00ed00000019yKBAAY""},""Id"":""00ed00000019yKBAAY"",""Name"":""ASU View All Data""}}},{""Parent"":{""Id"":""0PSd0000000oWPgGAM"",""Type"":""Profile"",""Label"":""00ex00000018ozT_128_09_43_34_1"",""PermissionSetGroupId"":null,""Profile"":{""attributes"":{""type"":""Profile"",""url"":""/services/data/v53.0/sobjects/Profile/00ed00000017IobAAE""},""Id"":""00ed00000017IobAAE"",""Name"":""System Administrator""}}},{""Parent"":{""Id"":""0PSd0000000quKmGAI"",""Type"":""Regular"",""Label"":""Additional Administrator Permissions"",""PermissionSetGroupId"":null,""Profile"":null}}]"
"066d0000003BFKNAA4","studentProfile","[{""Parent"":{""Id"":""0PS0W000001GgbCWAS"",""Type"":""Profile"",""Label"":""00e0W000001lvbKQAQ"",""PermissionSetGroupId"":null,""Profile"":{""attributes"":{""type"":""Profile"",""url"":""/services/data/v53.0/sobjects/Profile/00e0W000001lvbKQAQ""},""Id"":""00e0W000001lvbKQAQ"",""Name"":""ASU Service - ASU Local""}}},{""Parent"":{""Id"":""0PS0W000001k9UOWAY"",""Type"":""Profile"",""Label"":""00e0W000002NjQ0QAK"",""PermissionSetGroupId"":null,""Profile"":{""attributes"":{""type"":""Profile"",""url"":""/services/data/v53.0/sobjects/Profile/00e0W000002NjQ0QAK""},""Id"":""00e0W000002NjQ0QAK"",""Name"":""ASU Service - International Students and Scholars Center SMS""}}},{""Parent"":{""Id"":""0PS6T000001k9crWAA"",""Type"":""Profile"",""Label"":""00e6T000002NjQeQAK"",""PermissionSetGroupId"":null,""Profile"":{""attributes"":{""type"":""Profile"",""url"":""/services/data/v53.0/sobjects/Profile/00e6T000002NjQeQAK""},""Id"":""00e6T000002NjQeQAK"",""Name"":""ASU Service - Information Technology Support Hub""}}},{""Parent"":{""Id"":""0PS6T000001kAE8WAM"",""Type"":""Profile"",""Label"":""00e6T000002NjSuQAK"",""PermissionSetGroupId"":null,""Profile"":{""attributes"":{""type"":""Profile"",""url"":""/services/data/v53.0/sobjects/Profile/00e6T000002NjSuQAK""},""Id"":""00e6T000002NjSuQAK"",""Name"":""ASU Service - SMS API""}}},{""Parent"":{""Id"":""0PSd0000000H4C7GAK"",""Type"":""Profile"",""Label"":""00ed0000000jboWAAQ"",""PermissionSetGroupId"":null,""Profile"":{""attributes"":{""type"":""Profile"",""url"":""/services/data/v53.0/sobjects/Profile/00ed0000000jboWAAQ""},""Id"":""00ed0000000jboWAAQ"",""Name"":""ASU Service - First Year Success Center""}}},{""Parent"":{""Id"":""0PSd0000000H4NAGA0"",""Type"":""Profile"",""Label"":""00ed0000000jbtRAAQ"",""PermissionSetGroupId"":null,""Profile"":{""attributes"":{""type"":""Profile"",""url"":""/services/data/v53.0/sobjects/Profile/00ed0000000jbtRAAQ""},""Id"":""00ed0000000jbtRAAQ"",""Name"":""ASU Service - Career Services""}}},{""Parent"":{""Id"":""0PSd0000000H4PVGA0"",""Type"":""Profile"",""Label"":""00ed0000000jbu5AAA"",""PermissionSetGroupId"":null,""Profile"":{""attributes"":{""type"":""Profile"",""url"":""/services/data/v53.0/sobjects/Profile/00ed0000000jbu5AAA""},""Id"":""00ed0000000jbu5AAA"",""Name"":""ASU Service - University Academic Success Programs""}}},{""Parent"":{""Id"":""0PSd0000000H4WlGAK"",""Type"":""Profile"",""Label"":""00ed0000000jbyCAAQ"",""PermissionSetGroupId"":null,""Profile"":{""attributes"":{""type"":""Profile"",""url"":""/services/data/v53.0/sobjects/Profile/00ed0000000jbyCAAQ""},""Id"":""00ed0000000jbyCAAQ"",""Name"":""ASU Service - International Students and Scholars Center""}}},{""Parent"":{""Id"":""0PSd0000000H4ZQGA0"",""Type"":""Profile"",""Label"":""00ed0000000jbz5AAA"",""PermissionSetGroupId"":null,""Profile"":{""attributes"":{""type"":""Profile"",""url"":""/services/data/v53.0/sobjects/Profile/00ed0000000jbz5AAA""},""Id"":""00ed0000000jbz5AAA"",""Name"":""ASU Service - American Indian Student Support Services""}}},{""Parent"":{""Id"":""0PSd0000000H4rPGAS"",""Type"":""Profile"",""Label"":""00ed0000000jc9UAAQ"",""PermissionSetGroupId"":null,""Profile"":{""attributes"":{""type"":""Profile"",""url"":""/services/data/v53.0/sobjects/Profile/00ed0000000jc9UAAQ""},""Id"":""00ed0000000jc9UAAQ"",""Name"":""ASU Service - Dean of Students""}}},{""Parent"":{""Id"":""0PSd0000000qzaSGAQ"",""Type"":""Profile"",""Label"":""00ed00000019yBlAAI"",""PermissionSetGroupId"":null,""Profile"":{""attributes"":{""type"":""Profile"",""url"":""/services/data/v53.0/sobjects/Profile/00ed00000019yBlAAI""},""Id"":""00ed00000019yBlAAI"",""Name"":""ASU Service - Financial Aid""}}},{""Parent"":{""Id"":""0PSd0000000qzawGAA"",""Type"":""Profile"",""Label"":""00ed00000019yC5AAI"",""PermissionSetGroupId"":null,""Profile"":{""attributes"":{""type"":""Profile"",""url"":""/services/data/v53.0/sobjects/Profile/00ed00000019yC5AAI""},""Id"":""00ed00000019yC5AAI"",""Name"":""ASU Service - Registrar""}}},{""Parent"":{""Id"":""0PSd0000000qzb1GAA"",""Type"":""Profile"",""Label"":""00ed00000019yCAAAY"",""PermissionSetGroupId"":null,""Profile"":{""attributes"":{""type"":""Profile"",""url"":""/services/data/v53.0/sobjects/Profile/00ed00000019yCAAAY""},""Id"":""00ed00000019yCAAAY"",""Name"":""ASU Service - Student Business Services""}}},{""Parent"":{""Id"":""0PSd0000000qzl5GAA"",""Type"":""Profile"",""Label"":""00ed00000019yKBAAY"",""PermissionSetGroupId"":null,""Profile"":{""attributes"":{""type"":""Profile"",""url"":""/services/data/v53.0/sobjects/Profile/00ed00000019yKBAAY""},""Id"":""00ed00000019yKBAAY"",""Name"":""ASU View All Data""}}},{""Parent"":{""Id"":""0PSd0000000r0cKGAQ"",""Type"":""Profile"",""Label"":""00ed00000019z6CAAQ"",""PermissionSetGroupId"":null,""Profile"":{""attributes"":{""type"":""Profile"",""url"":""/services/data/v53.0/sobjects/Profile/00ed00000019z6CAAQ""},""Id"":""00ed00000019z6CAAQ"",""Name"":""ASU Service - Help Desk""}}},{""Parent"":{""Id"":""0PSd0000000r3amGAA"",""Type"":""Profile"",""Label"":""00ed0000001A1eqAAC"",""PermissionSetGroupId"":null,""Profile"":{""attributes"":{""type"":""Profile"",""url"":""/services/data/v53.0/sobjects/Profile/00ed0000001A1eqAAC""},""Id"":""00ed0000001A1eqAAC"",""Name"":""ASU Service - Integrated Services""}}},{""Parent"":{""Id"":""0PSd0000000r6MUGAY"",""Type"":""Profile"",""Label"":""00ed0000001A3nIAAS"",""PermissionSetGroupId"":null,""Profile"":{""attributes"":{""type"":""Profile"",""url"":""/services/data/v53.0/sobjects/Profile/00ed0000001A3nIAAS""},""Id"":""00ed0000001A3nIAAS"",""Name"":""ASU Service - University Housing""}}},{""Parent"":{""Id"":""0PSd0000001sKNNGA2"",""Type"":""Profile"",""Label"":""00ed0000002JS0DAAW"",""PermissionSetGroupId"":null,""Profile"":{""attributes"":{""type"":""Profile"",""url"":""/services/data/v53.0/sobjects/Profile/00ed0000002JS0DAAW""},""Id"":""00ed0000002JS0DAAW"",""Name"":""ASU Service - Success Coach""}}},{""Parent"":{""Id"":""0PSd0000000oWPgGAM"",""Type"":""Profile"",""Label"":""00ex00000018ozT_128_09_43_34_1"",""PermissionSetGroupId"":null,""Profile"":{""attributes"":{""type"":""Profile"",""url"":""/services/data/v53.0/sobjects/Profile/00ed00000017IobAAE""},""Id"":""00ed00000017IobAAE"",""Name"":""System Administrator""}}},{""Parent"":{""Id"":""0PS6T000001CZGsWAO"",""Type"":""Regular"",""Label"":""Role: EdPlus Coach Portal (Non-Success Coach)"",""PermissionSetGroupId"":null,""Profile"":null}},{""Parent"":{""Id"":""0PSd0000001o7u5GAA"",""Type"":""Regular"",""Label"":""Role: Student Profile"",""PermissionSetGroupId"":null,""Profile"":null}}]"
"066d0000002AkToAAK","studentSC","[{""Parent"":{""Id"":""0PSd0000000qzl5GAA"",""Type"":""Profile"",""Label"":""00ed00000019yKBAAY"",""PermissionSetGroupId"":null,""Profile"":{""attributes"":{""type"":""Profile"",""url"":""/services/data/v53.0/sobjects/Profile/00ed00000019yKBAAY""},""Id"":""00ed00000019yKBAAY"",""Name"":""ASU View All Data""}}},{""Parent"":{""Id"":""0PSd0000000r0bvGAA"",""Type"":""Profile"",""Label"":""00ed00000019z5nAAA"",""PermissionSetGroupId"":null,""Profile"":{""attributes"":{""type"":""Profile"",""url"":""/services/data/v53.0/sobjects/Profile/00ed00000019z5nAAA""},""Id"":""00ed00000019z5nAAA"",""Name"":""ASU Community""}}},{""Parent"":{""Id"":""0PSd0000000r0c0GAA"",""Type"":""Profile"",""Label"":""00ed00000019z5sAAA"",""PermissionSetGroupId"":null,""Profile"":{""attributes"":{""type"":""Profile"",""url"":""/services/data/v53.0/sobjects/Profile/00ed00000019z5sAAA""},""Id"":""00ed00000019z5sAAA"",""Name"":""ASU Community CAP""}}},{""Parent"":{""Id"":""0PSd0000000r0dDGAQ"",""Type"":""Profile"",""Label"":""00ed00000019z77AAA"",""PermissionSetGroupId"":null,""Profile"":{""attributes"":{""type"":""Profile"",""url"":""/services/data/v53.0/sobjects/Profile/00ed00000019z77AAA""},""Id"":""00ed00000019z77AAA"",""Name"":""My ASU Profile""}}},{""Parent"":{""Id"":""0PSd0000000r2e7GAA"",""Type"":""Profile"",""Label"":""00ed0000001A0pMAAS"",""PermissionSetGroupId"":null,""Profile"":{""attributes"":{""type"":""Profile"",""url"":""/services/data/v53.0/sobjects/Profile/00ed0000001A0pMAAS""},""Id"":""00ed0000001A0pMAAS"",""Name"":""ASU Service - Student Success Innovations""}}},{""Parent"":{""Id"":""0PSd0000000r4s2GAA"",""Type"":""Profile"",""Label"":""00ed0000001A2dLAAS"",""PermissionSetGroupId"":null,""Profile"":{""attributes"":{""type"":""Profile"",""url"":""/services/data/v53.0/sobjects/Profile/00ed0000001A2dLAAS""},""Id"":""00ed0000001A2dLAAS"",""Name"":""ASU Service - Engineering - Dean's Office""}}},{""Parent"":{""Id"":""0PSd0000000oWPgGAM"",""Type"":""Profile"",""Label"":""00ex00000018ozT_128_09_43_34_1"",""PermissionSetGroupId"":null,""Profile"":{""attributes"":{""type"":""Profile"",""url"":""/services/data/v53.0/sobjects/Profile/00ed00000017IobAAE""},""Id"":""00ed00000017IobAAE"",""Name"":""System Administrator""}}}]"
"066d0000003BFJ0AAO","SubscriptionCenter","[{""Parent"":{""Id"":""0PSd0000001o83gGAA"",""Type"":""Profile"",""Label"":""00ed0000002FFobAAG"",""PermissionSetGroupId"":null,""Profile"":{""attributes"":{""type"":""Profile"",""url"":""/services/data/v53.0/sobjects/Profile/00ed0000002FFobAAG""},""Id"":""00ed0000002FFobAAG"",""Name"":""Unsubscribe Profile""}}},{""Parent"":{""Id"":""0PSd0000000oWPgGAM"",""Type"":""Profile"",""Label"":""00ex00000018ozT_128_09_43_34_1"",""PermissionSetGroupId"":null,""Profile"":{""attributes"":{""type"":""Profile"",""url"":""/services/data/v53.0/sobjects/Profile/00ed00000017IobAAE""},""Id"":""00ed00000017IobAAE"",""Name"":""System Administrator""}}}]"
"066d0000002ykFNAAY","successRecoding","[{""Parent"":{""Id"":""0PSd0000001sKNNGA2"",""Type"":""Profile"",""Label"":""00ed0000002JS0DAAW"",""PermissionSetGroupId"":null,""Profile"":{""attributes"":{""type"":""Profile"",""url"":""/services/data/v53.0/sobjects/Profile/00ed0000002JS0DAAW""},""Id"":""00ed0000002JS0DAAW"",""Name"":""ASU Service - Success Coach""}}},{""Parent"":{""Id"":""0PSd0000000oWPgGAM"",""Type"":""Profile"",""Label"":""00ex00000018ozT_128_09_43_34_1"",""PermissionSetGroupId"":null,""Profile"":{""attributes"":{""type"":""Profile"",""url"":""/services/data/v53.0/sobjects/Profile/00ed00000017IobAAE""},""Id"":""00ed00000017IobAAE"",""Name"":""System Administrator""}}},{""Parent"":{""Id"":""0PS6T000001CZGsWAO"",""Type"":""Regular"",""Label"":""Role: EdPlus Coach Portal (Non-Success Coach)"",""PermissionSetGroupId"":null,""Profile"":null}}]"
"066d00000024duLAAQ","SuncardPhoto","[{""Parent"":{""Id"":""0PSd0000000qzl5GAA"",""Type"":""Profile"",""Label"":""00ed00000019yKBAAY"",""PermissionSetGroupId"":null,""Profile"":{""attributes"":{""type"":""Profile"",""url"":""/services/data/v53.0/sobjects/Profile/00ed00000019yKBAAY""},""Id"":""00ed00000019yKBAAY"",""Name"":""ASU View All Data""}}},{""Parent"":{""Id"":""0PSd0000000oWPgGAM"",""Type"":""Profile"",""Label"":""00ex00000018ozT_128_09_43_34_1"",""PermissionSetGroupId"":null,""Profile"":{""attributes"":{""type"":""Profile"",""url"":""/services/data/v53.0/sobjects/Profile/00ed00000017IobAAE""},""Id"":""00ed00000017IobAAE"",""Name"":""System Administrator""}}}]"
"066d0000002AowzAAC","systemoutage","[{""Parent"":{""Id"":""0PS0W000001CNqIWAW"",""Type"":""Profile"",""Label"":""00e0W000001hh6oQAA"",""PermissionSetGroupId"":null,""Profile"":{""attributes"":{""type"":""Profile"",""url"":""/services/data/v53.0/sobjects/Profile/00e0W000001hh6oQAA""},""Id"":""00e0W000001hh6oQAA"",""Name"":""ASU Service - MasterCard Program""}}},{""Parent"":{""Id"":""0PS0W000001CNy2WAG"",""Type"":""Profile"",""Label"":""00e0W000001hhAbQAI"",""PermissionSetGroupId"":null,""Profile"":{""attributes"":{""type"":""Profile"",""url"":""/services/data/v53.0/sobjects/Profile/00e0W000001hhAbQAI""},""Id"":""00e0W000001hhAbQAI"",""Name"":""ASU Service - Public Service Academy""}}},{""Parent"":{""Id"":""0PS0W000001COffWAG"",""Type"":""Profile"",""Label"":""00e0W000001hhfyQAA"",""PermissionSetGroupId"":null,""Profile"":{""attributes"":{""type"":""Profile"",""url"":""/services/data/v53.0/sobjects/Profile/00e0W000001hhfyQAA""},""Id"":""00e0W000001hhfyQAA"",""Name"":""ASU Service - Biosafety""}}},{""Parent"":{""Id"":""0PS0W000001CO7YWAW"",""Type"":""Profile"",""Label"":""00e0W000001hhI6QAI"",""PermissionSetGroupId"":null,""Profile"":{""attributes"":{""type"":""Profile"",""url"":""/services/data/v53.0/sobjects/Profile/00e0W000001hhI6QAI""},""Id"":""00e0W000001hhI6QAI"",""Name"":""ASU Service - New College Deans Office""}}},{""Parent"":{""Id"":""0PS0W000001CO8CWAW"",""Type"":""Profile"",""Label"":""00e0W000001hhIfQAI"",""PermissionSetGroupId"":null,""Profile"":{""attributes"":{""type"":""Profile"",""url"":""/services/data/v53.0/sobjects/Profile/00e0W000001hhIfQAI""},""Id"":""00e0W000001hhIfQAI"",""Name"":""ASU Service - Engineering - K12 Engineering Education""}}},{""Parent"":{""Id"":""0PS0W000001GgWMWA0"",""Type"":""Profile"",""Label"":""00e0W000001lvaCQAQ"",""PermissionSetGroupId"":null,""Profile"":{""attributes"":{""type"":""Profile"",""url"":""/services/data/v53.0/sobjects/Profile/00e0W000001lvaCQAQ""},""Id"":""00e0W000001lvaCQAQ"",""Name"":""ASU Service - University Events & Protocol""}}},{""Parent"":{""Id"":""0PS0W000001Gga4WAC"",""Type"":""Profile"",""Label"":""00e0W000001lvb5QAA"",""PermissionSetGroupId"":null,""Profile"":{""attributes"":{""type"":""Profile"",""url"":""/services/data/v53.0/sobjects/Profile/00e0W000001lvb5QAA""},""Id"":""00e0W000001lvb5QAA"",""Name"":""ASU Service - Psychology Research Advancement""}}},{""Parent"":{""Id"":""0PS0W000001GgbCWAS"",""Type"":""Profile"",""Label"":""00e0W000001lvbKQAQ"",""PermissionSetGroupId"":null,""Profile"":{""attributes"":{""type"":""Profile"",""url"":""/services/data/v53.0/sobjects/Profile/00e0W000001lvbKQAQ""},""Id"":""00e0W000001lvbKQAQ"",""Name"":""ASU Service - ASU Local""}}},{""Parent"":{""Id"":""0PS0W000001GgfJWAS"",""Type"":""Profile"",""Label"":""00e0W000001lvcIQAQ"",""PermissionSetGroupId"":null,""Profile"":{""attributes"":{""type"":""Profile"",""url"":""/services/data/v53.0/sobjects/Profile/00e0W000001lvcIQAQ""},""Id"":""00e0W000001lvcIQAQ"",""Name"":""ASU Service - The College - Interplanetary Initiatives""}}},{""Parent"":{""Id"":""0PS0W000001GgzxWAC"",""Type"":""Profile"",""Label"":""00e0W000001lvdaQAA"",""PermissionSetGroupId"":null,""Profile"":{""attributes"":{""type"":""Profile"",""url"":""/services/data/v53.0/sobjects/Profile/00e0W000001lvdaQAA""},""Id"":""00e0W000001lvdaQAA"",""Name"":""ASU Service - Watts Bridging Success""}}},{""Parent"":{""Id"":""0PS0W000001GftOWAS"",""Type"":""Profile"",""Label"":""00e0W000001lvOQQAY"",""PermissionSetGroupId"":null,""Profile"":{""attributes"":{""type"":""Profile"",""url"":""/services/data/v53.0/sobjects/Profile/00e0W000001lvOQQAY""},""Id"":""00e0W000001lvOQQAY"",""Name"":""ASU Service - ASU Family Programs""}}},{""Parent"":{""Id"":""0PS0W000001Gg0eWAC"",""Type"":""Profile"",""Label"":""00e0W000001lvQvQAI"",""PermissionSetGroupId"":null,""Profile"":{""attributes"":{""type"":""Profile"",""url"":""/services/data/v53.0/sobjects/Profile/00e0W000001lvQvQAI""},""Id"":""00e0W000001lvQvQAI"",""Name"":""ASU Service - TC SOLS Academic Integrity""}}},{""Parent"":{""Id"":""0PS0W000001GiExWAK"",""Type"":""Profile"",""Label"":""00e0W000001lvubQAA"",""PermissionSetGroupId"":null,""Profile"":{""attributes"":{""type"":""Profile"",""url"":""/services/data/v53.0/sobjects/Profile/00e0W000001lvubQAA""},""Id"":""00e0W000001lvubQAA"",""Name"":""ASU Service - DNASU Plasmid Repository""}}},{""Parent"":{""Id"":""0PS0W000001bgzVWAQ"",""Type"":""Profile"",""Label"":""00e0W000001yXmFQAU"",""PermissionSetGroupId"":null,""Profile"":{""attributes"":{""type"":""Profile"",""url"":""/services/data/v53.0/sobjects/Profile/00e0W000001yXmFQAU""},""Id"":""00e0W000001yXmFQAU"",""Name"":""ASU Recruitment - Team (ESISD)""}}},{""Parent"":{""Id"":""0PS0W000001P1NAWA0"",""Type"":""Profile"",""Label"":""00e0W0000022hBdQAI"",""PermissionSetGroupId"":null,""Profile"":{""attributes"":{""type"":""Profile"",""url"":""/services/data/v53.0/sobjects/Profile/00e0W0000022hBdQAI""},""Id"":""00e0W0000022hBdQAI"",""Name"":""ASU Service - Success Courses""}}},{""Parent"":{""Id"":""0PS0W000001fphCWAQ"",""Type"":""Profile"",""Label"":""00e0W0000026u4qQAA"",""PermissionSetGroupId"":null,""Profile"":{""attributes"":{""type"":""Profile"",""url"":""/services/data/v53.0/sobjects/Profile/00e0W0000026u4qQAA""},""Id"":""00e0W0000026u4qQAA"",""Name"":""ASU Service - Opportunities for Youth""}}},{""Parent"":{""Id"":""0PS0W000001KoULWA0"",""Type"":""Profile"",""Label"":""00e0W000002B4xjQAC"",""PermissionSetGroupId"":null,""Profile"":{""attributes"":{""type"":""Profile"",""url"":""/services/data/v53.0/sobjects/Profile/00e0W000002B4xjQAC""},""Id"":""00e0W000002B4xjQAC"",""Name"":""ASU Service - ATCS and Study Abroad""}}},{""Parent"":{""Id"":""0PS0W000001KpSQWA0"",""Type"":""Profile"",""Label"":""00e0W000002B5TBQA0"",""PermissionSetGroupId"":null,""Profile"":{""attributes"":{""type"":""Profile"",""url"":""/services/data/v53.0/sobjects/Profile/00e0W000002B5TBQA0""},""Id"":""00e0W000002B5TBQA0"",""Name"":""ASU Service - TC - SCETL""}}},{""Parent"":{""Id"":""0PS0W000001sasmWAA"",""Type"":""Profile"",""Label"":""00e0W000002JZG1QAO"",""PermissionSetGroupId"":null,""Profile"":{""attributes"":{""type"":""Profile"",""url"":""/services/data/v53.0/sobjects/Profile/00e0W000002JZG1QAO""},""Id"":""00e0W000002JZG1QAO"",""Name"":""API User - Ed Plus Org""}}},{""Parent"":{""Id"":""0PS0W000001sbaPWAQ"",""Type"":""Profile"",""Label"":""00e0W000002JZOFQA4"",""PermissionSetGroupId"":null,""Profile"":{""attributes"":{""type"":""Profile"",""url"":""/services/data/v53.0/sobjects/Profile/00e0W000002JZOFQA4""},""Id"":""00e0W000002JZOFQA4"",""Name"":""ASU Service - Explore""}}},{""Parent"":{""Id"":""0PS0W000001sbktWAA"",""Type"":""Profile"",""Label"":""00e0W000002JZROQA4"",""PermissionSetGroupId"":null,""Profile"":{""attributes"":{""type"":""Profile"",""url"":""/services/data/v53.0/sobjects/Profile/00e0W000002JZROQA4""},""Id"":""00e0W000002JZROQA4"",""Name"":""ASU Service - College of Global Futures""}}},{""Parent"":{""Id"":""0PS0W000001jz1PWAQ"",""Type"":""Profile"",""Label"":""00e0W000002NfGqQAK"",""PermissionSetGroupId"":null,""Profile"":{""attributes"":{""type"":""Profile"",""url"":""/services/data/v53.0/sobjects/Profile/00e0W000002NfGqQAK""},""Id"":""00e0W000002NfGqQAK"",""Name"":""ASU Service - Enrollment Analysis""}}},{""Parent"":{""Id"":""0PS0W000001k9UOWAY"",""Type"":""Profile"",""Label"":""00e0W000002NjQ0QAK"",""PermissionSetGroupId"":null,""Profile"":{""attributes"":{""type"":""Profile"",""url"":""/services/data/v53.0/sobjects/Profile/00e0W000002NjQ0QAK""},""Id"":""00e0W000002NjQ0QAK"",""Name"":""ASU Service - International Students and Scholars Center SMS""}}},{""Parent"":{""Id"":""0PS6T000001CZe3WAG"",""Type"":""Profile"",""Label"":""00e6T000001hlA1QAI"",""PermissionSetGroupId"":null,""Profile"":{""attributes"":{""type"":""Profile"",""url"":""/services/data/v53.0/sobjects/Profile/00e6T000001hlA1QAI""},""Id"":""00e6T000001hlA1QAI"",""Name"":""ASU Service - Engineering - Poly HR""}}},{""Parent"":{""Id"":""0PS6T000001k9crWAA"",""Type"":""Profile"",""Label"":""00e6T000002NjQeQAK"",""PermissionSetGroupId"":null,""Profile"":{""attributes"":{""type"":""Profile"",""url"":""/services/data/v53.0/sobjects/Profile/00e6T000002NjQeQAK""},""Id"":""00e6T000002NjQeQAK"",""Name"":""ASU Service - Information Technology Support Hub""}}},{""Parent"":{""Id"":""0PS6T000001kAE8WAM"",""Type"":""Profile"",""Label"":""00e6T000002NjSuQAK"",""PermissionSetGroupId"":null,""Profile"":{""attributes"":{""type"":""Profile"",""url"":""/services/data/v53.0/sobjects/Profile/00e6T000002NjSuQAK""},""Id"":""00e6T000002NjSuQAK"",""Name"":""ASU Service - SMS API""}}},{""Parent"":{""Id"":""0PSd0000000H441GAC"",""Type"":""Profile"",""Label"":""00ed0000000jbjMAAQ"",""PermissionSetGroupId"":null,""Profile"":{""attributes"":{""type"":""Profile"",""url"":""/services/data/v53.0/sobjects/Profile/00ed0000000jbjMAAQ""},""Id"":""00ed0000000jbjMAAQ"",""Name"":""ASU Service - Design and the Arts""}}},{""Parent"":{""Id"":""0PSd0000000H4AQGA0"",""Type"":""Profile"",""Label"":""00ed0000000jbo2AAA"",""PermissionSetGroupId"":null,""Profile"":{""attributes"":{""type"":""Profile"",""url"":""/services/data/v53.0/sobjects/Profile/00ed0000000jbo2AAA""},""Id"":""00ed0000000jbo2AAA"",""Name"":""ASU Service - International Initiatives Graduate Education""}}},{""Parent"":{""Id"":""0PSd0000000H4BxGAK"",""Type"":""Profile"",""Label"":""00ed0000000jboMAAQ"",""PermissionSetGroupId"":null,""Profile"":{""attributes"":{""type"":""Profile"",""url"":""/services/data/v53.0/sobjects/Profile/00ed0000000jboMAAQ""},""Id"":""00ed0000000jboMAAQ"",""Name"":""ASU Service - W. P. Carey Business""}}},{""Parent"":{""Id"":""0PSd0000000H4C2GAK"",""Type"":""Profile"",""Label"":""00ed0000000jboRAAQ"",""PermissionSetGroupId"":null,""Profile"":{""attributes"":{""type"":""Profile"",""url"":""/services/data/v53.0/sobjects/Profile/00ed0000000jboRAAQ""},""Id"":""00ed0000000jboRAAQ"",""Name"":""ASU Service - Parking and Transit Services""}}},{""Parent"":{""Id"":""0PSd0000000H4C7GAK"",""Type"":""Profile"",""Label"":""00ed0000000jboWAAQ"",""PermissionSetGroupId"":null,""Profile"":{""attributes"":{""type"":""Profile"",""url"":""/services/data/v53.0/sobjects/Profile/00ed0000000jboWAAQ""},""Id"":""00ed0000000jboWAAQ"",""Name"":""ASU Service - First Year Success Center""}}},{""Parent"":{""Id"":""0PSd0000000H4J3GAK"",""Type"":""Profile"",""Label"":""00ed0000000jbqhAAA"",""PermissionSetGroupId"":null,""Profile"":{""attributes"":{""type"":""Profile"",""url"":""/services/data/v53.0/sobjects/Profile/00ed0000000jbqhAAA""},""Id"":""00ed0000000jbqhAAA"",""Name"":""ASU Service - Pat Tillman Veteran Center""}}},{""Parent"":{""Id"":""0PSd0000000H4J8GAK"",""Type"":""Profile"",""Label"":""00ed0000000jbqmAAA"",""PermissionSetGroupId"":null,""Profile"":{""attributes"":{""type"":""Profile"",""url"":""/services/data/v53.0/sobjects/Profile/00ed0000000jbqmAAA""},""Id"":""00ed0000000jbqmAAA"",""Name"":""ASU Service - Thunderbird""}}},{""Parent"":{""Id"":""0PSd0000000H4N0GAK"",""Type"":""Profile"",""Label"":""00ed0000000jbtHAAQ"",""PermissionSetGroupId"":null,""Profile"":{""attributes"":{""type"":""Profile"",""url"":""/services/data/v53.0/sobjects/Profile/00ed0000000jbtHAAQ""},""Id"":""00ed0000000jbtHAAQ"",""Name"":""ASU Service - EOSS""}}},{""Parent"":{""Id"":""0PSd0000000H4N5GAK"",""Type"":""Profile"",""Label"":""00ed0000000jbtMAAQ"",""PermissionSetGroupId"":null,""Profile"":{""attributes"":{""type"":""Profile"",""url"":""/services/data/v53.0/sobjects/Profile/00ed0000000jbtMAAQ""},""Id"":""00ed0000000jbtMAAQ"",""Name"":""ASU Service - Sun Devil Card Services""}}},{""Parent"":{""Id"":""0PSd0000000H4NAGA0"",""Type"":""Profile"",""Label"":""00ed0000000jbtRAAQ"",""PermissionSetGroupId"":null,""Profile"":{""attributes"":{""type"":""Profile"",""url"":""/services/data/v53.0/sobjects/Profile/00ed0000000jbtRAAQ""},""Id"":""00ed0000000jbtRAAQ"",""Name"":""ASU Service - Career Services""}}},{""Parent"":{""Id"":""0PSd0000000H4PVGA0"",""Type"":""Profile"",""Label"":""00ed0000000jbu5AAA"",""PermissionSetGroupId"":null,""Profile"":{""attributes"":{""type"":""Profile"",""url"":""/services/data/v53.0/sobjects/Profile/00ed0000000jbu5AAA""},""Id"":""00ed0000000jbu5AAA"",""Name"":""ASU Service - University Academic Success Programs""}}},{""Parent"":{""Id"":""0PSd0000000H4PaGAK"",""Type"":""Profile"",""Label"":""00ed0000000jbuAAAQ"",""PermissionSetGroupId"":null,""Profile"":{""attributes"":{""type"":""Profile"",""url"":""/services/data/v53.0/sobjects/Profile/00ed0000000jbuAAAQ""},""Id"":""00ed0000000jbuAAAQ"",""Name"":""ASU Service - Honors""}}},{""Parent"":{""Id"":""0PSd0000000H4QTGA0"",""Type"":""Profile"",""Label"":""00ed0000000jbujAAA"",""PermissionSetGroupId"":null,""Profile"":{""attributes"":{""type"":""Profile"",""url"":""/services/data/v53.0/sobjects/Profile/00ed0000000jbujAAA""},""Id"":""00ed0000000jbujAAA"",""Name"":""ASU Service - Journalism""}}},{""Parent"":{""Id"":""0PSd0000000H4QYGA0"",""Type"":""Profile"",""Label"":""00ed0000000jbuoAAA"",""PermissionSetGroupId"":null,""Profile"":{""attributes"":{""type"":""Profile"",""url"":""/services/data/v53.0/sobjects/Profile/00ed0000000jbuoAAA""},""Id"":""00ed0000000jbuoAAA"",""Name"":""ASU Service - Office of the University Provost""}}},{""Parent"":{""Id"":""0PSd0000000H3g5GAC"",""Type"":""Profile"",""Label"":""00ed0000000jbV9AAI"",""PermissionSetGroupId"":null,""Profile"":{""attributes"":{""type"":""Profile"",""url"":""/services/data/v53.0/sobjects/Profile/00ed0000000jbV9AAI""},""Id"":""00ed0000000jbV9AAI"",""Name"":""ASU Service - TC - AIS""}}},{""Parent"":{""Id"":""0PSd0000000H3gAGAS"",""Type"":""Profile"",""Label"":""00ed0000000jbVEAAY"",""PermissionSetGroupId"":null,""Profile"":{""attributes"":{""type"":""Profile"",""url"":""/services/data/v53.0/sobjects/Profile/00ed0000000jbVEAAY""},""Id"":""00ed0000000jbVEAAY"",""Name"":""ASU Service - TC  - The Sanford School""}}},{""Parent"":{""Id"":""0PSd0000000H3gFGAS"",""Type"":""Profile"",""Label"":""00ed0000000jbVJAAY"",""PermissionSetGroupId"":null,""Profile"":{""attributes"":{""type"":""Profile"",""url"":""/services/data/v53.0/sobjects/Profile/00ed0000000jbVJAAY""},""Id"":""00ed0000000jbVJAAY"",""Name"":""ASU Service - TC - SST""}}},{""Parent"":{""Id"":""0PSd0000000H3gKGAS"",""Type"":""Profile"",""Label"":""00ed0000000jbVOAAY"",""PermissionSetGroupId"":null,""Profile"":{""attributes"":{""type"":""Profile"",""url"":""/services/data/v53.0/sobjects/Profile/00ed0000000jbVOAAY""},""Id"":""00ed0000000jbVOAAY"",""Name"":""ASU Service - TC - Army ROTC""}}},{""Parent"":{""Id"":""0PSd0000000H4ThGAK"",""Type"":""Profile"",""Label"":""00ed0000000jbwGAAQ"",""PermissionSetGroupId"":null,""Profile"":{""attributes"":{""type"":""Profile"",""url"":""/services/data/v53.0/sobjects/Profile/00ed0000000jbwGAAQ""},""Id"":""00ed0000000jbwGAAQ"",""Name"":""ASU Service - ASU Salesforce Support""}}},{""Parent"":{""Id"":""0PSd0000000H4WlGAK"",""Type"":""Profile"",""Label"":""00ed0000000jbyCAAQ"",""PermissionSetGroupId"":null,""Profile"":{""attributes"":{""type"":""Profile"",""url"":""/services/data/v53.0/sobjects/Profile/00ed0000000jbyCAAQ""},""Id"":""00ed0000000jbyCAAQ"",""Name"":""ASU Service - International Students and Scholars Center""}}},{""Parent"":{""Id"":""0PSd0000000H4XoGAK"",""Type"":""Profile"",""Label"":""00ed0000000jbylAAA"",""PermissionSetGroupId"":null,""Profile"":{""attributes"":{""type"":""Profile"",""url"":""/services/data/v53.0/sobjects/Profile/00ed0000000jbylAAA""},""Id"":""00ed0000000jbylAAA"",""Name"":""ASU Recruitment - Graduate Recruiter""}}},{""Parent"":{""Id"":""0PSd0000000H4ZLGA0"",""Type"":""Profile"",""Label"":""00ed0000000jbz0AAA"",""PermissionSetGroupId"":null,""Profile"":{""attributes"":{""type"":""Profile"",""url"":""/services/data/v53.0/sobjects/Profile/00ed0000000jbz0AAA""},""Id"":""00ed0000000jbz0AAA"",""Name"":""ASU Service - School for the Future of Innovation in Society""}}},{""Parent"":{""Id"":""0PSd0000000H4ZQGA0"",""Type"":""Profile"",""Label"":""00ed0000000jbz5AAA"",""PermissionSetGroupId"":null,""Profile"":{""attributes"":{""type"":""Profile"",""url"":""/services/data/v53.0/sobjects/Profile/00ed0000000jbz5AAA""},""Id"":""00ed0000000jbz5AAA"",""Name"":""ASU Service - American Indian Student Support Services""}}},{""Parent"":{""Id"":""0PSd0000000H4hyGAC"",""Type"":""Profile"",""Label"":""00ed0000000jc4eAAA"",""PermissionSetGroupId"":null,""Profile"":{""attributes"":{""type"":""Profile"",""url"":""/services/data/v53.0/sobjects/Profile/00ed0000000jc4eAAA""},""Id"":""00ed0000000jc4eAAA"",""Name"":""ASU Service - ASU Wellness""}}},{""Parent"":{""Id"":""0PSd0000000H4i3GAC"",""Type"":""Profile"",""Label"":""00ed0000000jc4jAAA"",""PermissionSetGroupId"":null,""Profile"":{""attributes"":{""type"":""Profile"",""url"":""/services/data/v53.0/sobjects/Profile/00ed0000000jc4jAAA""},""Id"":""00ed0000000jc4jAAA"",""Name"":""ASU Service - Student Engagement""}}},{""Parent"":{""Id"":""0PSd0000000H4i8GAC"",""Type"":""Profile"",""Label"":""00ed0000000jc4oAAA"",""PermissionSetGroupId"":null,""Profile"":{""attributes"":{""type"":""Profile"",""url"":""/services/data/v53.0/sobjects/Profile/00ed0000000jc4oAAA""},""Id"":""00ed0000000jc4oAAA"",""Name"":""ASU Service - TRIO""}}},{""Parent"":{""Id"":""0PSd0000000H4iXGAS"",""Type"":""Profile"",""Label"":""00ed0000000jc5DAAQ"",""PermissionSetGroupId"":null,""Profile"":{""attributes"":{""type"":""Profile"",""url"":""/services/data/v53.0/sobjects/Profile/00ed0000000jc5DAAQ""},""Id"":""00ed0000000jc5DAAQ"",""Name"":""ASU Service - TC - Air Force ROTC""}}},{""Parent"":{""Id"":""0PSd0000000H4icGAC"",""Type"":""Profile"",""Label"":""00ed0000000jc5IAAQ"",""PermissionSetGroupId"":null,""Profile"":{""attributes"":{""type"":""Profile"",""url"":""/services/data/v53.0/sobjects/Profile/00ed0000000jc5IAAQ""},""Id"":""00ed0000000jc5IAAQ"",""Name"":""ASU Service - TC - Navy ROTC""}}},{""Parent"":{""Id"":""0PSd0000000H4rKGAS"",""Type"":""Profile"",""Label"":""00ed0000000jc9PAAQ"",""PermissionSetGroupId"":null,""Profile"":{""attributes"":{""type"":""Profile"",""url"":""/services/data/v53.0/sobjects/Profile/00ed0000000jc9PAAQ""},""Id"":""00ed0000000jc9PAAQ"",""Name"":""ASU Service - Fraternity & Sorority Life""}}},{""Parent"":{""Id"":""0PSd0000000H4rPGAS"",""Type"":""Profile"",""Label"":""00ed0000000jc9UAAQ"",""PermissionSetGroupId"":null,""Profile"":{""attributes"":{""type"":""Profile"",""url"":""/services/data/v53.0/sobjects/Profile/00ed0000000jc9UAAQ""},""Id"":""00ed0000000jc9UAAQ"",""Name"":""ASU Service - Dean of Students""}}},{""Parent"":{""Id"":""0PSd0000000H4wyGAC"",""Type"":""Profile"",""Label"":""00ed0000000jcCOAAY"",""PermissionSetGroupId"":null,""Profile"":{""attributes"":{""type"":""Profile"",""url"":""/services/data/v53.0/sobjects/Profile/00ed0000000jcCOAAY""},""Id"":""00ed0000000jcCOAAY"",""Name"":""ASU Service - Enterprise Marketing Hub""}}},{""Parent"":{""Id"":""0PSd0000000H4x3GAC"",""Type"":""Profile"",""Label"":""00ed0000000jcCTAAY"",""PermissionSetGroupId"":null,""Profile"":{""attributes"":{""type"":""Profile"",""url"":""/services/data/v53.0/sobjects/Profile/00ed0000000jcCTAAY""},""Id"":""00ed0000000jcCTAAY"",""Name"":""ASU Service - Print Anywhere Tier 2""}}},{""Parent"":{""Id"":""0PSd0000000H4x8GAC"",""Type"":""Profile"",""Label"":""00ed0000000jcCYAAY"",""PermissionSetGroupId"":null,""Profile"":{""attributes"":{""type"":""Profile"",""url"":""/services/data/v53.0/sobjects/Profile/00ed0000000jcCYAAY""},""Id"":""00ed0000000jcCYAAY"",""Name"":""ASU Service - Sun Devil Fitness""}}},{""Parent"":{""Id"":""0PSd0000000H523GAC"",""Type"":""Profile"",""Label"":""00ed0000000jcFDAAY"",""PermissionSetGroupId"":null,""Profile"":{""attributes"":{""type"":""Profile"",""url"":""/services/data/v53.0/sobjects/Profile/00ed0000000jcFDAAY""},""Id"":""00ed0000000jcFDAAY"",""Name"":""ASU Service - MU Information Desk""}}},{""Parent"":{""Id"":""0PSd0000000H55HGAS"",""Type"":""Profile"",""Label"":""00ed0000000jcGQAAY"",""PermissionSetGroupId"":null,""Profile"":{""attributes"":{""type"":""Profile"",""url"":""/services/data/v53.0/sobjects/Profile/00ed0000000jcGQAAY""},""Id"":""00ed0000000jcGQAAY"",""Name"":""ASU Service - Sun Devil Dining""}}},{""Parent"":{""Id"":""0PSd0000000H5zBGAS"",""Type"":""Profile"",""Label"":""00ed0000000jcPXAAY"",""PermissionSetGroupId"":null,""Profile"":{""attributes"":{""type"":""Profile"",""url"":""/services/data/v53.0/sobjects/Profile/00ed0000000jcPXAAY""},""Id"":""00ed0000000jcPXAAY"",""Name"":""ASU Service - Student Government""}}},{""Parent"":{""Id"":""0PSd0000000H6BWGA0"",""Type"":""Profile"",""Label"":""00ed0000000jcWYAAY"",""PermissionSetGroupId"":null,""Profile"":{""attributes"":{""type"":""Profile"",""url"":""/services/data/v53.0/sobjects/Profile/00ed0000000jcWYAAY""},""Id"":""00ed0000000jcWYAAY"",""Name"":""ASU Service - Strategic Initiatives""}}},{""Parent"":{""Id"":""0PSd0000000qieNGAQ"",""Type"":""Profile"",""Label"":""00ed00000019hzBAAQ"",""PermissionSetGroupId"":null,""Profile"":{""attributes"":{""type"":""Profile"",""url"":""/services/data/v53.0/sobjects/Profile/00ed00000019hzBAAQ""},""Id"":""00ed00000019hzBAAQ"",""Name"":""Customer Community Login User""}}},{""Parent"":{""Id"":""0PSd0000000qjenGAA"",""Type"":""Profile"",""Label"":""00ed00000019invAAA"",""PermissionSetGroupId"":null,""Profile"":{""attributes"":{""type"":""Profile"",""url"":""/services/data/v53.0/sobjects/Profile/00ed00000019invAAA""},""Id"":""00ed00000019invAAA"",""Name"":""ASU Read Only""}}},{""Parent"":{""Id"":""0PSd0000000qu4sGAA"",""Type"":""Profile"",""Label"":""00ed00000019t5vAAA"",""PermissionSetGroupId"":null,""Profile"":{""attributes"":{""type"":""Profile"",""url"":""/services/data/v53.0/sobjects/Profile/00ed00000019t5vAAA""},""Id"":""00ed00000019t5vAAA"",""Name"":""ASU Knowledge User""}}},{""Parent"":{""Id"":""0PSd0000000qujbGAA"",""Type"":""Profile"",""Label"":""00ed00000019te6AAA"",""PermissionSetGroupId"":null,""Profile"":{""attributes"":{""type"":""Profile"",""url"":""/services/data/v53.0/sobjects/Profile/00ed00000019te6AAA""},""Id"":""00ed00000019te6AAA"",""Name"":""Force.com - App Subscription User""}}},{""Parent"":{""Id"":""0PSd0000000qUhbGAE"",""Type"":""Profile"",""Label"":""00ed00000019TqNAAU"",""PermissionSetGroupId"":null,""Profile"":{""attributes"":{""type"":""Profile"",""url"":""/services/data/v53.0/sobjects/Profile/00ed00000019TqNAAU""},""Id"":""00ed00000019TqNAAU"",""Name"":""ASU Marketing User""}}},{""Parent"":{""Id"":""0PSd0000000qzaSGAQ"",""Type"":""Profile"",""Label"":""00ed00000019yBlAAI"",""PermissionSetGroupId"":null,""Profile"":{""attributes"":{""type"":""Profile"",""url"":""/services/data/v53.0/sobjects/Profile/00ed00000019yBlAAI""},""Id"":""00ed00000019yBlAAI"",""Name"":""ASU Service - Financial Aid""}}},{""Parent"":{""Id"":""0PSd0000000qzawGAA"",""Type"":""Profile"",""Label"":""00ed00000019yC5AAI"",""PermissionSetGroupId"":null,""Profile"":{""attributes"":{""type"":""Profile"",""url"":""/services/data/v53.0/sobjects/Profile/00ed00000019yC5AAI""},""Id"":""00ed00000019yC5AAI"",""Name"":""ASU Service - Registrar""}}},{""Parent"":{""Id"":""0PSd0000000qzb1GAA"",""Type"":""Profile"",""Label"":""00ed00000019yCAAAY"",""PermissionSetGroupId"":null,""Profile"":{""attributes"":{""type"":""Profile"",""url"":""/services/data/v53.0/sobjects/Profile/00ed00000019yCAAAY""},""Id"":""00ed00000019yCAAAY"",""Name"":""ASU Service - Student Business Services""}}},{""Parent"":{""Id"":""0PSd0000000qzbkGAA"",""Type"":""Profile"",""Label"":""00ed00000019yCpAAI"",""PermissionSetGroupId"":null,""Profile"":{""attributes"":{""type"":""Profile"",""url"":""/services/data/v53.0/sobjects/Profile/00ed00000019yCpAAI""},""Id"":""00ed00000019yCpAAI"",""Name"":""ASU Chatter User""}}},{""Parent"":{""Id"":""0PSd0000000qzl5GAA"",""Type"":""Profile"",""Label"":""00ed00000019yKBAAY"",""PermissionSetGroupId"":null,""Profile"":{""attributes"":{""type"":""Profile"",""url"":""/services/data/v53.0/sobjects/Profile/00ed00000019yKBAAY""},""Id"":""00ed00000019yKBAAY"",""Name"":""ASU View All Data""}}},{""Parent"":{""Id"":""0PSd0000000r0bvGAA"",""Type"":""Profile"",""Label"":""00ed00000019z5nAAA"",""PermissionSetGroupId"":null,""Profile"":{""attributes"":{""type"":""Profile"",""url"":""/services/data/v53.0/sobjects/Profile/00ed00000019z5nAAA""},""Id"":""00ed00000019z5nAAA"",""Name"":""ASU Community""}}},{""Parent"":{""Id"":""0PSd0000000r0c0GAA"",""Type"":""Profile"",""Label"":""00ed00000019z5sAAA"",""PermissionSetGroupId"":null,""Profile"":{""attributes"":{""type"":""Profile"",""url"":""/services/data/v53.0/sobjects/Profile/00ed00000019z5sAAA""},""Id"":""00ed00000019z5sAAA"",""Name"":""ASU Community CAP""}}},{""Parent"":{""Id"":""0PSd0000000r0cAGAQ"",""Type"":""Profile"",""Label"":""00ed00000019z62AAA"",""PermissionSetGroupId"":null,""Profile"":{""attributes"":{""type"":""Profile"",""url"":""/services/data/v53.0/sobjects/Profile/00ed00000019z62AAA""},""Id"":""00ed00000019z62AAA"",""Name"":""ASU Service - ASU Online""}}},{""Parent"":{""Id"":""0PSd0000000r0cFGAQ"",""Type"":""Profile"",""Label"":""00ed00000019z67AAA"",""PermissionSetGroupId"":null,""Profile"":{""attributes"":{""type"":""Profile"",""url"":""/services/data/v53.0/sobjects/Profile/00ed00000019z67AAA""},""Id"":""00ed00000019z67AAA"",""Name"":""ASU Service - ESM Online""}}},{""Parent"":{""Id"":""0PSd0000000r0cKGAQ"",""Type"":""Profile"",""Label"":""00ed00000019z6CAAQ"",""PermissionSetGroupId"":null,""Profile"":{""attributes"":{""type"":""Profile"",""url"":""/services/data/v53.0/sobjects/Profile/00ed00000019z6CAAQ""},""Id"":""00ed00000019z6CAAQ"",""Name"":""ASU Service - Help Desk""}}},{""Parent"":{""Id"":""0PSd0000000r0qtGAA"",""Type"":""Profile"",""Label"":""00ed00000019zIqAAI"",""PermissionSetGroupId"":null,""Profile"":{""attributes"":{""type"":""Profile"",""url"":""/services/data/v53.0/sobjects/Profile/00ed00000019zIqAAI""},""Id"":""00ed00000019zIqAAI"",""Name"":""ASU Service - W. P. Carey Tech Services""}}},{""Parent"":{""Id"":""0PSd0000000r1SFGAY"",""Type"":""Profile"",""Label"":""00ed00000019zqdAAA"",""PermissionSetGroupId"":null,""Profile"":{""attributes"":{""type"":""Profile"",""url"":""/services/data/v53.0/sobjects/Profile/00ed00000019zqdAAA""},""Id"":""00ed00000019zqdAAA"",""Name"":""ASU Service - Tech Studio""}}},{""Parent"":{""Id"":""0PSd0000000r1SKGAY"",""Type"":""Profile"",""Label"":""00ed00000019zqiAAA"",""PermissionSetGroupId"":null,""Profile"":{""attributes"":{""type"":""Profile"",""url"":""/services/data/v53.0/sobjects/Profile/00ed00000019zqiAAA""},""Id"":""00ed00000019zqiAAA"",""Name"":""ASU Service - Engineering IT""}}},{""Parent"":{""Id"":""0PSd0000000r1SAGAY"",""Type"":""Profile"",""Label"":""00ed00000019zqYAAQ"",""PermissionSetGroupId"":null,""Profile"":{""attributes"":{""type"":""Profile"",""url"":""/services/data/v53.0/sobjects/Profile/00ed00000019zqYAAQ""},""Id"":""00ed00000019zqYAAQ"",""Name"":""ASU Service - Identity Management""}}},{""Parent"":{""Id"":""0PSd0000000r2e7GAA"",""Type"":""Profile"",""Label"":""00ed0000001A0pMAAS"",""PermissionSetGroupId"":null,""Profile"":{""attributes"":{""type"":""Profile"",""url"":""/services/data/v53.0/sobjects/Profile/00ed0000001A0pMAAS""},""Id"":""00ed0000001A0pMAAS"",""Name"":""ASU Service - Student Success Innovations""}}},{""Parent"":{""Id"":""0PSd0000000r2eCGAQ"",""Type"":""Profile"",""Label"":""00ed0000001A0pRAAS"",""PermissionSetGroupId"":null,""Profile"":{""attributes"":{""type"":""Profile"",""url"":""/services/data/v53.0/sobjects/Profile/00ed0000001A0pRAAS""},""Id"":""00ed0000001A0pRAAS"",""Name"":""ASU Service - Office of the President""}}},{""Parent"":{""Id"":""0PSd0000000r28IGAQ"",""Type"":""Profile"",""Label"":""00ed0000001A0PwAAK"",""PermissionSetGroupId"":null,""Profile"":{""attributes"":{""type"":""Profile"",""url"":""/services/data/v53.0/sobjects/Profile/00ed0000001A0PwAAK""},""Id"":""00ed0000001A0PwAAK"",""Name"":""ASU Service - Library Services(ARCHIVE)""}}},{""Parent"":{""Id"":""0PSd0000000r3amGAA"",""Type"":""Profile"",""Label"":""00ed0000001A1eqAAC"",""PermissionSetGroupId"":null,""Profile"":{""attributes"":{""type"":""Profile"",""url"":""/services/data/v53.0/sobjects/Profile/00ed0000001A1eqAAC""},""Id"":""00ed0000001A1eqAAC"",""Name"":""ASU Service - Integrated Services""}}},{""Parent"":{""Id"":""0PSd0000000r39YGAQ"",""Type"":""Profile"",""Label"":""00ed0000001A1GfAAK"",""PermissionSetGroupId"":null,""Profile"":{""attributes"":{""type"":""Profile"",""url"":""/services/data/v53.0/sobjects/Profile/00ed0000001A1GfAAK""},""Id"":""00ed0000001A1GfAAK"",""Name"":""ASU Service - TEMPLATE""}}},{""Parent"":{""Id"":""0PSd0000000r3KbGAI"",""Type"":""Profile"",""Label"":""00ed0000001A1OlAAK"",""PermissionSetGroupId"":null,""Profile"":{""attributes"":{""type"":""Profile"",""url"":""/services/data/v53.0/sobjects/Profile/00ed0000001A1OlAAK""},""Id"":""00ed0000001A1OlAAK"",""Name"":""ASU Service - Graduate College""}}},{""Parent"":{""Id"":""0PSd0000000r3syGAA"",""Type"":""Profile"",""Label"":""00ed0000001A1s3AAC"",""PermissionSetGroupId"":null,""Profile"":{""attributes"":{""type"":""Profile"",""url"":""/services/data/v53.0/sobjects/Profile/00ed0000001A1s3AAC""},""Id"":""00ed0000001A1s3AAC"",""Name"":""ASU Recruitment - Applicant Services""}}},{""Parent"":{""Id"":""0PSd0000000r3t3GAA"",""Type"":""Profile"",""Label"":""00ed0000001A1s8AAC"",""PermissionSetGroupId"":null,""Profile"":{""attributes"":{""type"":""Profile"",""url"":""/services/data/v53.0/sobjects/Profile/00ed0000001A1s8AAC""},""Id"":""00ed0000001A1s8AAC"",""Name"":""ASU Recruitment - Business Operations""}}},{""Parent"":{""Id"":""0PSd0000000r3t8GAA"",""Type"":""Profile"",""Label"":""00ed0000001A1sDAAS"",""PermissionSetGroupId"":null,""Profile"":{""attributes"":{""type"":""Profile"",""url"":""/services/data/v53.0/sobjects/Profile/00ed0000001A1sDAAS""},""Id"":""00ed0000001A1sDAAS"",""Name"":""ASU Recruitment - Freshman Recruiter""}}},{""Parent"":{""Id"":""0PSd0000000r3tcGAA"",""Type"":""Profile"",""Label"":""00ed0000001A1shAAC"",""PermissionSetGroupId"":null,""Profile"":{""attributes"":{""type"":""Profile"",""url"":""/services/data/v53.0/sobjects/Profile/00ed0000001A1shAAC""},""Id"":""00ed0000001A1shAAC"",""Name"":""ASU Recruitment - Admission Services""}}},{""Parent"":{""Id"":""0PSd0000000r3tDGAQ"",""Type"":""Profile"",""Label"":""00ed0000001A1sIAAS"",""PermissionSetGroupId"":null,""Profile"":{""attributes"":{""type"":""Profile"",""url"":""/services/data/v53.0/sobjects/Profile/00ed0000001A1sIAAS""},""Id"":""00ed0000001A1sIAAS"",""Name"":""ASU Recruitment - Transfer Recruiter""}}},{""Parent"":{""Id"":""0PSd0000000r3tIGAQ"",""Type"":""Profile"",""Label"":""00ed0000001A1sNAAS"",""PermissionSetGroupId"":null,""Profile"":{""attributes"":{""type"":""Profile"",""url"":""/services/data/v53.0/sobjects/Profile/00ed0000001A1sNAAS""},""Id"":""00ed0000001A1sNAAS"",""Name"":""ASU Recruitment - International Recruiter""}}},{""Parent"":{""Id"":""0PSd0000000r3tNGAQ"",""Type"":""Profile"",""Label"":""00ed0000001A1sSAAS"",""PermissionSetGroupId"":null,""Profile"":{""attributes"":{""type"":""Profile"",""url"":""/services/data/v53.0/sobjects/Profile/00ed0000001A1sSAAS""},""Id"":""00ed0000001A1sSAAS"",""Name"":""ASU Recruitment - Events""}}},{""Parent"":{""Id"":""0PSd0000000r3tSGAQ"",""Type"":""Profile"",""Label"":""00ed0000001A1sXAAS"",""PermissionSetGroupId"":null,""Profile"":{""attributes"":{""type"":""Profile"",""url"":""/services/data/v53.0/sobjects/Profile/00ed0000001A1sXAAS""},""Id"":""00ed0000001A1sXAAS"",""Name"":""ASU Recruitment - Havasu""}}},{""Parent"":{""Id"":""0PSd0000000r453GAA"",""Type"":""Profile"",""Label"":""00ed0000001A204AAC"",""PermissionSetGroupId"":null,""Profile"":{""attributes"":{""type"":""Profile"",""url"":""/services/data/v53.0/sobjects/Profile/00ed0000001A204AAC""},""Id"":""00ed0000001A204AAC"",""Name"":""ASU Recruitment - Leads (ESISD)""}}},{""Parent"":{""Id"":""0PSd0000000r49zGAA"",""Type"":""Profile"",""Label"":""00ed0000001A24iAAC"",""PermissionSetGroupId"":null,""Profile"":{""attributes"":{""type"":""Profile"",""url"":""/services/data/v53.0/sobjects/Profile/00ed0000001A24iAAC""},""Id"":""00ed0000001A24iAAC"",""Name"":""ASU Corporate Relations""}}},{""Parent"":{""Id"":""0PSd0000000r4s2GAA"",""Type"":""Profile"",""Label"":""00ed0000001A2dLAAS"",""PermissionSetGroupId"":null,""Profile"":{""attributes"":{""type"":""Profile"",""url"":""/services/data/v53.0/sobjects/Profile/00ed0000001A2dLAAS""},""Id"":""00ed0000001A2dLAAS"",""Name"":""ASU Service - Engineering - Dean's Office""}}},{""Parent"":{""Id"":""0PSd0000000r4tZGAQ"",""Type"":""Profile"",""Label"":""00ed0000001A2eaAAC"",""PermissionSetGroupId"":null,""Profile"":{""attributes"":{""type"":""Profile"",""url"":""/services/data/v53.0/sobjects/Profile/00ed0000001A2eaAAC""},""Id"":""00ed0000001A2eaAAC"",""Name"":""ASU Service - Engineering - GOEE""}}},{""Parent"":{""Id"":""0PSd0000000r4teGAA"",""Type"":""Profile"",""Label"":""00ed0000001A2efAAC"",""PermissionSetGroupId"":null,""Profile"":{""attributes"":{""type"":""Profile"",""url"":""/services/data/v53.0/sobjects/Profile/00ed0000001A2efAAC""},""Id"":""00ed0000001A2efAAC"",""Name"":""ASU Service - Engineering - Poly""}}},{""Parent"":{""Id"":""0PSd0000000r4tjGAA"",""Type"":""Profile"",""Label"":""00ed0000001A2ekAAC"",""PermissionSetGroupId"":null,""Profile"":{""attributes"":{""type"":""Profile"",""url"":""/services/data/v53.0/sobjects/Profile/00ed0000001A2ekAAC""},""Id"":""00ed0000001A2ekAAC"",""Name"":""ASU Service - Engineering - SBHSE""}}},{""Parent"":{""Id"":""0PSd0000000r4toGAA"",""Type"":""Profile"",""Label"":""00ed0000001A2epAAC"",""PermissionSetGroupId"":null,""Profile"":{""attributes"":{""type"":""Profile"",""url"":""/services/data/v53.0/sobjects/Profile/00ed0000001A2epAAC""},""Id"":""00ed0000001A2epAAC"",""Name"":""ASU Service - Engineering - SEMTE""}}},{""Parent"":{""Id"":""0PSd0000000r4ttGAA"",""Type"":""Profile"",""Label"":""00ed0000001A2euAAC"",""PermissionSetGroupId"":null,""Profile"":{""attributes"":{""type"":""Profile"",""url"":""/services/data/v53.0/sobjects/Profile/00ed0000001A2euAAC""},""Id"":""00ed0000001A2euAAC"",""Name"":""ASU Service - Engineering - SSEBE""}}},{""Parent"":{""Id"":""0PSd0000000r4tUGAQ"",""Type"":""Profile"",""Label"":""00ed0000001A2eVAAS"",""PermissionSetGroupId"":null,""Profile"":{""attributes"":{""type"":""Profile"",""url"":""/services/data/v53.0/sobjects/Profile/00ed0000001A2eVAAS""},""Id"":""00ed0000001A2eVAAS"",""Name"":""ASU Service - Engineering - ECEE""}}},{""Parent"":{""Id"":""0PSd0000000r4tyGAA"",""Type"":""Profile"",""Label"":""00ed0000001A2ezAAC"",""PermissionSetGroupId"":null,""Profile"":{""attributes"":{""type"":""Profile"",""url"":""/services/data/v53.0/sobjects/Profile/00ed0000001A2ezAAC""},""Id"":""00ed0000001A2ezAAC"",""Name"":""ASU Service - Engineering - CIDSE""}}},{""Parent"":{""Id"":""0PSd0000000r4bhGAA"",""Type"":""Profile"",""Label"":""00ed0000001A2QNAA0"",""PermissionSetGroupId"":null,""Profile"":{""attributes"":{""type"":""Profile"",""url"":""/services/data/v53.0/sobjects/Profile/00ed0000001A2QNAA0""},""Id"":""00ed0000001A2QNAA0"",""Name"":""ASU Service - Access ASU Outreach""}}},{""Parent"":{""Id"":""0PSd0000000r5c8GAA"",""Type"":""Profile"",""Label"":""00ed0000001A3CUAA0"",""PermissionSetGroupId"":null,""Profile"":{""attributes"":{""type"":""Profile"",""url"":""/services/data/v53.0/sobjects/Profile/00ed0000001A3CUAA0""},""Id"":""00ed0000001A3CUAA0"",""Name"":""ASU Service - New Student Programs""}}},{""Parent"":{""Id"":""0PSd0000000r6MUGAY"",""Type"":""Profile"",""Label"":""00ed0000001A3nIAAS"",""PermissionSetGroupId"":null,""Profile"":{""attributes"":{""type"":""Profile"",""url"":""/services/data/v53.0/sobjects/Profile/00ed0000001A3nIAAS""},""Id"":""00ed0000001A3nIAAS"",""Name"":""ASU Service - University Housing""}}},{""Parent"":{""Id"":""0PSd0000000r60sGAA"",""Type"":""Profile"",""Label"":""00ed0000001A3X8AAK"",""PermissionSetGroupId"":null,""Profile"":{""attributes"":{""type"":""Profile"",""url"":""/services/data/v53.0/sobjects/Profile/00ed0000001A3X8AAK""},""Id"":""00ed0000001A3X8AAK"",""Name"":""ASU Training - College of ASU""}}},{""Parent"":{""Id"":""0PSd0000000r60xGAA"",""Type"":""Profile"",""Label"":""00ed0000001A3XDAA0"",""PermissionSetGroupId"":null,""Profile"":{""attributes"":{""type"":""Profile"",""url"":""/services/data/v53.0/sobjects/Profile/00ed0000001A3XDAA0""},""Id"":""00ed0000001A3XDAA0"",""Name"":""ASU Training - Department of ASU""}}},{""Parent"":{""Id"":""0PSd0000000r6ggGAA"",""Type"":""Profile"",""Label"":""00ed0000001A41pAAC"",""PermissionSetGroupId"":null,""Profile"":{""attributes"":{""type"":""Profile"",""url"":""/services/data/v53.0/sobjects/Profile/00ed0000001A41pAAC""},""Id"":""00ed0000001A41pAAC"",""Name"":""ASU Service - Sustainability""}}},{""Parent"":{""Id"":""0PSd0000000r6pgGAA"",""Type"":""Profile"",""Label"":""00ed0000001A49IAAS"",""PermissionSetGroupId"":null,""Profile"":{""attributes"":{""type"":""Profile"",""url"":""/services/data/v53.0/sobjects/Profile/00ed0000001A49IAAS""},""Id"":""00ed0000001A49IAAS"",""Name"":""ASU Service - Teachers College""}}},{""Parent"":{""Id"":""0PSd0000000r7PNGAY"",""Type"":""Profile"",""Label"":""00ed0000001A4dEAAS"",""PermissionSetGroupId"":null,""Profile"":{""attributes"":{""type"":""Profile"",""url"":""/services/data/v53.0/sobjects/Profile/00ed0000001A4dEAAS""},""Id"":""00ed0000001A4dEAAS"",""Name"":""ASU Service - Public Service""}}},{""Parent"":{""Id"":""0PSd0000000r7C5GAI"",""Type"":""Profile"",""Label"":""00ed0000001A4OpAAK"",""PermissionSetGroupId"":null,""Profile"":{""attributes"":{""type"":""Profile"",""url"":""/services/data/v53.0/sobjects/Profile/00ed0000001A4OpAAK""},""Id"":""00ed0000001A4OpAAK"",""Name"":""ASU Service - Nursing""}}},{""Parent"":{""Id"":""0PSd0000000r7FiGAI"",""Type"":""Profile"",""Label"":""00ed0000001A4RAAA0"",""PermissionSetGroupId"":null,""Profile"":{""attributes"":{""type"":""Profile"",""url"":""/services/data/v53.0/sobjects/Profile/00ed0000001A4RAAA0""},""Id"":""00ed0000001A4RAAA0"",""Name"":""ASU Service - Health Solutions""}}},{""Parent"":{""Id"":""0PSd0000000r7nEGAQ"",""Type"":""Profile"",""Label"":""00ed0000001A4x8AAC"",""PermissionSetGroupId"":null,""Profile"":{""attributes"":{""type"":""Profile"",""url"":""/services/data/v53.0/sobjects/Profile/00ed0000001A4x8AAC""},""Id"":""00ed0000001A4x8AAC"",""Name"":""ASU Service - New College""}}},{""Parent"":{""Id"":""0PSd0000000r7tuGAA"",""Type"":""Profile"",""Label"":""00ed0000001A52VAAS"",""PermissionSetGroupId"":null,""Profile"":{""attributes"":{""type"":""Profile"",""url"":""/services/data/v53.0/sobjects/Profile/00ed0000001A52VAAS""},""Id"":""00ed0000001A52VAAS"",""Name"":""ASU Service - Universal Learner Courses""}}},{""Parent"":{""Id"":""0PSd0000000r7v8GAA"",""Type"":""Profile"",""Label"":""00ed0000001A53VAAS"",""PermissionSetGroupId"":null,""Profile"":{""attributes"":{""type"":""Profile"",""url"":""/services/data/v53.0/sobjects/Profile/00ed0000001A53VAAS""},""Id"":""00ed0000001A53VAAS"",""Name"":""ASU Service - LMS Support""}}},{""Parent"":{""Id"":""0PSd0000000r8fDGAQ"",""Type"":""Profile"",""Label"":""00ed0000001A5dbAAC"",""PermissionSetGroupId"":null,""Profile"":{""attributes"":{""type"":""Profile"",""url"":""/services/data/v53.0/sobjects/Profile/00ed0000001A5dbAAC""},""Id"":""00ed0000001A5dbAAC"",""Name"":""ASU Service - Academic Transfer Credit Solutions""}}},{""Parent"":{""Id"":""0PSd0000000r8gGGAQ"",""Type"":""Profile"",""Label"":""00ed0000001A5e5AAC"",""PermissionSetGroupId"":null,""Profile"":{""attributes"":{""type"":""Profile"",""url"":""/services/data/v53.0/sobjects/Profile/00ed0000001A5e5AAC""},""Id"":""00ed0000001A5e5AAC"",""Name"":""ASU Service - TC - Dean's Office""}}},{""Parent"":{""Id"":""0PSd0000000r8zQGAQ"",""Type"":""Profile"",""Label"":""00ed0000001A5pHAAS"",""PermissionSetGroupId"":null,""Profile"":{""attributes"":{""type"":""Profile"",""url"":""/services/data/v53.0/sobjects/Profile/00ed0000001A5pHAAS""},""Id"":""00ed0000001A5pHAAS"",""Name"":""ASU Service - TC - English""}}},{""Parent"":{""Id"":""0PSd0000000r8zVGAQ"",""Type"":""Profile"",""Label"":""00ed0000001A5pMAAS"",""PermissionSetGroupId"":null,""Profile"":{""attributes"":{""type"":""Profile"",""url"":""/services/data/v53.0/sobjects/Profile/00ed0000001A5pMAAS""},""Id"":""00ed0000001A5pMAAS"",""Name"":""ASU Service - TC - SILC""}}},{""Parent"":{""Id"":""0PSd0000000r8zaGAA"",""Type"":""Profile"",""Label"":""00ed0000001A5pRAAS"",""PermissionSetGroupId"":null,""Profile"":{""attributes"":{""type"":""Profile"",""url"":""/services/data/v53.0/sobjects/Profile/00ed0000001A5pRAAS""},""Id"":""00ed0000001A5pRAAS"",""Name"":""ASU Service - TC - SHPRS""}}},{""Parent"":{""Id"":""0PSd0000000r93BGAQ"",""Type"":""Profile"",""Label"":""00ed0000001A5rcAAC"",""PermissionSetGroupId"":null,""Profile"":{""attributes"":{""type"":""Profile"",""url"":""/services/data/v53.0/sobjects/Profile/00ed0000001A5rcAAC""},""Id"":""00ed0000001A5rcAAC"",""Name"":""ASU Service - TC - SESE""}}},{""Parent"":{""Id"":""0PSd0000000r92mGAA"",""Type"":""Profile"",""Label"":""00ed0000001A5rDAAS"",""PermissionSetGroupId"":null,""Profile"":{""attributes"":{""type"":""Profile"",""url"":""/services/data/v53.0/sobjects/Profile/00ed0000001A5rDAAS""},""Id"":""00ed0000001A5rDAAS"",""Name"":""ASU Service - TC - SOLS""}}},{""Parent"":{""Id"":""0PSd0000000r92rGAA"",""Type"":""Profile"",""Label"":""00ed0000001A5rIAAS"",""PermissionSetGroupId"":null,""Profile"":{""attributes"":{""type"":""Profile"",""url"":""/services/data/v53.0/sobjects/Profile/00ed0000001A5rIAAS""},""Id"":""00ed0000001A5rIAAS"",""Name"":""ASU Service - TC - SoMSS""}}},{""Parent"":{""Id"":""0PSd0000000r92wGAA"",""Type"":""Profile"",""Label"":""00ed0000001A5rNAAS"",""PermissionSetGroupId"":null,""Profile"":{""attributes"":{""type"":""Profile"",""url"":""/services/data/v53.0/sobjects/Profile/00ed0000001A5rNAAS""},""Id"":""00ed0000001A5rNAAS"",""Name"":""ASU Service - TC  - SMS""}}},{""Parent"":{""Id"":""0PSd0000000r931GAA"",""Type"":""Profile"",""Label"":""00ed0000001A5rSAAS"",""PermissionSetGroupId"":null,""Profile"":{""attributes"":{""type"":""Profile"",""url"":""/services/data/v53.0/sobjects/Profile/00ed0000001A5rSAAS""},""Id"":""00ed0000001A5rSAAS"",""Name"":""ASU Service - TC - Physics""}}},{""Parent"":{""Id"":""0PSd0000000r936GAA"",""Type"":""Profile"",""Label"":""00ed0000001A5rXAAS"",""PermissionSetGroupId"":null,""Profile"":{""attributes"":{""type"":""Profile"",""url"":""/services/data/v53.0/sobjects/Profile/00ed0000001A5rXAAS""},""Id"":""00ed0000001A5rXAAS"",""Name"":""ASU Service - TC - Psychology""}}},{""Parent"":{""Id"":""0PSd0000000r8PUGAY"",""Type"":""Profile"",""Label"":""00ed0000001A5S7AAK"",""PermissionSetGroupId"":null,""Profile"":{""attributes"":{""type"":""Profile"",""url"":""/services/data/v53.0/sobjects/Profile/00ed0000001A5S7AAK""},""Id"":""00ed0000001A5S7AAK"",""Name"":""ASU Service - Curricular Activities and Actions""}}},{""Parent"":{""Id"":""0PSd0000000r8QpGAI"",""Type"":""Profile"",""Label"":""00ed0000001A5T8AAK"",""PermissionSetGroupId"":null,""Profile"":{""attributes"":{""type"":""Profile"",""url"":""/services/data/v53.0/sobjects/Profile/00ed0000001A5T8AAK""},""Id"":""00ed0000001A5T8AAK"",""Name"":""ASU Chatter Marketing Cloud User""}}},{""Parent"":{""Id"":""0PSd0000000r97mGAA"",""Type"":""Profile"",""Label"":""00ed0000001A5udAAC"",""PermissionSetGroupId"":null,""Profile"":{""attributes"":{""type"":""Profile"",""url"":""/services/data/v53.0/sobjects/Profile/00ed0000001A5udAAC""},""Id"":""00ed0000001A5udAAC"",""Name"":""ASU Service - TC - STS""}}},{""Parent"":{""Id"":""0PSd0000000r97SGAQ"",""Type"":""Profile"",""Label"":""00ed0000001A5uJAAS"",""PermissionSetGroupId"":null,""Profile"":{""attributes"":{""type"":""Profile"",""url"":""/services/data/v53.0/sobjects/Profile/00ed0000001A5uJAAS""},""Id"":""00ed0000001A5uJAAS"",""Name"":""ASU Service - TC - SGSUP""}}},{""Parent"":{""Id"":""0PSd0000000r97XGAQ"",""Type"":""Profile"",""Label"":""00ed0000001A5uOAAS"",""PermissionSetGroupId"":null,""Profile"":{""attributes"":{""type"":""Profile"",""url"":""/services/data/v53.0/sobjects/Profile/00ed0000001A5uOAAS""},""Id"":""00ed0000001A5uOAAS"",""Name"":""ASU Service - TC - HDSHC""}}},{""Parent"":{""Id"":""0PSd0000000r97cGAA"",""Type"":""Profile"",""Label"":""00ed0000001A5uTAAS"",""PermissionSetGroupId"":null,""Profile"":{""attributes"":{""type"":""Profile"",""url"":""/services/data/v53.0/sobjects/Profile/00ed0000001A5uTAAS""},""Id"":""00ed0000001A5uTAAS"",""Name"":""ASU Service - TC - SPGS""}}},{""Parent"":{""Id"":""0PSd0000000r97hGAA"",""Type"":""Profile"",""Label"":""00ed0000001A5uYAAS"",""PermissionSetGroupId"":null,""Profile"":{""attributes"":{""type"":""Profile"",""url"":""/services/data/v53.0/sobjects/Profile/00ed0000001A5uYAAS""},""Id"":""00ed0000001A5uYAAS"",""Name"":""ASU Service - TC - SHESC""}}},{""Parent"":{""Id"":""0PSd0000000r9AFGAY"",""Type"":""Profile"",""Label"":""00ed0000001A5vnAAC"",""PermissionSetGroupId"":null,""Profile"":{""attributes"":{""type"":""Profile"",""url"":""/services/data/v53.0/sobjects/Profile/00ed0000001A5vnAAC""},""Id"":""00ed0000001A5vnAAC"",""Name"":""ASU Service - Integrative Sciences and Arts""}}},{""Parent"":{""Id"":""0PSd0000000r8ZaGAI"",""Type"":""Profile"",""Label"":""00ed0000001A5ZRAA0"",""PermissionSetGroupId"":null,""Profile"":{""attributes"":{""type"":""Profile"",""url"":""/services/data/v53.0/sobjects/Profile/00ed0000001A5ZRAA0""},""Id"":""00ed0000001A5ZRAA0"",""Name"":""ASU Service - Global Education Office""}}},{""Parent"":{""Id"":""0PSd0000000rAdhGAE"",""Type"":""Profile"",""Label"":""00ed0000001A6alAAC"",""PermissionSetGroupId"":null,""Profile"":{""attributes"":{""type"":""Profile"",""url"":""/services/data/v53.0/sobjects/Profile/00ed0000001A6alAAC""},""Id"":""00ed0000001A6alAAC"",""Name"":""ASU Service - Student & Cultural Engagement""}}},{""Parent"":{""Id"":""0PSd0000000rAdmGAE"",""Type"":""Profile"",""Label"":""00ed0000001A6aqAAC"",""PermissionSetGroupId"":null,""Profile"":{""attributes"":{""type"":""Profile"",""url"":""/services/data/v53.0/sobjects/Profile/00ed0000001A6aqAAC""},""Id"":""00ed0000001A6aqAAC"",""Name"":""ASU Service - International Student Engagement""}}},{""Parent"":{""Id"":""0PSd0000000rAdrGAE"",""Type"":""Profile"",""Label"":""00ed0000001A6avAAC"",""PermissionSetGroupId"":null,""Profile"":{""attributes"":{""type"":""Profile"",""url"":""/services/data/v53.0/sobjects/Profile/00ed0000001A6avAAC""},""Id"":""00ed0000001A6avAAC"",""Name"":""ASU Service - Changemaker Central""}}},{""Parent"":{""Id"":""0PSd0000001o7EsGAI"",""Type"":""Profile"",""Label"":""00ed0000002FFRcAAO"",""PermissionSetGroupId"":null,""Profile"":{""attributes"":{""type"":""Profile"",""url"":""/services/data/v53.0/sobjects/Profile/00ed0000002FFRcAAO""},""Id"":""00ed0000002FFRcAAO"",""Name"":""ASU Recruitment - Freshman Recruiter (Temp Access to Org Wide)""}}},{""Parent"":{""Id"":""0PSd0000001o7ETGAY"",""Type"":""Profile"",""Label"":""00ed0000002FFRSAA4"",""PermissionSetGroupId"":null,""Profile"":{""attributes"":{""type"":""Profile"",""url"":""/services/data/v53.0/sobjects/Profile/00ed0000002FFRSAA4""},""Id"":""00ed0000002FFRSAA4"",""Name"":""ASU Service - Sun Devil Athletics""}}},{""Parent"":{""Id"":""0PSd0000001o7HmGAI"",""Type"":""Profile"",""Label"":""00ed0000002FFSLAA4"",""PermissionSetGroupId"":null,""Profile"":{""attributes"":{""type"":""Profile"",""url"":""/services/data/v53.0/sobjects/Profile/00ed0000002FFSLAA4""},""Id"":""00ed0000002FFSLAA4"",""Name"":""ASU Service - Office of the President (Temp Access to Org Wide)""}}},{""Parent"":{""Id"":""0PSd0000001o7VKGAY"",""Type"":""Profile"",""Label"":""00ed0000002FFY4AAO"",""PermissionSetGroupId"":null,""Profile"":{""attributes"":{""type"":""Profile"",""url"":""/services/data/v53.0/sobjects/Profile/00ed0000002FFY4AAO""},""Id"":""00ed0000002FFY4AAO"",""Name"":""ASU Service - ASU-USA Pathways""}}},{""Parent"":{""Id"":""0PSd0000001sK82GAE"",""Type"":""Profile"",""Label"":""00ed0000002JRvSAAW"",""PermissionSetGroupId"":null,""Profile"":{""attributes"":{""type"":""Profile"",""url"":""/services/data/v53.0/sobjects/Profile/00ed0000002JRvSAAW""},""Id"":""00ed0000002JRvSAAW"",""Name"":""ASU Service - First in the World Grant""}}},{""Parent"":{""Id"":""0PSd0000001sKJBGA2"",""Type"":""Profile"",""Label"":""00ed0000002JRyMAAW"",""PermissionSetGroupId"":null,""Profile"":{""attributes"":{""type"":""Profile"",""url"":""/services/data/v53.0/sobjects/Profile/00ed0000002JRyMAAW""},""Id"":""00ed0000002JRyMAAW"",""Name"":""ASU Service - ITCSS Library Services""}}},{""Parent"":{""Id"":""0PSd0000001sKNNGA2"",""Type"":""Profile"",""Label"":""00ed0000002JS0DAAW"",""PermissionSetGroupId"":null,""Profile"":{""attributes"":{""type"":""Profile"",""url"":""/services/data/v53.0/sobjects/Profile/00ed0000002JS0DAAW""},""Id"":""00ed0000002JS0DAAW"",""Name"":""ASU Service - Success Coach""}}},{""Parent"":{""Id"":""0PSd0000001sKO6GAM"",""Type"":""Profile"",""Label"":""00ed0000002JS0NAAW"",""PermissionSetGroupId"":null,""Profile"":{""attributes"":{""type"":""Profile"",""url"":""/services/data/v53.0/sobjects/Profile/00ed0000002JS0NAAW""},""Id"":""00ed0000002JS0NAAW"",""Name"":""ASU Service - TC - ISSR""}}},{""Parent"":{""Id"":""0PSd0000001jxObGAI"",""Type"":""Profile"",""Label"":""00ed0000002NelYAAS"",""PermissionSetGroupId"":null,""Profile"":{""attributes"":{""type"":""Profile"",""url"":""/services/data/v53.0/sobjects/Profile/00ed0000002NelYAAS""},""Id"":""00ed0000002NelYAAS"",""Name"":""ASU Service - Academic Partnerships""}}},{""Parent"":{""Id"":""0PSd0000001jxa8GAA"",""Type"":""Profile"",""Label"":""00ed0000002Neq4AAC"",""PermissionSetGroupId"":null,""Profile"":{""attributes"":{""type"":""Profile"",""url"":""/services/data/v53.0/sobjects/Profile/00ed0000002Neq4AAC""},""Id"":""00ed0000002Neq4AAC"",""Name"":""ASU Service - Student Accessibility and Inclusive Learning Services""}}},{""Parent"":{""Id"":""0PSd0000001jygbGAA"",""Type"":""Profile"",""Label"":""00ed0000002Nf7AAAS"",""PermissionSetGroupId"":null,""Profile"":{""attributes"":{""type"":""Profile"",""url"":""/services/data/v53.0/sobjects/Profile/00ed0000002Nf7AAAS""},""Id"":""00ed0000002Nf7AAAS"",""Name"":""ASU Recruitment - Business Intelligence""}}},{""Parent"":{""Id"":""0PSd0000000oWPgGAM"",""Type"":""Profile"",""Label"":""00ex00000018ozT_128_09_43_34_1"",""PermissionSetGroupId"":null,""Profile"":{""attributes"":{""type"":""Profile"",""url"":""/services/data/v53.0/sobjects/Profile/00ed00000017IobAAE""},""Id"":""00ed00000017IobAAE"",""Name"":""System Administrator""}}},{""Parent"":{""Id"":""0PSd0000000oWPnGAM"",""Type"":""Profile"",""Label"":""00ex00000018ozV_128_09_43_34_3"",""PermissionSetGroupId"":null,""Profile"":{""attributes"":{""type"":""Profile"",""url"":""/services/data/v53.0/sobjects/Profile/00ed00000017IogAAE""},""Id"":""00ed00000017IogAAE"",""Name"":""Standard User""}}},{""Parent"":{""Id"":""0PSd0000000oWPqGAM"",""Type"":""Profile"",""Label"":""00ex00000018ozX_128_09_43_34_5"",""PermissionSetGroupId"":null,""Profile"":{""attributes"":{""type"":""Profile"",""url"":""/services/data/v53.0/sobjects/Profile/00ed00000017IoiAAE""},""Id"":""00ed00000017IoiAAE"",""Name"":""Solution Manager""}}},{""Parent"":{""Id"":""0PSd0000000oWPpGAM"",""Type"":""Profile"",""Label"":""00ex00000018ozY_128_09_43_34_6"",""PermissionSetGroupId"":null,""Profile"":{""attributes"":{""type"":""Profile"",""url"":""/services/data/v53.0/sobjects/Profile/00ed00000017IojAAE""},""Id"":""00ed00000017IojAAE"",""Name"":""Marketing User""}}},{""Parent"":{""Id"":""0PSd0000000oWPmGAM"",""Type"":""Profile"",""Label"":""00ex00000018ozZ_128_09_43_34_7"",""PermissionSetGroupId"":null,""Profile"":{""attributes"":{""type"":""Profile"",""url"":""/services/data/v53.0/sobjects/Profile/00ed00000017IokAAE""},""Id"":""00ed00000017IokAAE"",""Name"":""Contract Manager""}}},{""Parent"":{""Id"":""0PS6T000001CZGsWAO"",""Type"":""Regular"",""Label"":""Role: EdPlus Coach Portal (Non-Success Coach)"",""PermissionSetGroupId"":null,""Profile"":null}}]"
"066d0000002AVSEAA4","Unauthorized","[{""Parent"":{""Id"":""0PS0W000001watlWAA"",""Type"":""Profile"",""Label"":""00e0W000002RsQNQA0"",""PermissionSetGroupId"":null,""Profile"":{""attributes"":{""type"":""Profile"",""url"":""/services/data/v53.0/sobjects/Profile/00e0W000002RsQNQA0""},""Id"":""00e0W000002RsQNQA0"",""Name"":""AsuChat Profile""}}},{""Parent"":{""Id"":""0PSd0000000quTfGAI"",""Type"":""Profile"",""Label"":""00ed00000019tQkAAI"",""PermissionSetGroupId"":null,""Profile"":{""attributes"":{""type"":""Profile"",""url"":""/services/data/v53.0/sobjects/Profile/00ed00000019tQkAAI""},""Id"":""00ed00000019tQkAAI"",""Name"":""Public Knowledge Base for ASU Profile""}}},{""Parent"":{""Id"":""0PSd0000000qzl5GAA"",""Type"":""Profile"",""Label"":""00ed00000019yKBAAY"",""PermissionSetGroupId"":null,""Profile"":{""attributes"":{""type"":""Profile"",""url"":""/services/data/v53.0/sobjects/Profile/00ed00000019yKBAAY""},""Id"":""00ed00000019yKBAAY"",""Name"":""ASU View All Data""}}},{""Parent"":{""Id"":""0PSd0000000r0eSGAQ"",""Type"":""Profile"",""Label"":""00ed00000019z84AAA"",""PermissionSetGroupId"":null,""Profile"":{""attributes"":{""type"":""Profile"",""url"":""/services/data/v53.0/sobjects/Profile/00ed00000019z84AAA""},""Id"":""00ed00000019z84AAA"",""Name"":""Top Level Site Profile""}}},{""Parent"":{""Id"":""0PSd0000000TwGUGA0"",""Type"":""Profile"",""Label"":""00ed0000001EPuyAAG"",""PermissionSetGroupId"":null,""Profile"":{""attributes"":{""type"":""Profile"",""url"":""/services/data/v53.0/sobjects/Profile/00ed0000001EPuyAAG""},""Id"":""00ed0000001EPuyAAG"",""Name"":""Bomgar Profile""}}},{""Parent"":{""Id"":""0PSd0000001o83gGAA"",""Type"":""Profile"",""Label"":""00ed0000002FFobAAG"",""PermissionSetGroupId"":null,""Profile"":{""attributes"":{""type"":""Profile"",""url"":""/services/data/v53.0/sobjects/Profile/00ed0000002FFobAAG""},""Id"":""00ed0000002FFobAAG"",""Name"":""Unsubscribe Profile""}}},{""Parent"":{""Id"":""0PSd0000000oWPgGAM"",""Type"":""Profile"",""Label"":""00ex00000018ozT_128_09_43_34_1"",""PermissionSetGroupId"":null,""Profile"":{""attributes"":{""type"":""Profile"",""url"":""/services/data/v53.0/sobjects/Profile/00ed00000017IobAAE""},""Id"":""00ed00000017IobAAE"",""Name"":""System Administrator""}}},{""Parent"":{""Id"":""0PSd0000000quKmGAI"",""Type"":""Regular"",""Label"":""Additional Administrator Permissions"",""PermissionSetGroupId"":null,""Profile"":null}}]"
"066d0000002AVSFAA4","UnderConstruction","[{""Parent"":{""Id"":""0PS0W000001bgy8WAA"",""Type"":""Profile"",""Label"":""00e0W000001yXlHQAU"",""PermissionSetGroupId"":null,""Profile"":{""attributes"":{""type"":""Profile"",""url"":""/services/data/v53.0/sobjects/Profile/00e0W000001yXlHQAU""},""Id"":""00e0W000001yXlHQAU"",""Name"":""Jira Profile""}}},{""Parent"":{""Id"":""0PS0W000001k9RKWAY"",""Type"":""Profile"",""Label"":""00e0W000002NjO9QAK"",""PermissionSetGroupId"":null,""Profile"":{""attributes"":{""type"":""Profile"",""url"":""/services/data/v53.0/sobjects/Profile/00e0W000002NjO9QAK""},""Id"":""00e0W000002NjO9QAK"",""Name"":""Family Portal Profile""}}},{""Parent"":{""Id"":""0PSd0000000qzl5GAA"",""Type"":""Profile"",""Label"":""00ed00000019yKBAAY"",""PermissionSetGroupId"":null,""Profile"":{""attributes"":{""type"":""Profile"",""url"":""/services/data/v53.0/sobjects/Profile/00ed00000019yKBAAY""},""Id"":""00ed00000019yKBAAY"",""Name"":""ASU View All Data""}}},{""Parent"":{""Id"":""0PSd0000001o83gGAA"",""Type"":""Profile"",""Label"":""00ed0000002FFobAAG"",""PermissionSetGroupId"":null,""Profile"":{""attributes"":{""type"":""Profile"",""url"":""/services/data/v53.0/sobjects/Profile/00ed0000002FFobAAG""},""Id"":""00ed0000002FFobAAG"",""Name"":""Unsubscribe Profile""}}},{""Parent"":{""Id"":""0PSd0000001jxyyGAA"",""Type"":""Profile"",""Label"":""00ed0000002Nf2KAAS"",""PermissionSetGroupId"":null,""Profile"":{""attributes"":{""type"":""Profile"",""url"":""/services/data/v53.0/sobjects/Profile/00ed0000002Nf2KAAS""},""Id"":""00ed0000002Nf2KAAS"",""Name"":""IdeaMachine Profile""}}},{""Parent"":{""Id"":""0PSd0000000oWPgGAM"",""Type"":""Profile"",""Label"":""00ex00000018ozT_128_09_43_34_1"",""PermissionSetGroupId"":null,""Profile"":{""attributes"":{""type"":""Profile"",""url"":""/services/data/v53.0/sobjects/Profile/00ed00000017IobAAE""},""Id"":""00ed00000017IobAAE"",""Name"":""System Administrator""}}},{""Parent"":{""Id"":""0PSd0000000quKmGAI"",""Type"":""Regular"",""Label"":""Additional Administrator Permissions"",""PermissionSetGroupId"":null,""Profile"":null}}]"
"066d0000002AwQJAA0","UndergradNewProspect","[{""Parent"":{""Id"":""0PSd0000000qzl5GAA"",""Type"":""Profile"",""Label"":""00ed00000019yKBAAY"",""PermissionSetGroupId"":null,""Profile"":{""attributes"":{""type"":""Profile"",""url"":""/services/data/v53.0/sobjects/Profile/00ed00000019yKBAAY""},""Id"":""00ed00000019yKBAAY"",""Name"":""ASU View All Data""}}},{""Parent"":{""Id"":""0PSd0000000oWPgGAM"",""Type"":""Profile"",""Label"":""00ex00000018ozT_128_09_43_34_1"",""PermissionSetGroupId"":null,""Profile"":{""attributes"":{""type"":""Profile"",""url"":""/services/data/v53.0/sobjects/Profile/00ed00000017IobAAE""},""Id"":""00ed00000017IobAAE"",""Name"":""System Administrator""}}}]"
"066d00000024bEIAAY","Unified_Prospect_Page","[{""Parent"":{""Id"":""0PS0W000001bgzVWAQ"",""Type"":""Profile"",""Label"":""00e0W000001yXmFQAU"",""PermissionSetGroupId"":null,""Profile"":{""attributes"":{""type"":""Profile"",""url"":""/services/data/v53.0/sobjects/Profile/00e0W000001yXmFQAU""},""Id"":""00e0W000001yXmFQAU"",""Name"":""ASU Recruitment - Team (ESISD)""}}},{""Parent"":{""Id"":""0PSd0000000H4XoGAK"",""Type"":""Profile"",""Label"":""00ed0000000jbylAAA"",""PermissionSetGroupId"":null,""Profile"":{""attributes"":{""type"":""Profile"",""url"":""/services/data/v53.0/sobjects/Profile/00ed0000000jbylAAA""},""Id"":""00ed0000000jbylAAA"",""Name"":""ASU Recruitment - Graduate Recruiter""}}},{""Parent"":{""Id"":""0PSd0000000qzl5GAA"",""Type"":""Profile"",""Label"":""00ed00000019yKBAAY"",""PermissionSetGroupId"":null,""Profile"":{""attributes"":{""type"":""Profile"",""url"":""/services/data/v53.0/sobjects/Profile/00ed00000019yKBAAY""},""Id"":""00ed00000019yKBAAY"",""Name"":""ASU View All Data""}}},{""Parent"":{""Id"":""0PSd0000000r3syGAA"",""Type"":""Profile"",""Label"":""00ed0000001A1s3AAC"",""PermissionSetGroupId"":null,""Profile"":{""attributes"":{""type"":""Profile"",""url"":""/services/data/v53.0/sobjects/Profile/00ed0000001A1s3AAC""},""Id"":""00ed0000001A1s3AAC"",""Name"":""ASU Recruitment - Applicant Services""}}},{""Parent"":{""Id"":""0PSd0000000r3t3GAA"",""Type"":""Profile"",""Label"":""00ed0000001A1s8AAC"",""PermissionSetGroupId"":null,""Profile"":{""attributes"":{""type"":""Profile"",""url"":""/services/data/v53.0/sobjects/Profile/00ed0000001A1s8AAC""},""Id"":""00ed0000001A1s8AAC"",""Name"":""ASU Recruitment - Business Operations""}}},{""Parent"":{""Id"":""0PSd0000000r3t8GAA"",""Type"":""Profile"",""Label"":""00ed0000001A1sDAAS"",""PermissionSetGroupId"":null,""Profile"":{""attributes"":{""type"":""Profile"",""url"":""/services/data/v53.0/sobjects/Profile/00ed0000001A1sDAAS""},""Id"":""00ed0000001A1sDAAS"",""Name"":""ASU Recruitment - Freshman Recruiter""}}},{""Parent"":{""Id"":""0PSd0000000r3tcGAA"",""Type"":""Profile"",""Label"":""00ed0000001A1shAAC"",""PermissionSetGroupId"":null,""Profile"":{""attributes"":{""type"":""Profile"",""url"":""/services/data/v53.0/sobjects/Profile/00ed0000001A1shAAC""},""Id"":""00ed0000001A1shAAC"",""Name"":""ASU Recruitment - Admission Services""}}},{""Parent"":{""Id"":""0PSd0000000r3tDGAQ"",""Type"":""Profile"",""Label"":""00ed0000001A1sIAAS"",""PermissionSetGroupId"":null,""Profile"":{""attributes"":{""type"":""Profile"",""url"":""/services/data/v53.0/sobjects/Profile/00ed0000001A1sIAAS""},""Id"":""00ed0000001A1sIAAS"",""Name"":""ASU Recruitment - Transfer Recruiter""}}},{""Parent"":{""Id"":""0PSd0000000r3tIGAQ"",""Type"":""Profile"",""Label"":""00ed0000001A1sNAAS"",""PermissionSetGroupId"":null,""Profile"":{""attributes"":{""type"":""Profile"",""url"":""/services/data/v53.0/sobjects/Profile/00ed0000001A1sNAAS""},""Id"":""00ed0000001A1sNAAS"",""Name"":""ASU Recruitment - International Recruiter""}}},{""Parent"":{""Id"":""0PSd0000000r3tNGAQ"",""Type"":""Profile"",""Label"":""00ed0000001A1sSAAS"",""PermissionSetGroupId"":null,""Profile"":{""attributes"":{""type"":""Profile"",""url"":""/services/data/v53.0/sobjects/Profile/00ed0000001A1sSAAS""},""Id"":""00ed0000001A1sSAAS"",""Name"":""ASU Recruitment - Events""}}},{""Parent"":{""Id"":""0PSd0000000r3tSGAQ"",""Type"":""Profile"",""Label"":""00ed0000001A1sXAAS"",""PermissionSetGroupId"":null,""Profile"":{""attributes"":{""type"":""Profile"",""url"":""/services/data/v53.0/sobjects/Profile/00ed0000001A1sXAAS""},""Id"":""00ed0000001A1sXAAS"",""Name"":""ASU Recruitment - Havasu""}}},{""Parent"":{""Id"":""0PSd0000000r453GAA"",""Type"":""Profile"",""Label"":""00ed0000001A204AAC"",""PermissionSetGroupId"":null,""Profile"":{""attributes"":{""type"":""Profile"",""url"":""/services/data/v53.0/sobjects/Profile/00ed0000001A204AAC""},""Id"":""00ed0000001A204AAC"",""Name"":""ASU Recruitment - Leads (ESISD)""}}},{""Parent"":{""Id"":""0PSd0000001o7EsGAI"",""Type"":""Profile"",""Label"":""00ed0000002FFRcAAO"",""PermissionSetGroupId"":null,""Profile"":{""attributes"":{""type"":""Profile"",""url"":""/services/data/v53.0/sobjects/Profile/00ed0000002FFRcAAO""},""Id"":""00ed0000002FFRcAAO"",""Name"":""ASU Recruitment - Freshman Recruiter (Temp Access to Org Wide)""}}},{""Parent"":{""Id"":""0PSd0000001jygbGAA"",""Type"":""Profile"",""Label"":""00ed0000002Nf7AAAS"",""PermissionSetGroupId"":null,""Profile"":{""attributes"":{""type"":""Profile"",""url"":""/services/data/v53.0/sobjects/Profile/00ed0000002Nf7AAAS""},""Id"":""00ed0000002Nf7AAAS"",""Name"":""ASU Recruitment - Business Intelligence""}}},{""Parent"":{""Id"":""0PSd0000000oWPgGAM"",""Type"":""Profile"",""Label"":""00ex00000018ozT_128_09_43_34_1"",""PermissionSetGroupId"":null,""Profile"":{""attributes"":{""type"":""Profile"",""url"":""/services/data/v53.0/sobjects/Profile/00ed00000017IobAAE""},""Id"":""00ed00000017IobAAE"",""Name"":""System Administrator""}}},{""Parent"":{""Id"":""0PSd0000000r6mNGAQ"",""Type"":""Regular"",""Label"":""Role: Recruiting (Service Users)"",""PermissionSetGroupId"":null,""Profile"":null}}]"
"066d0000003BFJ1AAO","unsubscribe","[{""Parent"":{""Id"":""0PSd0000001o83gGAA"",""Type"":""Profile"",""Label"":""00ed0000002FFobAAG"",""PermissionSetGroupId"":null,""Profile"":{""attributes"":{""type"":""Profile"",""url"":""/services/data/v53.0/sobjects/Profile/00ed0000002FFobAAG""},""Id"":""00ed0000002FFobAAG"",""Name"":""Unsubscribe Profile""}}},{""Parent"":{""Id"":""0PSd0000000oWPgGAM"",""Type"":""Profile"",""Label"":""00ex00000018ozT_128_09_43_34_1"",""PermissionSetGroupId"":null,""Profile"":{""attributes"":{""type"":""Profile"",""url"":""/services/data/v53.0/sobjects/Profile/00ed00000017IobAAE""},""Id"":""00ed00000017IobAAE"",""Name"":""System Administrator""}}}]"
"066d0000002BAI0AAO","UpdateOpportunityOwner","[{""Parent"":{""Id"":""0PSd0000000qzl5GAA"",""Type"":""Profile"",""Label"":""00ed00000019yKBAAY"",""PermissionSetGroupId"":null,""Profile"":{""attributes"":{""type"":""Profile"",""url"":""/services/data/v53.0/sobjects/Profile/00ed00000019yKBAAY""},""Id"":""00ed00000019yKBAAY"",""Name"":""ASU View All Data""}}},{""Parent"":{""Id"":""0PSd0000000oWPgGAM"",""Type"":""Profile"",""Label"":""00ex00000018ozT_128_09_43_34_1"",""PermissionSetGroupId"":null,""Profile"":{""attributes"":{""type"":""Profile"",""url"":""/services/data/v53.0/sobjects/Profile/00ed00000017IobAAE""},""Id"":""00ed00000017IobAAE"",""Name"":""System Administrator""}}}]"
"066d00000024ZXvAAM","viewAllArticles","[{""Parent"":{""Id"":""0PSd0000000qzl5GAA"",""Type"":""Profile"",""Label"":""00ed00000019yKBAAY"",""PermissionSetGroupId"":null,""Profile"":{""attributes"":{""type"":""Profile"",""url"":""/services/data/v53.0/sobjects/Profile/00ed00000019yKBAAY""},""Id"":""00ed00000019yKBAAY"",""Name"":""ASU View All Data""}}},{""Parent"":{""Id"":""0PSd0000000r0bvGAA"",""Type"":""Profile"",""Label"":""00ed00000019z5nAAA"",""PermissionSetGroupId"":null,""Profile"":{""attributes"":{""type"":""Profile"",""url"":""/services/data/v53.0/sobjects/Profile/00ed00000019z5nAAA""},""Id"":""00ed00000019z5nAAA"",""Name"":""ASU Community""}}},{""Parent"":{""Id"":""0PSd0000000r0c0GAA"",""Type"":""Profile"",""Label"":""00ed00000019z5sAAA"",""PermissionSetGroupId"":null,""Profile"":{""attributes"":{""type"":""Profile"",""url"":""/services/data/v53.0/sobjects/Profile/00ed00000019z5sAAA""},""Id"":""00ed00000019z5sAAA"",""Name"":""ASU Community CAP""}}},{""Parent"":{""Id"":""0PSd0000000oWPgGAM"",""Type"":""Profile"",""Label"":""00ex00000018ozT_128_09_43_34_1"",""PermissionSetGroupId"":null,""Profile"":{""attributes"":{""type"":""Profile"",""url"":""/services/data/v53.0/sobjects/Profile/00ed00000017IobAAE""},""Id"":""00ed00000017IobAAE"",""Name"":""System Administrator""}}}]"
"066d0000002BAI1AAO","viewAllCases","[{""Parent"":{""Id"":""0PSd0000000qzl5GAA"",""Type"":""Profile"",""Label"":""00ed00000019yKBAAY"",""PermissionSetGroupId"":null,""Profile"":{""attributes"":{""type"":""Profile"",""url"":""/services/data/v53.0/sobjects/Profile/00ed00000019yKBAAY""},""Id"":""00ed00000019yKBAAY"",""Name"":""ASU View All Data""}}},{""Parent"":{""Id"":""0PSd0000000r0bvGAA"",""Type"":""Profile"",""Label"":""00ed00000019z5nAAA"",""PermissionSetGroupId"":null,""Profile"":{""attributes"":{""type"":""Profile"",""url"":""/services/data/v53.0/sobjects/Profile/00ed00000019z5nAAA""},""Id"":""00ed00000019z5nAAA"",""Name"":""ASU Community""}}},{""Parent"":{""Id"":""0PSd0000000r0c0GAA"",""Type"":""Profile"",""Label"":""00ed00000019z5sAAA"",""PermissionSetGroupId"":null,""Profile"":{""attributes"":{""type"":""Profile"",""url"":""/services/data/v53.0/sobjects/Profile/00ed00000019z5sAAA""},""Id"":""00ed00000019z5sAAA"",""Name"":""ASU Community CAP""}}},{""Parent"":{""Id"":""0PSd0000000oWPgGAM"",""Type"":""Profile"",""Label"":""00ex00000018ozT_128_09_43_34_1"",""PermissionSetGroupId"":null,""Profile"":{""attributes"":{""type"":""Profile"",""url"":""/services/data/v53.0/sobjects/Profile/00ed00000017IobAAE""},""Id"":""00ed00000017IobAAE"",""Name"":""System Administrator""}}}]"
"066d0000002AkTpAAK","viewcase","[{""Parent"":{""Id"":""0PSd0000000qzl5GAA"",""Type"":""Profile"",""Label"":""00ed00000019yKBAAY"",""PermissionSetGroupId"":null,""Profile"":{""attributes"":{""type"":""Profile"",""url"":""/services/data/v53.0/sobjects/Profile/00ed00000019yKBAAY""},""Id"":""00ed00000019yKBAAY"",""Name"":""ASU View All Data""}}},{""Parent"":{""Id"":""0PSd0000000r0bvGAA"",""Type"":""Profile"",""Label"":""00ed00000019z5nAAA"",""PermissionSetGroupId"":null,""Profile"":{""attributes"":{""type"":""Profile"",""url"":""/services/data/v53.0/sobjects/Profile/00ed00000019z5nAAA""},""Id"":""00ed00000019z5nAAA"",""Name"":""ASU Community""}}},{""Parent"":{""Id"":""0PSd0000000r0c0GAA"",""Type"":""Profile"",""Label"":""00ed00000019z5sAAA"",""PermissionSetGroupId"":null,""Profile"":{""attributes"":{""type"":""Profile"",""url"":""/services/data/v53.0/sobjects/Profile/00ed00000019z5sAAA""},""Id"":""00ed00000019z5sAAA"",""Name"":""ASU Community CAP""}}},{""Parent"":{""Id"":""0PSd0000000r0dDGAQ"",""Type"":""Profile"",""Label"":""00ed00000019z77AAA"",""PermissionSetGroupId"":null,""Profile"":{""attributes"":{""type"":""Profile"",""url"":""/services/data/v53.0/sobjects/Profile/00ed00000019z77AAA""},""Id"":""00ed00000019z77AAA"",""Name"":""My ASU Profile""}}},{""Parent"":{""Id"":""0PSd0000000r2e7GAA"",""Type"":""Profile"",""Label"":""00ed0000001A0pMAAS"",""PermissionSetGroupId"":null,""Profile"":{""attributes"":{""type"":""Profile"",""url"":""/services/data/v53.0/sobjects/Profile/00ed0000001A0pMAAS""},""Id"":""00ed0000001A0pMAAS"",""Name"":""ASU Service - Student Success Innovations""}}},{""Parent"":{""Id"":""0PSd0000000r4s2GAA"",""Type"":""Profile"",""Label"":""00ed0000001A2dLAAS"",""PermissionSetGroupId"":null,""Profile"":{""attributes"":{""type"":""Profile"",""url"":""/services/data/v53.0/sobjects/Profile/00ed0000001A2dLAAS""},""Id"":""00ed0000001A2dLAAS"",""Name"":""ASU Service - Engineering - Dean's Office""}}},{""Parent"":{""Id"":""0PSd0000000oWPgGAM"",""Type"":""Profile"",""Label"":""00ex00000018ozT_128_09_43_34_1"",""PermissionSetGroupId"":null,""Profile"":{""attributes"":{""type"":""Profile"",""url"":""/services/data/v53.0/sobjects/Profile/00ed00000017IobAAE""},""Id"":""00ed00000017IobAAE"",""Name"":""System Administrator""}}}]"