"Id","Name","SetupEntityAccessItems"
"01p0W000003jJnXQAU","AbstractTriggerHandler","[{""Parent"":{""Id"":""0PSd0000000oWPgGAM"",""Type"":""Profile"",""Label"":""00ex00000018ozT_128_09_43_34_1"",""PermissionSetGroupId"":null,""Profile"":{""attributes"":{""type"":""Profile"",""url"":""/services/data/v53.0/sobjects/Profile/00ed00000017IobAAE""},""Id"":""00ed00000017IobAAE"",""Name"":""System Administrator""}}}]"
"01p0W000003jH4CQAU","AccountFactory","[{""Parent"":{""Id"":""0PSd0000000oWPgGAM"",""Type"":""Profile"",""Label"":""00ex00000018ozT_128_09_43_34_1"",""PermissionSetGroupId"":null,""Profile"":{""attributes"":{""type"":""Profile"",""url"":""/services/data/v53.0/sobjects/Profile/00ed00000017IobAAE""},""Id"":""00ed00000017IobAAE"",""Name"":""System Administrator""}}}]"
"01p0W000004AaC4QAK","AdvisorPortalCase","[{""Parent"":{""Id"":""0PSd0000000oWPgGAM"",""Type"":""Profile"",""Label"":""00ex00000018ozT_128_09_43_34_1"",""PermissionSetGroupId"":null,""Profile"":{""attributes"":{""type"":""Profile"",""url"":""/services/data/v53.0/sobjects/Profile/00ed00000017IobAAE""},""Id"":""00ed00000017IobAAE"",""Name"":""System Administrator""}}},{""Parent"":{""Id"":""0PSd0000001sKhEGAU"",""Type"":""Regular"",""Label"":""Role: Academic Advisor Portal (Service Users)"",""PermissionSetGroupId"":null,""Profile"":null}}]"
"01p0W000004AaC5QAK","AdvisorPortalCaseTest","[{""Parent"":{""Id"":""0PSd0000000oWPgGAM"",""Type"":""Profile"",""Label"":""00ex00000018ozT_128_09_43_34_1"",""PermissionSetGroupId"":null,""Profile"":{""attributes"":{""type"":""Profile"",""url"":""/services/data/v53.0/sobjects/Profile/00ed00000017IobAAE""},""Id"":""00ed00000017IobAAE"",""Name"":""System Administrator""}}}]"
"01p0W000004AaC6QAK","AdvisorPortalContact","[{""Parent"":{""Id"":""0PSd0000000oWPgGAM"",""Type"":""Profile"",""Label"":""00ex00000018ozT_128_09_43_34_1"",""PermissionSetGroupId"":null,""Profile"":{""attributes"":{""type"":""Profile"",""url"":""/services/data/v53.0/sobjects/Profile/00ed00000017IobAAE""},""Id"":""00ed00000017IobAAE"",""Name"":""System Administrator""}}},{""Parent"":{""Id"":""0PSd0000001sKhEGAU"",""Type"":""Regular"",""Label"":""Role: Academic Advisor Portal (Service Users)"",""PermissionSetGroupId"":null,""Profile"":null}}]"
"01p0W000004AaC7QAK","AdvisorPortalContactTest","[{""Parent"":{""Id"":""0PSd0000000oWPgGAM"",""Type"":""Profile"",""Label"":""00ex00000018ozT_128_09_43_34_1"",""PermissionSetGroupId"":null,""Profile"":{""attributes"":{""type"":""Profile"",""url"":""/services/data/v53.0/sobjects/Profile/00ed00000017IobAAE""},""Id"":""00ed00000017IobAAE"",""Name"":""System Administrator""}}}]"
"01p0W000004AaC8QAK","AdvisorPortalFilter","[{""Parent"":{""Id"":""0PSd0000000oWPgGAM"",""Type"":""Profile"",""Label"":""00ex00000018ozT_128_09_43_34_1"",""PermissionSetGroupId"":null,""Profile"":{""attributes"":{""type"":""Profile"",""url"":""/services/data/v53.0/sobjects/Profile/00ed00000017IobAAE""},""Id"":""00ed00000017IobAAE"",""Name"":""System Administrator""}}},{""Parent"":{""Id"":""0PSd0000001sKhEGAU"",""Type"":""Regular"",""Label"":""Role: Academic Advisor Portal (Service Users)"",""PermissionSetGroupId"":null,""Profile"":null}}]"
"01p0W000004AaC9QAK","AdvisorPortalFilterSectionController","[{""Parent"":{""Id"":""0PSd0000000oWPgGAM"",""Type"":""Profile"",""Label"":""00ex00000018ozT_128_09_43_34_1"",""PermissionSetGroupId"":null,""Profile"":{""attributes"":{""type"":""Profile"",""url"":""/services/data/v53.0/sobjects/Profile/00ed00000017IobAAE""},""Id"":""00ed00000017IobAAE"",""Name"":""System Administrator""}}},{""Parent"":{""Id"":""0PSd0000001sKhEGAU"",""Type"":""Regular"",""Label"":""Role: Academic Advisor Portal (Service Users)"",""PermissionSetGroupId"":null,""Profile"":null}}]"
"01p0W000004AaCAQA0","AdvisorPortalFilterSectionControllerTest","[{""Parent"":{""Id"":""0PSd0000000oWPgGAM"",""Type"":""Profile"",""Label"":""00ex00000018ozT_128_09_43_34_1"",""PermissionSetGroupId"":null,""Profile"":{""attributes"":{""type"":""Profile"",""url"":""/services/data/v53.0/sobjects/Profile/00ed00000017IobAAE""},""Id"":""00ed00000017IobAAE"",""Name"":""System Administrator""}}}]"
"01p0W000004AaCBQA0","AdvisorPortalMassEmailControllerTest","[{""Parent"":{""Id"":""0PSd0000000oWPgGAM"",""Type"":""Profile"",""Label"":""00ex00000018ozT_128_09_43_34_1"",""PermissionSetGroupId"":null,""Profile"":{""attributes"":{""type"":""Profile"",""url"":""/services/data/v53.0/sobjects/Profile/00ed00000017IobAAE""},""Id"":""00ed00000017IobAAE"",""Name"":""System Administrator""}}}]"
"01p0W000004AaCCQA0","AdvisorPortalMassEmailModalController","[{""Parent"":{""Id"":""0PSd0000000oWPgGAM"",""Type"":""Profile"",""Label"":""00ex00000018ozT_128_09_43_34_1"",""PermissionSetGroupId"":null,""Profile"":{""attributes"":{""type"":""Profile"",""url"":""/services/data/v53.0/sobjects/Profile/00ed00000017IobAAE""},""Id"":""00ed00000017IobAAE"",""Name"":""System Administrator""}}},{""Parent"":{""Id"":""0PSd0000001sKhEGAU"",""Type"":""Regular"",""Label"":""Role: Academic Advisor Portal (Service Users)"",""PermissionSetGroupId"":null,""Profile"":null}}]"
"01p0W000004AaCDQA0","AdvisorPortalMassTransferController","[{""Parent"":{""Id"":""0PSd0000000oWPgGAM"",""Type"":""Profile"",""Label"":""00ex00000018ozT_128_09_43_34_1"",""PermissionSetGroupId"":null,""Profile"":{""attributes"":{""type"":""Profile"",""url"":""/services/data/v53.0/sobjects/Profile/00ed00000017IobAAE""},""Id"":""00ed00000017IobAAE"",""Name"":""System Administrator""}}},{""Parent"":{""Id"":""0PSd0000001sKhEGAU"",""Type"":""Regular"",""Label"":""Role: Academic Advisor Portal (Service Users)"",""PermissionSetGroupId"":null,""Profile"":null}}]"
"01p0W000004AaCEQA0","AdvisorPortalMassTransferControllerTest","[{""Parent"":{""Id"":""0PSd0000000oWPgGAM"",""Type"":""Profile"",""Label"":""00ex00000018ozT_128_09_43_34_1"",""PermissionSetGroupId"":null,""Profile"":{""attributes"":{""type"":""Profile"",""url"":""/services/data/v53.0/sobjects/Profile/00ed00000017IobAAE""},""Id"":""00ed00000017IobAAE"",""Name"":""System Administrator""}}}]"
"01p0W000004AaCFQA0","AdvisorPortalMassUpdateController","[{""Parent"":{""Id"":""0PSd0000000oWPgGAM"",""Type"":""Profile"",""Label"":""00ex00000018ozT_128_09_43_34_1"",""PermissionSetGroupId"":null,""Profile"":{""attributes"":{""type"":""Profile"",""url"":""/services/data/v53.0/sobjects/Profile/00ed00000017IobAAE""},""Id"":""00ed00000017IobAAE"",""Name"":""System Administrator""}}},{""Parent"":{""Id"":""0PSd0000001sKhEGAU"",""Type"":""Regular"",""Label"":""Role: Academic Advisor Portal (Service Users)"",""PermissionSetGroupId"":null,""Profile"":null}}]"
"01p0W000004AaCGQA0","AdvisorPortalMassUpdateControllerTest","[{""Parent"":{""Id"":""0PSd0000000oWPgGAM"",""Type"":""Profile"",""Label"":""00ex00000018ozT_128_09_43_34_1"",""PermissionSetGroupId"":null,""Profile"":{""attributes"":{""type"":""Profile"",""url"":""/services/data/v53.0/sobjects/Profile/00ed00000017IobAAE""},""Id"":""00ed00000017IobAAE"",""Name"":""System Administrator""}}}]"
"01p0W000004AaCHQA0","AdvisorPortalTopLevelFilterController","[{""Parent"":{""Id"":""0PSd0000000oWPgGAM"",""Type"":""Profile"",""Label"":""00ex00000018ozT_128_09_43_34_1"",""PermissionSetGroupId"":null,""Profile"":{""attributes"":{""type"":""Profile"",""url"":""/services/data/v53.0/sobjects/Profile/00ed00000017IobAAE""},""Id"":""00ed00000017IobAAE"",""Name"":""System Administrator""}}},{""Parent"":{""Id"":""0PSd0000001sKhEGAU"",""Type"":""Regular"",""Label"":""Role: Academic Advisor Portal (Service Users)"",""PermissionSetGroupId"":null,""Profile"":null}}]"
"01p0W000004AaCIQA0","AdvisorPortalTopLevelFilterTest","[{""Parent"":{""Id"":""0PSd0000000oWPgGAM"",""Type"":""Profile"",""Label"":""00ex00000018ozT_128_09_43_34_1"",""PermissionSetGroupId"":null,""Profile"":{""attributes"":{""type"":""Profile"",""url"":""/services/data/v53.0/sobjects/Profile/00ed00000017IobAAE""},""Id"":""00ed00000017IobAAE"",""Name"":""System Administrator""}}}]"
"01pd0000002h25DAAQ","AKBController","[{""Parent"":{""Id"":""0PSd0000000oWPgGAM"",""Type"":""Profile"",""Label"":""00ex00000018ozT_128_09_43_34_1"",""PermissionSetGroupId"":null,""Profile"":{""attributes"":{""type"":""Profile"",""url"":""/services/data/v53.0/sobjects/Profile/00ed00000017IobAAE""},""Id"":""00ed00000017IobAAE"",""Name"":""System Administrator""}}}]"
"01p6T000003ww6HQAQ","AKBControllerTest","[{""Parent"":{""Id"":""0PSd0000000oWPgGAM"",""Type"":""Profile"",""Label"":""00ex00000018ozT_128_09_43_34_1"",""PermissionSetGroupId"":null,""Profile"":{""attributes"":{""type"":""Profile"",""url"":""/services/data/v53.0/sobjects/Profile/00ed00000017IobAAE""},""Id"":""00ed00000017IobAAE"",""Name"":""System Administrator""}}}]"
"01pd0000003vYdsAAE","AlertHandler","[{""Parent"":{""Id"":""0PSd0000000oWPgGAM"",""Type"":""Profile"",""Label"":""00ex00000018ozT_128_09_43_34_1"",""PermissionSetGroupId"":null,""Profile"":{""attributes"":{""type"":""Profile"",""url"":""/services/data/v53.0/sobjects/Profile/00ed00000017IobAAE""},""Id"":""00ed00000017IobAAE"",""Name"":""System Administrator""}}}]"
"01p6T000003ww6IQAQ","AlertHandlerTest","[{""Parent"":{""Id"":""0PSd0000000oWPgGAM"",""Type"":""Profile"",""Label"":""00ex00000018ozT_128_09_43_34_1"",""PermissionSetGroupId"":null,""Profile"":{""attributes"":{""type"":""Profile"",""url"":""/services/data/v53.0/sobjects/Profile/00ed00000017IobAAE""},""Id"":""00ed00000017IobAAE"",""Name"":""System Administrator""}}}]"
"01pd0000002dVzRAAU","AllPublishedArticlesController","[{""Parent"":{""Id"":""0PSd0000000oWPgGAM"",""Type"":""Profile"",""Label"":""00ex00000018ozT_128_09_43_34_1"",""PermissionSetGroupId"":null,""Profile"":{""attributes"":{""type"":""Profile"",""url"":""/services/data/v53.0/sobjects/Profile/00ed00000017IobAAE""},""Id"":""00ed00000017IobAAE"",""Name"":""System Administrator""}}},{""Parent"":{""Id"":""0PSd0000000quKmGAI"",""Type"":""Regular"",""Label"":""Additional Administrator Permissions"",""PermissionSetGroupId"":null,""Profile"":null}}]"
"01p0W000003X4ZJQA0","AllPublishedArticlesControllerTest","[{""Parent"":{""Id"":""0PSd0000000oWPgGAM"",""Type"":""Profile"",""Label"":""00ex00000018ozT_128_09_43_34_1"",""PermissionSetGroupId"":null,""Profile"":{""attributes"":{""type"":""Profile"",""url"":""/services/data/v53.0/sobjects/Profile/00ed00000017IobAAE""},""Id"":""00ed00000017IobAAE"",""Name"":""System Administrator""}}}]"
"01pd0000004875kAAA","apiSSC_AllCoachesController","[{""Parent"":{""Id"":""0PSd0000000oWPgGAM"",""Type"":""Profile"",""Label"":""00ex00000018ozT_128_09_43_34_1"",""PermissionSetGroupId"":null,""Profile"":{""attributes"":{""type"":""Profile"",""url"":""/services/data/v53.0/sobjects/Profile/00ed00000017IobAAE""},""Id"":""00ed00000017IobAAE"",""Name"":""System Administrator""}}}]"
"01p6T000003ww7HQAQ","apiSSC_AllCoachesControllerTest","[{""Parent"":{""Id"":""0PSd0000000oWPgGAM"",""Type"":""Profile"",""Label"":""00ex00000018ozT_128_09_43_34_1"",""PermissionSetGroupId"":null,""Profile"":{""attributes"":{""type"":""Profile"",""url"":""/services/data/v53.0/sobjects/Profile/00ed00000017IobAAE""},""Id"":""00ed00000017IobAAE"",""Name"":""System Administrator""}}}]"
"01pd0000004875nAAA","apiSSC_AvailableCoachesCountController","[{""Parent"":{""Id"":""0PSd0000000oWPgGAM"",""Type"":""Profile"",""Label"":""00ex00000018ozT_128_09_43_34_1"",""PermissionSetGroupId"":null,""Profile"":{""attributes"":{""type"":""Profile"",""url"":""/services/data/v53.0/sobjects/Profile/00ed00000017IobAAE""},""Id"":""00ed00000017IobAAE"",""Name"":""System Administrator""}}}]"
"01pd0000004875oAAA","apiSSC_AvailableCoachesCount_Test","[{""Parent"":{""Id"":""0PSd0000000oWPgGAM"",""Type"":""Profile"",""Label"":""00ex00000018ozT_128_09_43_34_1"",""PermissionSetGroupId"":null,""Profile"":{""attributes"":{""type"":""Profile"",""url"":""/services/data/v53.0/sobjects/Profile/00ed00000017IobAAE""},""Id"":""00ed00000017IobAAE"",""Name"":""System Administrator""}}}]"
"01pd0000004875pAAA","apiSSC_AvailableCoachesListController2","[{""Parent"":{""Id"":""0PSd0000000oWPgGAM"",""Type"":""Profile"",""Label"":""00ex00000018ozT_128_09_43_34_1"",""PermissionSetGroupId"":null,""Profile"":{""attributes"":{""type"":""Profile"",""url"":""/services/data/v53.0/sobjects/Profile/00ed00000017IobAAE""},""Id"":""00ed00000017IobAAE"",""Name"":""System Administrator""}}}]"
"01pd0000004875mAAA","apiSSC_AvailCoachesListCont2_Test","[{""Parent"":{""Id"":""0PSd0000000oWPgGAM"",""Type"":""Profile"",""Label"":""00ex00000018ozT_128_09_43_34_1"",""PermissionSetGroupId"":null,""Profile"":{""attributes"":{""type"":""Profile"",""url"":""/services/data/v53.0/sobjects/Profile/00ed00000017IobAAE""},""Id"":""00ed00000017IobAAE"",""Name"":""System Administrator""}}}]"
"01pd0000004875sAAA","apiSSC_CoachAllOpenCasesController","[{""Parent"":{""Id"":""0PSd0000000oWPgGAM"",""Type"":""Profile"",""Label"":""00ex00000018ozT_128_09_43_34_1"",""PermissionSetGroupId"":null,""Profile"":{""attributes"":{""type"":""Profile"",""url"":""/services/data/v53.0/sobjects/Profile/00ed00000017IobAAE""},""Id"":""00ed00000017IobAAE"",""Name"":""System Administrator""}}}]"
"01p6T000003ww7IQAQ","apiSSC_CoachAllOpenCasesControllerTest","[{""Parent"":{""Id"":""0PSd0000000oWPgGAM"",""Type"":""Profile"",""Label"":""00ex00000018ozT_128_09_43_34_1"",""PermissionSetGroupId"":null,""Profile"":{""attributes"":{""type"":""Profile"",""url"":""/services/data/v53.0/sobjects/Profile/00ed00000017IobAAE""},""Id"":""00ed00000017IobAAE"",""Name"":""System Administrator""}}}]"
"01pd0000004875uAAA","apiSSC_CoachOpenCasesController","[{""Parent"":{""Id"":""0PSd0000000oWPgGAM"",""Type"":""Profile"",""Label"":""00ex00000018ozT_128_09_43_34_1"",""PermissionSetGroupId"":null,""Profile"":{""attributes"":{""type"":""Profile"",""url"":""/services/data/v53.0/sobjects/Profile/00ed00000017IobAAE""},""Id"":""00ed00000017IobAAE"",""Name"":""System Administrator""}}}]"
"01p6T000003ww7JQAQ","apiSSC_CoachOpenCasesControllerTest","[{""Parent"":{""Id"":""0PSd0000000oWPgGAM"",""Type"":""Profile"",""Label"":""00ex00000018ozT_128_09_43_34_1"",""PermissionSetGroupId"":null,""Profile"":{""attributes"":{""type"":""Profile"",""url"":""/services/data/v53.0/sobjects/Profile/00ed00000017IobAAE""},""Id"":""00ed00000017IobAAE"",""Name"":""System Administrator""}}}]"
"01pd0000004875wAAA","apiSSC_CoachStudentTypeController","[{""Parent"":{""Id"":""0PSd0000000oWPgGAM"",""Type"":""Profile"",""Label"":""00ex00000018ozT_128_09_43_34_1"",""PermissionSetGroupId"":null,""Profile"":{""attributes"":{""type"":""Profile"",""url"":""/services/data/v53.0/sobjects/Profile/00ed00000017IobAAE""},""Id"":""00ed00000017IobAAE"",""Name"":""System Administrator""}}}]"
"01p6T000003ww7KQAQ","apiSSC_CoachStudentTypeControllerTest","[{""Parent"":{""Id"":""0PSd0000000oWPgGAM"",""Type"":""Profile"",""Label"":""00ex00000018ozT_128_09_43_34_1"",""PermissionSetGroupId"":null,""Profile"":{""attributes"":{""type"":""Profile"",""url"":""/services/data/v53.0/sobjects/Profile/00ed00000017IobAAE""},""Id"":""00ed00000017IobAAE"",""Name"":""System Administrator""}}}]"
"01pd00000048762AAA","apiSSC_MessagingAccountCreatedController","[{""Parent"":{""Id"":""0PSd0000000oWPgGAM"",""Type"":""Profile"",""Label"":""00ex00000018ozT_128_09_43_34_1"",""PermissionSetGroupId"":null,""Profile"":{""attributes"":{""type"":""Profile"",""url"":""/services/data/v53.0/sobjects/Profile/00ed00000017IobAAE""},""Id"":""00ed00000017IobAAE"",""Name"":""System Administrator""}}}]"
"01pd00000048763AAA","apiSSC_MessagingAccountCreated_Test","[{""Parent"":{""Id"":""0PSd0000000oWPgGAM"",""Type"":""Profile"",""Label"":""00ex00000018ozT_128_09_43_34_1"",""PermissionSetGroupId"":null,""Profile"":{""attributes"":{""type"":""Profile"",""url"":""/services/data/v53.0/sobjects/Profile/00ed00000017IobAAE""},""Id"":""00ed00000017IobAAE"",""Name"":""System Administrator""}}}]"
"01pd00000048764AAA","apiSSC_MyASUCoachController","[{""Parent"":{""Id"":""0PSd0000000oWPgGAM"",""Type"":""Profile"",""Label"":""00ex00000018ozT_128_09_43_34_1"",""PermissionSetGroupId"":null,""Profile"":{""attributes"":{""type"":""Profile"",""url"":""/services/data/v53.0/sobjects/Profile/00ed00000017IobAAE""},""Id"":""00ed00000017IobAAE"",""Name"":""System Administrator""}}}]"
"01p6T000003ww7LQAQ","apiSSC_MyASUCoachControllerTest","[{""Parent"":{""Id"":""0PSd0000000oWPgGAM"",""Type"":""Profile"",""Label"":""00ex00000018ozT_128_09_43_34_1"",""PermissionSetGroupId"":null,""Profile"":{""attributes"":{""type"":""Profile"",""url"":""/services/data/v53.0/sobjects/Profile/00ed00000017IobAAE""},""Id"":""00ed00000017IobAAE"",""Name"":""System Administrator""}}}]"
"01pd00000048766AAA","apiSSC_MyASUCoachesController","[{""Parent"":{""Id"":""0PSd0000000oWPgGAM"",""Type"":""Profile"",""Label"":""00ex00000018ozT_128_09_43_34_1"",""PermissionSetGroupId"":null,""Profile"":{""attributes"":{""type"":""Profile"",""url"":""/services/data/v53.0/sobjects/Profile/00ed00000017IobAAE""},""Id"":""00ed00000017IobAAE"",""Name"":""System Administrator""}}}]"
"01p6T000003ww7MQAQ","apiSSC_MyASUCoachesControllerTest","[{""Parent"":{""Id"":""0PSd0000000oWPgGAM"",""Type"":""Profile"",""Label"":""00ex00000018ozT_128_09_43_34_1"",""PermissionSetGroupId"":null,""Profile"":{""attributes"":{""type"":""Profile"",""url"":""/services/data/v53.0/sobjects/Profile/00ed00000017IobAAE""},""Id"":""00ed00000017IobAAE"",""Name"":""System Administrator""}}}]"
"01pd00000048768AAA","apiSSC_MyCoachController","[{""Parent"":{""Id"":""0PSd0000000oWPgGAM"",""Type"":""Profile"",""Label"":""00ex00000018ozT_128_09_43_34_1"",""PermissionSetGroupId"":null,""Profile"":{""attributes"":{""type"":""Profile"",""url"":""/services/data/v53.0/sobjects/Profile/00ed00000017IobAAE""},""Id"":""00ed00000017IobAAE"",""Name"":""System Administrator""}}}]"
"01p6T000003ww7NQAQ","apiSSC_MyCoachControllerTest","[{""Parent"":{""Id"":""0PSd0000000oWPgGAM"",""Type"":""Profile"",""Label"":""00ex00000018ozT_128_09_43_34_1"",""PermissionSetGroupId"":null,""Profile"":{""attributes"":{""type"":""Profile"",""url"":""/services/data/v53.0/sobjects/Profile/00ed00000017IobAAE""},""Id"":""00ed00000017IobAAE"",""Name"":""System Administrator""}}}]"
"01p0W000004AYgOQAW","ASUBrandHeaderController","[{""Parent"":{""Id"":""0PSd0000000oWPgGAM"",""Type"":""Profile"",""Label"":""00ex00000018ozT_128_09_43_34_1"",""PermissionSetGroupId"":null,""Profile"":{""attributes"":{""type"":""Profile"",""url"":""/services/data/v53.0/sobjects/Profile/00ed00000017IobAAE""},""Id"":""00ed00000017IobAAE"",""Name"":""System Administrator""}}}]"
"01p6T000003TGb7QAG","ASUBrandUtilities","[{""Parent"":{""Id"":""0PSd0000000oWPgGAM"",""Type"":""Profile"",""Label"":""00ex00000018ozT_128_09_43_34_1"",""PermissionSetGroupId"":null,""Profile"":{""attributes"":{""type"":""Profile"",""url"":""/services/data/v53.0/sobjects/Profile/00ed00000017IobAAE""},""Id"":""00ed00000017IobAAE"",""Name"":""System Administrator""}}}]"
"01pd000000482kuAAA","AttachmentDispatcher","[{""Parent"":{""Id"":""0PSd0000000oWPgGAM"",""Type"":""Profile"",""Label"":""00ex00000018ozT_128_09_43_34_1"",""PermissionSetGroupId"":null,""Profile"":{""attributes"":{""type"":""Profile"",""url"":""/services/data/v53.0/sobjects/Profile/00ed00000017IobAAE""},""Id"":""00ed00000017IobAAE"",""Name"":""System Administrator""}}}]"
"01p0W000003jH9bQAE","AttachmentFactory","[{""Parent"":{""Id"":""0PSd0000000oWPgGAM"",""Type"":""Profile"",""Label"":""00ex00000018ozT_128_09_43_34_1"",""PermissionSetGroupId"":null,""Profile"":{""attributes"":{""type"":""Profile"",""url"":""/services/data/v53.0/sobjects/Profile/00ed00000017IobAAE""},""Id"":""00ed00000017IobAAE"",""Name"":""System Administrator""}}}]"
"01pd000000482kvAAA","AttachmentService","[{""Parent"":{""Id"":""0PSd0000000oWPgGAM"",""Type"":""Profile"",""Label"":""00ex00000018ozT_128_09_43_34_1"",""PermissionSetGroupId"":null,""Profile"":{""attributes"":{""type"":""Profile"",""url"":""/services/data/v53.0/sobjects/Profile/00ed00000017IobAAE""},""Id"":""00ed00000017IobAAE"",""Name"":""System Administrator""}}}]"
"01p6T000003ww6JQAQ","AttachmentServiceTest","[{""Parent"":{""Id"":""0PSd0000000oWPgGAM"",""Type"":""Profile"",""Label"":""00ex00000018ozT_128_09_43_34_1"",""PermissionSetGroupId"":null,""Profile"":{""attributes"":{""type"":""Profile"",""url"":""/services/data/v53.0/sobjects/Profile/00ed00000017IobAAE""},""Id"":""00ed00000017IobAAE"",""Name"":""System Administrator""}}}]"
"01p6T000003ww6KQAQ","AttachmentTriggerTest","[{""Parent"":{""Id"":""0PSd0000000oWPgGAM"",""Type"":""Profile"",""Label"":""00ex00000018ozT_128_09_43_34_1"",""PermissionSetGroupId"":null,""Profile"":{""attributes"":{""type"":""Profile"",""url"":""/services/data/v53.0/sobjects/Profile/00ed00000017IobAAE""},""Id"":""00ed00000017IobAAE"",""Name"":""System Administrator""}}}]"
"01p0W000003frnWQAQ","AugmentedStaffCaseController","[{""Parent"":{""Id"":""0PSd0000000oWPgGAM"",""Type"":""Profile"",""Label"":""00ex00000018ozT_128_09_43_34_1"",""PermissionSetGroupId"":null,""Profile"":{""attributes"":{""type"":""Profile"",""url"":""/services/data/v53.0/sobjects/Profile/00ed00000017IobAAE""},""Id"":""00ed00000017IobAAE"",""Name"":""System Administrator""}}},{""Parent"":{""Id"":""0PS0W000001GhLyWAK"",""Type"":""Regular"",""Label"":""Augmented Staff Case Creation"",""PermissionSetGroupId"":null,""Profile"":null}}]"
"01p6T000003wwQ2QAI","AugmentedStaffCaseControllerTest","[{""Parent"":{""Id"":""0PSd0000000oWPgGAM"",""Type"":""Profile"",""Label"":""00ex00000018ozT_128_09_43_34_1"",""PermissionSetGroupId"":null,""Profile"":{""attributes"":{""type"":""Profile"",""url"":""/services/data/v53.0/sobjects/Profile/00ed00000017IobAAE""},""Id"":""00ed00000017IobAAE"",""Name"":""System Administrator""}}}]"
"01p0W000003fqNZQAY","AutoSubscriberFilterHelper","[{""Parent"":{""Id"":""0PSd0000000oWPgGAM"",""Type"":""Profile"",""Label"":""00ex00000018ozT_128_09_43_34_1"",""PermissionSetGroupId"":null,""Profile"":{""attributes"":{""type"":""Profile"",""url"":""/services/data/v53.0/sobjects/Profile/00ed00000017IobAAE""},""Id"":""00ed00000017IobAAE"",""Name"":""System Administrator""}}}]"
"01p6T000003wwaWQAQ","AutoSubscriberFilterHelperTest","[{""Parent"":{""Id"":""0PSd0000000oWPgGAM"",""Type"":""Profile"",""Label"":""00ex00000018ozT_128_09_43_34_1"",""PermissionSetGroupId"":null,""Profile"":{""attributes"":{""type"":""Profile"",""url"":""/services/data/v53.0/sobjects/Profile/00ed00000017IobAAE""},""Id"":""00ed00000017IobAAE"",""Name"":""System Administrator""}}}]"
"01p0W000003fqNaQAI","AutoSubscriberHelper","[{""Parent"":{""Id"":""0PSd0000000oWPgGAM"",""Type"":""Profile"",""Label"":""00ex00000018ozT_128_09_43_34_1"",""PermissionSetGroupId"":null,""Profile"":{""attributes"":{""type"":""Profile"",""url"":""/services/data/v53.0/sobjects/Profile/00ed00000017IobAAE""},""Id"":""00ed00000017IobAAE"",""Name"":""System Administrator""}}}]"
"01p6T000003wwaXQAQ","AutoSubscriberHelperTest","[{""Parent"":{""Id"":""0PSd0000000oWPgGAM"",""Type"":""Profile"",""Label"":""00ex00000018ozT_128_09_43_34_1"",""PermissionSetGroupId"":null,""Profile"":{""attributes"":{""type"":""Profile"",""url"":""/services/data/v53.0/sobjects/Profile/00ed00000017IobAAE""},""Id"":""00ed00000017IobAAE"",""Name"":""System Administrator""}}}]"
"01p0W000003fqNbQAI","AutoSubscriberService","[{""Parent"":{""Id"":""0PSd0000000oWPgGAM"",""Type"":""Profile"",""Label"":""00ex00000018ozT_128_09_43_34_1"",""PermissionSetGroupId"":null,""Profile"":{""attributes"":{""type"":""Profile"",""url"":""/services/data/v53.0/sobjects/Profile/00ed00000017IobAAE""},""Id"":""00ed00000017IobAAE"",""Name"":""System Administrator""}}}]"
"01p6T000003wwaYQAQ","AutoSubscriberServiceTest","[{""Parent"":{""Id"":""0PSd0000000oWPgGAM"",""Type"":""Profile"",""Label"":""00ex00000018ozT_128_09_43_34_1"",""PermissionSetGroupId"":null,""Profile"":{""attributes"":{""type"":""Profile"",""url"":""/services/data/v53.0/sobjects/Profile/00ed00000017IobAAE""},""Id"":""00ed00000017IobAAE"",""Name"":""System Administrator""}}}]"
"01p0W000003fqNcQAI","AutoSubscriberTest","[{""Parent"":{""Id"":""0PSd0000000oWPgGAM"",""Type"":""Profile"",""Label"":""00ex00000018ozT_128_09_43_34_1"",""PermissionSetGroupId"":null,""Profile"":{""attributes"":{""type"":""Profile"",""url"":""/services/data/v53.0/sobjects/Profile/00ed00000017IobAAE""},""Id"":""00ed00000017IobAAE"",""Name"":""System Administrator""}}}]"
"01pd0000002uxvCAAQ","BatchAccountDeferredLeadTA","[{""Parent"":{""Id"":""0PSd0000000oWPgGAM"",""Type"":""Profile"",""Label"":""00ex00000018ozT_128_09_43_34_1"",""PermissionSetGroupId"":null,""Profile"":{""attributes"":{""type"":""Profile"",""url"":""/services/data/v53.0/sobjects/Profile/00ed00000017IobAAE""},""Id"":""00ed00000017IobAAE"",""Name"":""System Administrator""}}}]"
"01pd0000002uxvDAAQ","BatchAccountDeferredOppTA","[{""Parent"":{""Id"":""0PSd0000000oWPgGAM"",""Type"":""Profile"",""Label"":""00ex00000018ozT_128_09_43_34_1"",""PermissionSetGroupId"":null,""Profile"":{""attributes"":{""type"":""Profile"",""url"":""/services/data/v53.0/sobjects/Profile/00ed00000017IobAAE""},""Id"":""00ed00000017IobAAE"",""Name"":""System Administrator""}}}]"
"01p0W000003SNGYQA4","BatchApplyIerPrivacy","[{""Parent"":{""Id"":""0PSd0000000oWPgGAM"",""Type"":""Profile"",""Label"":""00ex00000018ozT_128_09_43_34_1"",""PermissionSetGroupId"":null,""Profile"":{""attributes"":{""type"":""Profile"",""url"":""/services/data/v53.0/sobjects/Profile/00ed00000017IobAAE""},""Id"":""00ed00000017IobAAE"",""Name"":""System Administrator""}}}]"
"01p0W000003SNGZQA4","BatchApplyIerPrivacyTest","[{""Parent"":{""Id"":""0PSd0000000oWPgGAM"",""Type"":""Profile"",""Label"":""00ex00000018ozT_128_09_43_34_1"",""PermissionSetGroupId"":null,""Profile"":{""attributes"":{""type"":""Profile"",""url"":""/services/data/v53.0/sobjects/Profile/00ed00000017IobAAE""},""Id"":""00ed00000017IobAAE"",""Name"":""System Administrator""}}}]"
"01p0W000003SNGaQAO","BatchApplySubscriberPrivacy","[{""Parent"":{""Id"":""0PSd0000000oWPgGAM"",""Type"":""Profile"",""Label"":""00ex00000018ozT_128_09_43_34_1"",""PermissionSetGroupId"":null,""Profile"":{""attributes"":{""type"":""Profile"",""url"":""/services/data/v53.0/sobjects/Profile/00ed00000017IobAAE""},""Id"":""00ed00000017IobAAE"",""Name"":""System Administrator""}}}]"
"01p0W000003SNGbQAO","BatchApplySubscriberPrivacyTest","[{""Parent"":{""Id"":""0PSd0000000oWPgGAM"",""Type"":""Profile"",""Label"":""00ex00000018ozT_128_09_43_34_1"",""PermissionSetGroupId"":null,""Profile"":{""attributes"":{""type"":""Profile"",""url"":""/services/data/v53.0/sobjects/Profile/00ed00000017IobAAE""},""Id"":""00ed00000017IobAAE"",""Name"":""System Administrator""}}}]"
"01p6T000003ww6LQAQ","BatchDeferredTATest","[{""Parent"":{""Id"":""0PSd0000000oWPgGAM"",""Type"":""Profile"",""Label"":""00ex00000018ozT_128_09_43_34_1"",""PermissionSetGroupId"":null,""Profile"":{""attributes"":{""type"":""Profile"",""url"":""/services/data/v53.0/sobjects/Profile/00ed00000017IobAAE""},""Id"":""00ed00000017IobAAE"",""Name"":""System Administrator""}}}]"
"01pd0000002uxvEAAQ","BatchTARDeferredLeadTA","[{""Parent"":{""Id"":""0PSd0000000oWPgGAM"",""Type"":""Profile"",""Label"":""00ex00000018ozT_128_09_43_34_1"",""PermissionSetGroupId"":null,""Profile"":{""attributes"":{""type"":""Profile"",""url"":""/services/data/v53.0/sobjects/Profile/00ed00000017IobAAE""},""Id"":""00ed00000017IobAAE"",""Name"":""System Administrator""}}}]"
"01pd0000002uxvFAAQ","BatchTARDeferredOppTA","[{""Parent"":{""Id"":""0PSd0000000oWPgGAM"",""Type"":""Profile"",""Label"":""00ex00000018ozT_128_09_43_34_1"",""PermissionSetGroupId"":null,""Profile"":{""attributes"":{""type"":""Profile"",""url"":""/services/data/v53.0/sobjects/Profile/00ed00000017IobAAE""},""Id"":""00ed00000017IobAAE"",""Name"":""System Administrator""}}}]"
"01pd0000002h24VAAQ","BomgarCreateCaseTriggerTest","[{""Parent"":{""Id"":""0PSd0000000qjenGAA"",""Type"":""Profile"",""Label"":""00ed00000019invAAA"",""PermissionSetGroupId"":null,""Profile"":{""attributes"":{""type"":""Profile"",""url"":""/services/data/v53.0/sobjects/Profile/00ed00000019invAAA""},""Id"":""00ed00000019invAAA"",""Name"":""ASU Read Only""}}},{""Parent"":{""Id"":""0PSd0000000qzl5GAA"",""Type"":""Profile"",""Label"":""00ed00000019yKBAAY"",""PermissionSetGroupId"":null,""Profile"":{""attributes"":{""type"":""Profile"",""url"":""/services/data/v53.0/sobjects/Profile/00ed00000019yKBAAY""},""Id"":""00ed00000019yKBAAY"",""Name"":""ASU View All Data""}}},{""Parent"":{""Id"":""0PSd0000000TwGUGA0"",""Type"":""Profile"",""Label"":""00ed0000001EPuyAAG"",""PermissionSetGroupId"":null,""Profile"":{""attributes"":{""type"":""Profile"",""url"":""/services/data/v53.0/sobjects/Profile/00ed0000001EPuyAAG""},""Id"":""00ed0000001EPuyAAG"",""Name"":""Bomgar Profile""}}},{""Parent"":{""Id"":""0PSd0000000oWPgGAM"",""Type"":""Profile"",""Label"":""00ex00000018ozT_128_09_43_34_1"",""PermissionSetGroupId"":null,""Profile"":{""attributes"":{""type"":""Profile"",""url"":""/services/data/v53.0/sobjects/Profile/00ed00000017IobAAE""},""Id"":""00ed00000017IobAAE"",""Name"":""System Administrator""}}}]"
"01pd0000002h24WAAQ","BomgarCreateCaseUtil","[{""Parent"":{""Id"":""0PSd0000000qjenGAA"",""Type"":""Profile"",""Label"":""00ed00000019invAAA"",""PermissionSetGroupId"":null,""Profile"":{""attributes"":{""type"":""Profile"",""url"":""/services/data/v53.0/sobjects/Profile/00ed00000019invAAA""},""Id"":""00ed00000019invAAA"",""Name"":""ASU Read Only""}}},{""Parent"":{""Id"":""0PSd0000000qzl5GAA"",""Type"":""Profile"",""Label"":""00ed00000019yKBAAY"",""PermissionSetGroupId"":null,""Profile"":{""attributes"":{""type"":""Profile"",""url"":""/services/data/v53.0/sobjects/Profile/00ed00000019yKBAAY""},""Id"":""00ed00000019yKBAAY"",""Name"":""ASU View All Data""}}},{""Parent"":{""Id"":""0PSd0000000TwGUGA0"",""Type"":""Profile"",""Label"":""00ed0000001EPuyAAG"",""PermissionSetGroupId"":null,""Profile"":{""attributes"":{""type"":""Profile"",""url"":""/services/data/v53.0/sobjects/Profile/00ed0000001EPuyAAG""},""Id"":""00ed0000001EPuyAAG"",""Name"":""Bomgar Profile""}}},{""Parent"":{""Id"":""0PSd0000000oWPgGAM"",""Type"":""Profile"",""Label"":""00ex00000018ozT_128_09_43_34_1"",""PermissionSetGroupId"":null,""Profile"":{""attributes"":{""type"":""Profile"",""url"":""/services/data/v53.0/sobjects/Profile/00ed00000017IobAAE""},""Id"":""00ed00000017IobAAE"",""Name"":""System Administrator""}}}]"
"01pd0000002h24XAAQ","BomgarCreateCaseUtilTest","[{""Parent"":{""Id"":""0PSd0000000qjenGAA"",""Type"":""Profile"",""Label"":""00ed00000019invAAA"",""PermissionSetGroupId"":null,""Profile"":{""attributes"":{""type"":""Profile"",""url"":""/services/data/v53.0/sobjects/Profile/00ed00000019invAAA""},""Id"":""00ed00000019invAAA"",""Name"":""ASU Read Only""}}},{""Parent"":{""Id"":""0PSd0000000qzl5GAA"",""Type"":""Profile"",""Label"":""00ed00000019yKBAAY"",""PermissionSetGroupId"":null,""Profile"":{""attributes"":{""type"":""Profile"",""url"":""/services/data/v53.0/sobjects/Profile/00ed00000019yKBAAY""},""Id"":""00ed00000019yKBAAY"",""Name"":""ASU View All Data""}}},{""Parent"":{""Id"":""0PSd0000000TwGUGA0"",""Type"":""Profile"",""Label"":""00ed0000001EPuyAAG"",""PermissionSetGroupId"":null,""Profile"":{""attributes"":{""type"":""Profile"",""url"":""/services/data/v53.0/sobjects/Profile/00ed0000001EPuyAAG""},""Id"":""00ed0000001EPuyAAG"",""Name"":""Bomgar Profile""}}},{""Parent"":{""Id"":""0PSd0000000oWPgGAM"",""Type"":""Profile"",""Label"":""00ex00000018ozT_128_09_43_34_1"",""PermissionSetGroupId"":null,""Profile"":{""attributes"":{""type"":""Profile"",""url"":""/services/data/v53.0/sobjects/Profile/00ed00000017IobAAE""},""Id"":""00ed00000017IobAAE"",""Name"":""System Administrator""}}}]"
"01pd0000002h24YAAQ","BomgarSurveyUpdateTriggerTest","[{""Parent"":{""Id"":""0PSd0000000qjenGAA"",""Type"":""Profile"",""Label"":""00ed00000019invAAA"",""PermissionSetGroupId"":null,""Profile"":{""attributes"":{""type"":""Profile"",""url"":""/services/data/v53.0/sobjects/Profile/00ed00000019invAAA""},""Id"":""00ed00000019invAAA"",""Name"":""ASU Read Only""}}},{""Parent"":{""Id"":""0PSd0000000qzl5GAA"",""Type"":""Profile"",""Label"":""00ed00000019yKBAAY"",""PermissionSetGroupId"":null,""Profile"":{""attributes"":{""type"":""Profile"",""url"":""/services/data/v53.0/sobjects/Profile/00ed00000019yKBAAY""},""Id"":""00ed00000019yKBAAY"",""Name"":""ASU View All Data""}}},{""Parent"":{""Id"":""0PSd0000000TwGUGA0"",""Type"":""Profile"",""Label"":""00ed0000001EPuyAAG"",""PermissionSetGroupId"":null,""Profile"":{""attributes"":{""type"":""Profile"",""url"":""/services/data/v53.0/sobjects/Profile/00ed0000001EPuyAAG""},""Id"":""00ed0000001EPuyAAG"",""Name"":""Bomgar Profile""}}},{""Parent"":{""Id"":""0PSd0000000oWPgGAM"",""Type"":""Profile"",""Label"":""00ex00000018ozT_128_09_43_34_1"",""PermissionSetGroupId"":null,""Profile"":{""attributes"":{""type"":""Profile"",""url"":""/services/data/v53.0/sobjects/Profile/00ed00000017IobAAE""},""Id"":""00ed00000017IobAAE"",""Name"":""System Administrator""}}}]"
"01p0W000004AYUoQAO","BulkApiManager","[{""Parent"":{""Id"":""0PSd0000000oWPgGAM"",""Type"":""Profile"",""Label"":""00ex00000018ozT_128_09_43_34_1"",""PermissionSetGroupId"":null,""Profile"":{""attributes"":{""type"":""Profile"",""url"":""/services/data/v53.0/sobjects/Profile/00ed00000017IobAAE""},""Id"":""00ed00000017IobAAE"",""Name"":""System Administrator""}}}]"
"01p6T000003THDuQAO","BulkApiManagerTest","[{""Parent"":{""Id"":""0PSd0000000oWPgGAM"",""Type"":""Profile"",""Label"":""00ex00000018ozT_128_09_43_34_1"",""PermissionSetGroupId"":null,""Profile"":{""attributes"":{""type"":""Profile"",""url"":""/services/data/v53.0/sobjects/Profile/00ed00000017IobAAE""},""Id"":""00ed00000017IobAAE"",""Name"":""System Administrator""}}}]"
"01p0W000003frkmQAA","BulkMessageComponentController","[{""Parent"":{""Id"":""0PSd0000000oWPgGAM"",""Type"":""Profile"",""Label"":""00ex00000018ozT_128_09_43_34_1"",""PermissionSetGroupId"":null,""Profile"":{""attributes"":{""type"":""Profile"",""url"":""/services/data/v53.0/sobjects/Profile/00ed00000017IobAAE""},""Id"":""00ed00000017IobAAE"",""Name"":""System Administrator""}}},{""Parent"":{""Id"":""0PS0W000001sbm1WAA"",""Type"":""Regular"",""Label"":""SMS Magic Academic Advising"",""PermissionSetGroupId"":null,""Profile"":null}},{""Parent"":{""Id"":""0PS0W000001GhJsWAK"",""Type"":""Regular"",""Label"":""SMS Magic First Year Success Coach"",""PermissionSetGroupId"":null,""Profile"":null}},{""Parent"":{""Id"":""0PS6T000001k9thWAA"",""Type"":""Group"",""Label"":""SMS Magic Users - Academic Advisors Manager"",""PermissionSetGroupId"":""0PG6T000000GmepWAC"",""Profile"":null}},{""Parent"":{""Id"":""0PS6T000001k9tiWAA"",""Type"":""Group"",""Label"":""SMS Magic Users - Academic Advisors Staff"",""PermissionSetGroupId"":""0PG6T000000GmeqWAC"",""Profile"":null}},{""Parent"":{""Id"":""0PS6T000001k9tjWAA"",""Type"":""Group"",""Label"":""SMS Magic Users - FYS"",""PermissionSetGroupId"":""0PG6T000000GmerWAC"",""Profile"":null}}]"
"01p0W000003frknQAA","BulkMessageComponentControllerTest","[{""Parent"":{""Id"":""0PSd0000000oWPgGAM"",""Type"":""Profile"",""Label"":""00ex00000018ozT_128_09_43_34_1"",""PermissionSetGroupId"":null,""Profile"":{""attributes"":{""type"":""Profile"",""url"":""/services/data/v53.0/sobjects/Profile/00ed00000017IobAAE""},""Id"":""00ed00000017IobAAE"",""Name"":""System Administrator""}}},{""Parent"":{""Id"":""0PS0W000001sbm1WAA"",""Type"":""Regular"",""Label"":""SMS Magic Academic Advising"",""PermissionSetGroupId"":null,""Profile"":null}},{""Parent"":{""Id"":""0PS0W000001GhJsWAK"",""Type"":""Regular"",""Label"":""SMS Magic First Year Success Coach"",""PermissionSetGroupId"":null,""Profile"":null}},{""Parent"":{""Id"":""0PS6T000001k9thWAA"",""Type"":""Group"",""Label"":""SMS Magic Users - Academic Advisors Manager"",""PermissionSetGroupId"":""0PG6T000000GmepWAC"",""Profile"":null}},{""Parent"":{""Id"":""0PS6T000001k9tiWAA"",""Type"":""Group"",""Label"":""SMS Magic Users - Academic Advisors Staff"",""PermissionSetGroupId"":""0PG6T000000GmeqWAC"",""Profile"":null}},{""Parent"":{""Id"":""0PS6T000001k9tjWAA"",""Type"":""Group"",""Label"":""SMS Magic Users - FYS"",""PermissionSetGroupId"":""0PG6T000000GmerWAC"",""Profile"":null}}]"
"01p0W000003jHdGQAU","BusinessUnitFactory","[{""Parent"":{""Id"":""0PSd0000000oWPgGAM"",""Type"":""Profile"",""Label"":""00ex00000018ozT_128_09_43_34_1"",""PermissionSetGroupId"":null,""Profile"":{""attributes"":{""type"":""Profile"",""url"":""/services/data/v53.0/sobjects/Profile/00ed00000017IobAAE""},""Id"":""00ed00000017IobAAE"",""Name"":""System Administrator""}}}]"
"01p0W000003SNGcQAO","CampaignDispatcher","[{""Parent"":{""Id"":""0PSd0000000oWPgGAM"",""Type"":""Profile"",""Label"":""00ex00000018ozT_128_09_43_34_1"",""PermissionSetGroupId"":null,""Profile"":{""attributes"":{""type"":""Profile"",""url"":""/services/data/v53.0/sobjects/Profile/00ed00000017IobAAE""},""Id"":""00ed00000017IobAAE"",""Name"":""System Administrator""}}}]"
"01p0W000003SNGdQAO","CampaignHashUpdateBatch","[{""Parent"":{""Id"":""0PSd0000000oWPgGAM"",""Type"":""Profile"",""Label"":""00ex00000018ozT_128_09_43_34_1"",""PermissionSetGroupId"":null,""Profile"":{""attributes"":{""type"":""Profile"",""url"":""/services/data/v53.0/sobjects/Profile/00ed00000017IobAAE""},""Id"":""00ed00000017IobAAE"",""Name"":""System Administrator""}}}]"
"01p6T000003TGdmQAG","CampaignMemberDispatcher","[{""Parent"":{""Id"":""0PSd0000000oWPgGAM"",""Type"":""Profile"",""Label"":""00ex00000018ozT_128_09_43_34_1"",""PermissionSetGroupId"":null,""Profile"":{""attributes"":{""type"":""Profile"",""url"":""/services/data/v53.0/sobjects/Profile/00ed00000017IobAAE""},""Id"":""00ed00000017IobAAE"",""Name"":""System Administrator""}}}]"
"01p0W000003jLPJQA2","CampaignMemberFactory","[{""Parent"":{""Id"":""0PSd0000000oWPgGAM"",""Type"":""Profile"",""Label"":""00ex00000018ozT_128_09_43_34_1"",""PermissionSetGroupId"":null,""Profile"":{""attributes"":{""type"":""Profile"",""url"":""/services/data/v53.0/sobjects/Profile/00ed00000017IobAAE""},""Id"":""00ed00000017IobAAE"",""Name"":""System Administrator""}}}]"
"01pd0000002uwdMAAQ","CampaignMemberManagementController","[{""Parent"":{""Id"":""0PS0W000001bgzVWAQ"",""Type"":""Profile"",""Label"":""00e0W000001yXmFQAU"",""PermissionSetGroupId"":null,""Profile"":{""attributes"":{""type"":""Profile"",""url"":""/services/data/v53.0/sobjects/Profile/00e0W000001yXmFQAU""},""Id"":""00e0W000001yXmFQAU"",""Name"":""ASU Recruitment - Team (ESISD)""}}},{""Parent"":{""Id"":""0PSd0000000H4XoGAK"",""Type"":""Profile"",""Label"":""00ed0000000jbylAAA"",""PermissionSetGroupId"":null,""Profile"":{""attributes"":{""type"":""Profile"",""url"":""/services/data/v53.0/sobjects/Profile/00ed0000000jbylAAA""},""Id"":""00ed0000000jbylAAA"",""Name"":""ASU Recruitment - Graduate Recruiter""}}},{""Parent"":{""Id"":""0PSd0000000qjenGAA"",""Type"":""Profile"",""Label"":""00ed00000019invAAA"",""PermissionSetGroupId"":null,""Profile"":{""attributes"":{""type"":""Profile"",""url"":""/services/data/v53.0/sobjects/Profile/00ed00000019invAAA""},""Id"":""00ed00000019invAAA"",""Name"":""ASU Read Only""}}},{""Parent"":{""Id"":""0PSd0000000qUhbGAE"",""Type"":""Profile"",""Label"":""00ed00000019TqNAAU"",""PermissionSetGroupId"":null,""Profile"":{""attributes"":{""type"":""Profile"",""url"":""/services/data/v53.0/sobjects/Profile/00ed00000019TqNAAU""},""Id"":""00ed00000019TqNAAU"",""Name"":""ASU Marketing User""}}},{""Parent"":{""Id"":""0PSd0000000qzl5GAA"",""Type"":""Profile"",""Label"":""00ed00000019yKBAAY"",""PermissionSetGroupId"":null,""Profile"":{""attributes"":{""type"":""Profile"",""url"":""/services/data/v53.0/sobjects/Profile/00ed00000019yKBAAY""},""Id"":""00ed00000019yKBAAY"",""Name"":""ASU View All Data""}}},{""Parent"":{""Id"":""0PSd0000000r3syGAA"",""Type"":""Profile"",""Label"":""00ed0000001A1s3AAC"",""PermissionSetGroupId"":null,""Profile"":{""attributes"":{""type"":""Profile"",""url"":""/services/data/v53.0/sobjects/Profile/00ed0000001A1s3AAC""},""Id"":""00ed0000001A1s3AAC"",""Name"":""ASU Recruitment - Applicant Services""}}},{""Parent"":{""Id"":""0PSd0000000r3t3GAA"",""Type"":""Profile"",""Label"":""00ed0000001A1s8AAC"",""PermissionSetGroupId"":null,""Profile"":{""attributes"":{""type"":""Profile"",""url"":""/services/data/v53.0/sobjects/Profile/00ed0000001A1s8AAC""},""Id"":""00ed0000001A1s8AAC"",""Name"":""ASU Recruitment - Business Operations""}}},{""Parent"":{""Id"":""0PSd0000000r3t8GAA"",""Type"":""Profile"",""Label"":""00ed0000001A1sDAAS"",""PermissionSetGroupId"":null,""Profile"":{""attributes"":{""type"":""Profile"",""url"":""/services/data/v53.0/sobjects/Profile/00ed0000001A1sDAAS""},""Id"":""00ed0000001A1sDAAS"",""Name"":""ASU Recruitment - Freshman Recruiter""}}},{""Parent"":{""Id"":""0PSd0000000r3tcGAA"",""Type"":""Profile"",""Label"":""00ed0000001A1shAAC"",""PermissionSetGroupId"":null,""Profile"":{""attributes"":{""type"":""Profile"",""url"":""/services/data/v53.0/sobjects/Profile/00ed0000001A1shAAC""},""Id"":""00ed0000001A1shAAC"",""Name"":""ASU Recruitment - Admission Services""}}},{""Parent"":{""Id"":""0PSd0000000r3tDGAQ"",""Type"":""Profile"",""Label"":""00ed0000001A1sIAAS"",""PermissionSetGroupId"":null,""Profile"":{""attributes"":{""type"":""Profile"",""url"":""/services/data/v53.0/sobjects/Profile/00ed0000001A1sIAAS""},""Id"":""00ed0000001A1sIAAS"",""Name"":""ASU Recruitment - Transfer Recruiter""}}},{""Parent"":{""Id"":""0PSd0000000r3tIGAQ"",""Type"":""Profile"",""Label"":""00ed0000001A1sNAAS"",""PermissionSetGroupId"":null,""Profile"":{""attributes"":{""type"":""Profile"",""url"":""/services/data/v53.0/sobjects/Profile/00ed0000001A1sNAAS""},""Id"":""00ed0000001A1sNAAS"",""Name"":""ASU Recruitment - International Recruiter""}}},{""Parent"":{""Id"":""0PSd0000000r3tNGAQ"",""Type"":""Profile"",""Label"":""00ed0000001A1sSAAS"",""PermissionSetGroupId"":null,""Profile"":{""attributes"":{""type"":""Profile"",""url"":""/services/data/v53.0/sobjects/Profile/00ed0000001A1sSAAS""},""Id"":""00ed0000001A1sSAAS"",""Name"":""ASU Recruitment - Events""}}},{""Parent"":{""Id"":""0PSd0000000r3tSGAQ"",""Type"":""Profile"",""Label"":""00ed0000001A1sXAAS"",""PermissionSetGroupId"":null,""Profile"":{""attributes"":{""type"":""Profile"",""url"":""/services/data/v53.0/sobjects/Profile/00ed0000001A1sXAAS""},""Id"":""00ed0000001A1sXAAS"",""Name"":""ASU Recruitment - Havasu""}}},{""Parent"":{""Id"":""0PSd0000000r453GAA"",""Type"":""Profile"",""Label"":""00ed0000001A204AAC"",""PermissionSetGroupId"":null,""Profile"":{""attributes"":{""type"":""Profile"",""url"":""/services/data/v53.0/sobjects/Profile/00ed0000001A204AAC""},""Id"":""00ed0000001A204AAC"",""Name"":""ASU Recruitment - Leads (ESISD)""}}},{""Parent"":{""Id"":""0PSd0000001o7EsGAI"",""Type"":""Profile"",""Label"":""00ed0000002FFRcAAO"",""PermissionSetGroupId"":null,""Profile"":{""attributes"":{""type"":""Profile"",""url"":""/services/data/v53.0/sobjects/Profile/00ed0000002FFRcAAO""},""Id"":""00ed0000002FFRcAAO"",""Name"":""ASU Recruitment - Freshman Recruiter (Temp Access to Org Wide)""}}},{""Parent"":{""Id"":""0PSd0000001jygbGAA"",""Type"":""Profile"",""Label"":""00ed0000002Nf7AAAS"",""PermissionSetGroupId"":null,""Profile"":{""attributes"":{""type"":""Profile"",""url"":""/services/data/v53.0/sobjects/Profile/00ed0000002Nf7AAAS""},""Id"":""00ed0000002Nf7AAAS"",""Name"":""ASU Recruitment - Business Intelligence""}}},{""Parent"":{""Id"":""0PSd0000000oWPgGAM"",""Type"":""Profile"",""Label"":""00ex00000018ozT_128_09_43_34_1"",""PermissionSetGroupId"":null,""Profile"":{""attributes"":{""type"":""Profile"",""url"":""/services/data/v53.0/sobjects/Profile/00ed00000017IobAAE""},""Id"":""00ed00000017IobAAE"",""Name"":""System Administrator""}}},{""Parent"":{""Id"":""0PSd0000000r6mNGAQ"",""Type"":""Regular"",""Label"":""Role: Recruiting (Service Users)"",""PermissionSetGroupId"":null,""Profile"":null}}]"
"01p6T000003ww6MQAQ","CampaignMemberManagementControllerTest","[{""Parent"":{""Id"":""0PSd0000000oWPgGAM"",""Type"":""Profile"",""Label"":""00ex00000018ozT_128_09_43_34_1"",""PermissionSetGroupId"":null,""Profile"":{""attributes"":{""type"":""Profile"",""url"":""/services/data/v53.0/sobjects/Profile/00ed00000017IobAAE""},""Id"":""00ed00000017IobAAE"",""Name"":""System Administrator""}}}]"
"01pd0000003mzGdAAI","CampaignMemberService","[{""Parent"":{""Id"":""0PSd0000000oWPgGAM"",""Type"":""Profile"",""Label"":""00ex00000018ozT_128_09_43_34_1"",""PermissionSetGroupId"":null,""Profile"":{""attributes"":{""type"":""Profile"",""url"":""/services/data/v53.0/sobjects/Profile/00ed00000017IobAAE""},""Id"":""00ed00000017IobAAE"",""Name"":""System Administrator""}}}]"
"01p6T000003TGdnQAG","CampaignMemberTriggerTest","[{""Parent"":{""Id"":""0PSd0000000oWPgGAM"",""Type"":""Profile"",""Label"":""00ex00000018ozT_128_09_43_34_1"",""PermissionSetGroupId"":null,""Profile"":{""attributes"":{""type"":""Profile"",""url"":""/services/data/v53.0/sobjects/Profile/00ed00000017IobAAE""},""Id"":""00ed00000017IobAAE"",""Name"":""System Administrator""}}}]"
"01pd0000003mzGeAAI","CampaignService","[{""Parent"":{""Id"":""0PSd0000000oWPgGAM"",""Type"":""Profile"",""Label"":""00ex00000018ozT_128_09_43_34_1"",""PermissionSetGroupId"":null,""Profile"":{""attributes"":{""type"":""Profile"",""url"":""/services/data/v53.0/sobjects/Profile/00ed00000017IobAAE""},""Id"":""00ed00000017IobAAE"",""Name"":""System Administrator""}}}]"
"01p6T000003THHDQA4","CampaignTriggerTest","[{""Parent"":{""Id"":""0PSd0000000oWPgGAM"",""Type"":""Profile"",""Label"":""00ex00000018ozT_128_09_43_34_1"",""PermissionSetGroupId"":null,""Profile"":{""attributes"":{""type"":""Profile"",""url"":""/services/data/v53.0/sobjects/Profile/00ed00000017IobAAE""},""Id"":""00ed00000017IobAAE"",""Name"":""System Administrator""}}}]"
"01p0W000004AYUpQAO","CarScrambler","[{""Parent"":{""Id"":""0PSd0000000oWPgGAM"",""Type"":""Profile"",""Label"":""00ex00000018ozT_128_09_43_34_1"",""PermissionSetGroupId"":null,""Profile"":{""attributes"":{""type"":""Profile"",""url"":""/services/data/v53.0/sobjects/Profile/00ed00000017IobAAE""},""Id"":""00ed00000017IobAAE"",""Name"":""System Administrator""}}}]"
"01p6T000003TH2wQAG","CarScramblerTest","[{""Parent"":{""Id"":""0PSd0000000oWPgGAM"",""Type"":""Profile"",""Label"":""00ex00000018ozT_128_09_43_34_1"",""PermissionSetGroupId"":null,""Profile"":{""attributes"":{""type"":""Profile"",""url"":""/services/data/v53.0/sobjects/Profile/00ed00000017IobAAE""},""Id"":""00ed00000017IobAAE"",""Name"":""System Administrator""}}}]"
"01pd0000002zxzTAAQ","CARService","[{""Parent"":{""Id"":""0PSd0000000oWPgGAM"",""Type"":""Profile"",""Label"":""00ex00000018ozT_128_09_43_34_1"",""PermissionSetGroupId"":null,""Profile"":{""attributes"":{""type"":""Profile"",""url"":""/services/data/v53.0/sobjects/Profile/00ed00000017IobAAE""},""Id"":""00ed00000017IobAAE"",""Name"":""System Administrator""}}}]"
"01p0W000003jKK2QAM","CaseAssignmentRuleAccessor","[{""Parent"":{""Id"":""0PSd0000000oWPgGAM"",""Type"":""Profile"",""Label"":""00ex00000018ozT_128_09_43_34_1"",""PermissionSetGroupId"":null,""Profile"":{""attributes"":{""type"":""Profile"",""url"":""/services/data/v53.0/sobjects/Profile/00ed00000017IobAAE""},""Id"":""00ed00000017IobAAE"",""Name"":""System Administrator""}}}]"
"01p0W000003jKK3QAM","CaseAssignmentRuleAccessorTest","[{""Parent"":{""Id"":""0PSd0000000oWPgGAM"",""Type"":""Profile"",""Label"":""00ex00000018ozT_128_09_43_34_1"",""PermissionSetGroupId"":null,""Profile"":{""attributes"":{""type"":""Profile"",""url"":""/services/data/v53.0/sobjects/Profile/00ed00000017IobAAE""},""Id"":""00ed00000017IobAAE"",""Name"":""System Administrator""}}}]"
"01p0W000003jJ9IQAU","CaseClassificationFactory","[{""Parent"":{""Id"":""0PSd0000000oWPgGAM"",""Type"":""Profile"",""Label"":""00ex00000018ozT_128_09_43_34_1"",""PermissionSetGroupId"":null,""Profile"":{""attributes"":{""type"":""Profile"",""url"":""/services/data/v53.0/sobjects/Profile/00ed00000017IobAAE""},""Id"":""00ed00000017IobAAE"",""Name"":""System Administrator""}}}]"
"01p0W000003fmKYQAY","CaseClassificationPicklistService","[{""Parent"":{""Id"":""0PSd0000000oWPgGAM"",""Type"":""Profile"",""Label"":""00ex00000018ozT_128_09_43_34_1"",""PermissionSetGroupId"":null,""Profile"":{""attributes"":{""type"":""Profile"",""url"":""/services/data/v53.0/sobjects/Profile/00ed00000017IobAAE""},""Id"":""00ed00000017IobAAE"",""Name"":""System Administrator""}}}]"
"01p0W000003fmKZQAY","CaseClassificationPicklistTest","[{""Parent"":{""Id"":""0PSd0000000oWPgGAM"",""Type"":""Profile"",""Label"":""00ex00000018ozT_128_09_43_34_1"",""PermissionSetGroupId"":null,""Profile"":{""attributes"":{""type"":""Profile"",""url"":""/services/data/v53.0/sobjects/Profile/00ed00000017IobAAE""},""Id"":""00ed00000017IobAAE"",""Name"":""System Administrator""}}}]"
"01p0W000003SKTdQAO","CaseClassifier","[{""Parent"":{""Id"":""0PSd0000000oWPgGAM"",""Type"":""Profile"",""Label"":""00ex00000018ozT_128_09_43_34_1"",""PermissionSetGroupId"":null,""Profile"":{""attributes"":{""type"":""Profile"",""url"":""/services/data/v53.0/sobjects/Profile/00ed00000017IobAAE""},""Id"":""00ed00000017IobAAE"",""Name"":""System Administrator""}}}]"
"01p0W000003fof5QAA","CaseCreationFormController","[{""Parent"":{""Id"":""0PSd0000001sKNNGA2"",""Type"":""Profile"",""Label"":""00ed0000002JS0DAAW"",""PermissionSetGroupId"":null,""Profile"":{""attributes"":{""type"":""Profile"",""url"":""/services/data/v53.0/sobjects/Profile/00ed0000002JS0DAAW""},""Id"":""00ed0000002JS0DAAW"",""Name"":""ASU Service - Success Coach""}}},{""Parent"":{""Id"":""0PSd0000000oWPgGAM"",""Type"":""Profile"",""Label"":""00ex00000018ozT_128_09_43_34_1"",""PermissionSetGroupId"":null,""Profile"":{""attributes"":{""type"":""Profile"",""url"":""/services/data/v53.0/sobjects/Profile/00ed00000017IobAAE""},""Id"":""00ed00000017IobAAE"",""Name"":""System Administrator""}}},{""Parent"":{""Id"":""0PSd0000001sKhEGAU"",""Type"":""Regular"",""Label"":""Role: Academic Advisor Portal (Service Users)"",""PermissionSetGroupId"":null,""Profile"":null}},{""Parent"":{""Id"":""0PS6T000001CZGsWAO"",""Type"":""Regular"",""Label"":""Role: EdPlus Coach Portal (Non-Success Coach)"",""PermissionSetGroupId"":null,""Profile"":null}}]"
"01p6T000003ww9fQAA","CaseCreationFormControllerTest","[{""Parent"":{""Id"":""0PSd0000000oWPgGAM"",""Type"":""Profile"",""Label"":""00ex00000018ozT_128_09_43_34_1"",""PermissionSetGroupId"":null,""Profile"":{""attributes"":{""type"":""Profile"",""url"":""/services/data/v53.0/sobjects/Profile/00ed00000017IobAAE""},""Id"":""00ed00000017IobAAE"",""Name"":""System Administrator""}}}]"
"01p0W000003fmjEQAQ","CaseDetailWithClassificationController","[{""Parent"":{""Id"":""0PSd0000000oWPgGAM"",""Type"":""Profile"",""Label"":""00ex00000018ozT_128_09_43_34_1"",""PermissionSetGroupId"":null,""Profile"":{""attributes"":{""type"":""Profile"",""url"":""/services/data/v53.0/sobjects/Profile/00ed00000017IobAAE""},""Id"":""00ed00000017IobAAE"",""Name"":""System Administrator""}}}]"
"01p0W000003fmjFQAQ","CaseDetailWithClassificationTest","[{""Parent"":{""Id"":""0PSd0000000oWPgGAM"",""Type"":""Profile"",""Label"":""00ex00000018ozT_128_09_43_34_1"",""PermissionSetGroupId"":null,""Profile"":{""attributes"":{""type"":""Profile"",""url"":""/services/data/v53.0/sobjects/Profile/00ed00000017IobAAE""},""Id"":""00ed00000017IobAAE"",""Name"":""System Administrator""}}}]"
"01p6T000003wvzkQAA","CaseDetailWithRelatedCasesController","[{""Parent"":{""Id"":""0PSd0000000oWPgGAM"",""Type"":""Profile"",""Label"":""00ex00000018ozT_128_09_43_34_1"",""PermissionSetGroupId"":null,""Profile"":{""attributes"":{""type"":""Profile"",""url"":""/services/data/v53.0/sobjects/Profile/00ed00000017IobAAE""},""Id"":""00ed00000017IobAAE"",""Name"":""System Administrator""}}}]"
"01p0W000003X4ZKQA0","CaseFactory","[{""Parent"":{""Id"":""0PSd0000000oWPgGAM"",""Type"":""Profile"",""Label"":""00ex00000018ozT_128_09_43_34_1"",""PermissionSetGroupId"":null,""Profile"":{""attributes"":{""type"":""Profile"",""url"":""/services/data/v53.0/sobjects/Profile/00ed00000017IobAAE""},""Id"":""00ed00000017IobAAE"",""Name"":""System Administrator""}}}]"
"01pd0000002uwaRAAQ","CaseHandler","[{""Parent"":{""Id"":""0PSd0000000oWPgGAM"",""Type"":""Profile"",""Label"":""00ex00000018ozT_128_09_43_34_1"",""PermissionSetGroupId"":null,""Profile"":{""attributes"":{""type"":""Profile"",""url"":""/services/data/v53.0/sobjects/Profile/00ed00000017IobAAE""},""Id"":""00ed00000017IobAAE"",""Name"":""System Administrator""}}}]"
"01pd0000002dYuuAAE","CaseInboundEmailHandler","[{""Parent"":{""Id"":""0PSd0000000oWPgGAM"",""Type"":""Profile"",""Label"":""00ex00000018ozT_128_09_43_34_1"",""PermissionSetGroupId"":null,""Profile"":{""attributes"":{""type"":""Profile"",""url"":""/services/data/v53.0/sobjects/Profile/00ed00000017IobAAE""},""Id"":""00ed00000017IobAAE"",""Name"":""System Administrator""}}},{""Parent"":{""Id"":""0PSd0000000quKmGAI"",""Type"":""Regular"",""Label"":""Additional Administrator Permissions"",""PermissionSetGroupId"":null,""Profile"":null}}]"
"01p6T000003ww6NQAQ","CaseInboundEmailHandlerTest","[{""Parent"":{""Id"":""0PSd0000000oWPgGAM"",""Type"":""Profile"",""Label"":""00ex00000018ozT_128_09_43_34_1"",""PermissionSetGroupId"":null,""Profile"":{""attributes"":{""type"":""Profile"",""url"":""/services/data/v53.0/sobjects/Profile/00ed00000017IobAAE""},""Id"":""00ed00000017IobAAE"",""Name"":""System Administrator""}}}]"
"01pd0000003vYdtAAE","CaseListTransferController","[{""Parent"":{""Id"":""0PSd0000000oWPgGAM"",""Type"":""Profile"",""Label"":""00ex00000018ozT_128_09_43_34_1"",""PermissionSetGroupId"":null,""Profile"":{""attributes"":{""type"":""Profile"",""url"":""/services/data/v53.0/sobjects/Profile/00ed00000017IobAAE""},""Id"":""00ed00000017IobAAE"",""Name"":""System Administrator""}}}]"
"01p6T000003wwQ3QAI","CaseListTransferControllerTest","[{""Parent"":{""Id"":""0PSd0000000oWPgGAM"",""Type"":""Profile"",""Label"":""00ex00000018ozT_128_09_43_34_1"",""PermissionSetGroupId"":null,""Profile"":{""attributes"":{""type"":""Profile"",""url"":""/services/data/v53.0/sobjects/Profile/00ed00000017IobAAE""},""Id"":""00ed00000017IobAAE"",""Name"":""System Administrator""}}}]"
"01p0W000003jH4DQAU","CaseOperationsForSandBoxRefresh","[{""Parent"":{""Id"":""0PSd0000000oWPgGAM"",""Type"":""Profile"",""Label"":""00ex00000018ozT_128_09_43_34_1"",""PermissionSetGroupId"":null,""Profile"":{""attributes"":{""type"":""Profile"",""url"":""/services/data/v53.0/sobjects/Profile/00ed00000017IobAAE""},""Id"":""00ed00000017IobAAE"",""Name"":""System Administrator""}}}]"
"01p0W000003jH4EQAU","CaseOperationsForSandBoxRefreshTest","[{""Parent"":{""Id"":""0PSd0000000oWPgGAM"",""Type"":""Profile"",""Label"":""00ex00000018ozT_128_09_43_34_1"",""PermissionSetGroupId"":null,""Profile"":{""attributes"":{""type"":""Profile"",""url"":""/services/data/v53.0/sobjects/Profile/00ed00000017IobAAE""},""Id"":""00ed00000017IobAAE"",""Name"":""System Administrator""}}}]"
"01p0W000004AYUqQAO","CaseScrambler","[{""Parent"":{""Id"":""0PSd0000000oWPgGAM"",""Type"":""Profile"",""Label"":""00ex00000018ozT_128_09_43_34_1"",""PermissionSetGroupId"":null,""Profile"":{""attributes"":{""type"":""Profile"",""url"":""/services/data/v53.0/sobjects/Profile/00ed00000017IobAAE""},""Id"":""00ed00000017IobAAE"",""Name"":""System Administrator""}}}]"
"01pd0000002veDxAAI","CaseService","[{""Parent"":{""Id"":""0PSd0000000oWPgGAM"",""Type"":""Profile"",""Label"":""00ex00000018ozT_128_09_43_34_1"",""PermissionSetGroupId"":null,""Profile"":{""attributes"":{""type"":""Profile"",""url"":""/services/data/v53.0/sobjects/Profile/00ed00000017IobAAE""},""Id"":""00ed00000017IobAAE"",""Name"":""System Administrator""}}}]"
"01pd0000002dYuwAAE","CaseShowAllAttachmentsControllerExt","[{""Parent"":{""Id"":""0PS0W000001CNqIWAW"",""Type"":""Profile"",""Label"":""00e0W000001hh6oQAA"",""PermissionSetGroupId"":null,""Profile"":{""attributes"":{""type"":""Profile"",""url"":""/services/data/v53.0/sobjects/Profile/00e0W000001hh6oQAA""},""Id"":""00e0W000001hh6oQAA"",""Name"":""ASU Service - MasterCard Program""}}},{""Parent"":{""Id"":""0PS0W000001CNy2WAG"",""Type"":""Profile"",""Label"":""00e0W000001hhAbQAI"",""PermissionSetGroupId"":null,""Profile"":{""attributes"":{""type"":""Profile"",""url"":""/services/data/v53.0/sobjects/Profile/00e0W000001hhAbQAI""},""Id"":""00e0W000001hhAbQAI"",""Name"":""ASU Service - Public Service Academy""}}},{""Parent"":{""Id"":""0PS0W000001COffWAG"",""Type"":""Profile"",""Label"":""00e0W000001hhfyQAA"",""PermissionSetGroupId"":null,""Profile"":{""attributes"":{""type"":""Profile"",""url"":""/services/data/v53.0/sobjects/Profile/00e0W000001hhfyQAA""},""Id"":""00e0W000001hhfyQAA"",""Name"":""ASU Service - Biosafety""}}},{""Parent"":{""Id"":""0PS0W000001CO7YWAW"",""Type"":""Profile"",""Label"":""00e0W000001hhI6QAI"",""PermissionSetGroupId"":null,""Profile"":{""attributes"":{""type"":""Profile"",""url"":""/services/data/v53.0/sobjects/Profile/00e0W000001hhI6QAI""},""Id"":""00e0W000001hhI6QAI"",""Name"":""ASU Service - New College Deans Office""}}},{""Parent"":{""Id"":""0PS0W000001CO8CWAW"",""Type"":""Profile"",""Label"":""00e0W000001hhIfQAI"",""PermissionSetGroupId"":null,""Profile"":{""attributes"":{""type"":""Profile"",""url"":""/services/data/v53.0/sobjects/Profile/00e0W000001hhIfQAI""},""Id"":""00e0W000001hhIfQAI"",""Name"":""ASU Service - Engineering - K12 Engineering Education""}}},{""Parent"":{""Id"":""0PS0W000001GgWMWA0"",""Type"":""Profile"",""Label"":""00e0W000001lvaCQAQ"",""PermissionSetGroupId"":null,""Profile"":{""attributes"":{""type"":""Profile"",""url"":""/services/data/v53.0/sobjects/Profile/00e0W000001lvaCQAQ""},""Id"":""00e0W000001lvaCQAQ"",""Name"":""ASU Service - University Events & Protocol""}}},{""Parent"":{""Id"":""0PS0W000001Gga4WAC"",""Type"":""Profile"",""Label"":""00e0W000001lvb5QAA"",""PermissionSetGroupId"":null,""Profile"":{""attributes"":{""type"":""Profile"",""url"":""/services/data/v53.0/sobjects/Profile/00e0W000001lvb5QAA""},""Id"":""00e0W000001lvb5QAA"",""Name"":""ASU Service - Psychology Research Advancement""}}},{""Parent"":{""Id"":""0PS0W000001GgbCWAS"",""Type"":""Profile"",""Label"":""00e0W000001lvbKQAQ"",""PermissionSetGroupId"":null,""Profile"":{""attributes"":{""type"":""Profile"",""url"":""/services/data/v53.0/sobjects/Profile/00e0W000001lvbKQAQ""},""Id"":""00e0W000001lvbKQAQ"",""Name"":""ASU Service - ASU Local""}}},{""Parent"":{""Id"":""0PS0W000001GgfJWAS"",""Type"":""Profile"",""Label"":""00e0W000001lvcIQAQ"",""PermissionSetGroupId"":null,""Profile"":{""attributes"":{""type"":""Profile"",""url"":""/services/data/v53.0/sobjects/Profile/00e0W000001lvcIQAQ""},""Id"":""00e0W000001lvcIQAQ"",""Name"":""ASU Service - The College - Interplanetary Initiatives""}}},{""Parent"":{""Id"":""0PS0W000001GgzxWAC"",""Type"":""Profile"",""Label"":""00e0W000001lvdaQAA"",""PermissionSetGroupId"":null,""Profile"":{""attributes"":{""type"":""Profile"",""url"":""/services/data/v53.0/sobjects/Profile/00e0W000001lvdaQAA""},""Id"":""00e0W000001lvdaQAA"",""Name"":""ASU Service - Watts Bridging Success""}}},{""Parent"":{""Id"":""0PS0W000001GftOWAS"",""Type"":""Profile"",""Label"":""00e0W000001lvOQQAY"",""PermissionSetGroupId"":null,""Profile"":{""attributes"":{""type"":""Profile"",""url"":""/services/data/v53.0/sobjects/Profile/00e0W000001lvOQQAY""},""Id"":""00e0W000001lvOQQAY"",""Name"":""ASU Service - ASU Family Programs""}}},{""Parent"":{""Id"":""0PS0W000001Gg0eWAC"",""Type"":""Profile"",""Label"":""00e0W000001lvQvQAI"",""PermissionSetGroupId"":null,""Profile"":{""attributes"":{""type"":""Profile"",""url"":""/services/data/v53.0/sobjects/Profile/00e0W000001lvQvQAI""},""Id"":""00e0W000001lvQvQAI"",""Name"":""ASU Service - TC SOLS Academic Integrity""}}},{""Parent"":{""Id"":""0PS0W000001GiExWAK"",""Type"":""Profile"",""Label"":""00e0W000001lvubQAA"",""PermissionSetGroupId"":null,""Profile"":{""attributes"":{""type"":""Profile"",""url"":""/services/data/v53.0/sobjects/Profile/00e0W000001lvubQAA""},""Id"":""00e0W000001lvubQAA"",""Name"":""ASU Service - DNASU Plasmid Repository""}}},{""Parent"":{""Id"":""0PS0W000001P1NAWA0"",""Type"":""Profile"",""Label"":""00e0W0000022hBdQAI"",""PermissionSetGroupId"":null,""Profile"":{""attributes"":{""type"":""Profile"",""url"":""/services/data/v53.0/sobjects/Profile/00e0W0000022hBdQAI""},""Id"":""00e0W0000022hBdQAI"",""Name"":""ASU Service - Success Courses""}}},{""Parent"":{""Id"":""0PS0W000001fphCWAQ"",""Type"":""Profile"",""Label"":""00e0W0000026u4qQAA"",""PermissionSetGroupId"":null,""Profile"":{""attributes"":{""type"":""Profile"",""url"":""/services/data/v53.0/sobjects/Profile/00e0W0000026u4qQAA""},""Id"":""00e0W0000026u4qQAA"",""Name"":""ASU Service - Opportunities for Youth""}}},{""Parent"":{""Id"":""0PS0W000001KoULWA0"",""Type"":""Profile"",""Label"":""00e0W000002B4xjQAC"",""PermissionSetGroupId"":null,""Profile"":{""attributes"":{""type"":""Profile"",""url"":""/services/data/v53.0/sobjects/Profile/00e0W000002B4xjQAC""},""Id"":""00e0W000002B4xjQAC"",""Name"":""ASU Service - ATCS and Study Abroad""}}},{""Parent"":{""Id"":""0PS0W000001KpSQWA0"",""Type"":""Profile"",""Label"":""00e0W000002B5TBQA0"",""PermissionSetGroupId"":null,""Profile"":{""attributes"":{""type"":""Profile"",""url"":""/services/data/v53.0/sobjects/Profile/00e0W000002B5TBQA0""},""Id"":""00e0W000002B5TBQA0"",""Name"":""ASU Service - TC - SCETL""}}},{""Parent"":{""Id"":""0PS0W000001sbaPWAQ"",""Type"":""Profile"",""Label"":""00e0W000002JZOFQA4"",""PermissionSetGroupId"":null,""Profile"":{""attributes"":{""type"":""Profile"",""url"":""/services/data/v53.0/sobjects/Profile/00e0W000002JZOFQA4""},""Id"":""00e0W000002JZOFQA4"",""Name"":""ASU Service - Explore""}}},{""Parent"":{""Id"":""0PS0W000001sbktWAA"",""Type"":""Profile"",""Label"":""00e0W000002JZROQA4"",""PermissionSetGroupId"":null,""Profile"":{""attributes"":{""type"":""Profile"",""url"":""/services/data/v53.0/sobjects/Profile/00e0W000002JZROQA4""},""Id"":""00e0W000002JZROQA4"",""Name"":""ASU Service - College of Global Futures""}}},{""Parent"":{""Id"":""0PS0W000001jz1PWAQ"",""Type"":""Profile"",""Label"":""00e0W000002NfGqQAK"",""PermissionSetGroupId"":null,""Profile"":{""attributes"":{""type"":""Profile"",""url"":""/services/data/v53.0/sobjects/Profile/00e0W000002NfGqQAK""},""Id"":""00e0W000002NfGqQAK"",""Name"":""ASU Service - Enrollment Analysis""}}},{""Parent"":{""Id"":""0PS0W000001k9UOWAY"",""Type"":""Profile"",""Label"":""00e0W000002NjQ0QAK"",""PermissionSetGroupId"":null,""Profile"":{""attributes"":{""type"":""Profile"",""url"":""/services/data/v53.0/sobjects/Profile/00e0W000002NjQ0QAK""},""Id"":""00e0W000002NjQ0QAK"",""Name"":""ASU Service - International Students and Scholars Center SMS""}}},{""Parent"":{""Id"":""0PS6T000001CZe3WAG"",""Type"":""Profile"",""Label"":""00e6T000001hlA1QAI"",""PermissionSetGroupId"":null,""Profile"":{""attributes"":{""type"":""Profile"",""url"":""/services/data/v53.0/sobjects/Profile/00e6T000001hlA1QAI""},""Id"":""00e6T000001hlA1QAI"",""Name"":""ASU Service - Engineering - Poly HR""}}},{""Parent"":{""Id"":""0PS6T000001k9crWAA"",""Type"":""Profile"",""Label"":""00e6T000002NjQeQAK"",""PermissionSetGroupId"":null,""Profile"":{""attributes"":{""type"":""Profile"",""url"":""/services/data/v53.0/sobjects/Profile/00e6T000002NjQeQAK""},""Id"":""00e6T000002NjQeQAK"",""Name"":""ASU Service - Information Technology Support Hub""}}},{""Parent"":{""Id"":""0PS6T000001kAE8WAM"",""Type"":""Profile"",""Label"":""00e6T000002NjSuQAK"",""PermissionSetGroupId"":null,""Profile"":{""attributes"":{""type"":""Profile"",""url"":""/services/data/v53.0/sobjects/Profile/00e6T000002NjSuQAK""},""Id"":""00e6T000002NjSuQAK"",""Name"":""ASU Service - SMS API""}}},{""Parent"":{""Id"":""0PSd0000000H441GAC"",""Type"":""Profile"",""Label"":""00ed0000000jbjMAAQ"",""PermissionSetGroupId"":null,""Profile"":{""attributes"":{""type"":""Profile"",""url"":""/services/data/v53.0/sobjects/Profile/00ed0000000jbjMAAQ""},""Id"":""00ed0000000jbjMAAQ"",""Name"":""ASU Service - Design and the Arts""}}},{""Parent"":{""Id"":""0PSd0000000H4AQGA0"",""Type"":""Profile"",""Label"":""00ed0000000jbo2AAA"",""PermissionSetGroupId"":null,""Profile"":{""attributes"":{""type"":""Profile"",""url"":""/services/data/v53.0/sobjects/Profile/00ed0000000jbo2AAA""},""Id"":""00ed0000000jbo2AAA"",""Name"":""ASU Service - International Initiatives Graduate Education""}}},{""Parent"":{""Id"":""0PSd0000000H4BxGAK"",""Type"":""Profile"",""Label"":""00ed0000000jboMAAQ"",""PermissionSetGroupId"":null,""Profile"":{""attributes"":{""type"":""Profile"",""url"":""/services/data/v53.0/sobjects/Profile/00ed0000000jboMAAQ""},""Id"":""00ed0000000jboMAAQ"",""Name"":""ASU Service - W. P. Carey Business""}}},{""Parent"":{""Id"":""0PSd0000000H4C2GAK"",""Type"":""Profile"",""Label"":""00ed0000000jboRAAQ"",""PermissionSetGroupId"":null,""Profile"":{""attributes"":{""type"":""Profile"",""url"":""/services/data/v53.0/sobjects/Profile/00ed0000000jboRAAQ""},""Id"":""00ed0000000jboRAAQ"",""Name"":""ASU Service - Parking and Transit Services""}}},{""Parent"":{""Id"":""0PSd0000000H4C7GAK"",""Type"":""Profile"",""Label"":""00ed0000000jboWAAQ"",""PermissionSetGroupId"":null,""Profile"":{""attributes"":{""type"":""Profile"",""url"":""/services/data/v53.0/sobjects/Profile/00ed0000000jboWAAQ""},""Id"":""00ed0000000jboWAAQ"",""Name"":""ASU Service - First Year Success Center""}}},{""Parent"":{""Id"":""0PSd0000000H4J3GAK"",""Type"":""Profile"",""Label"":""00ed0000000jbqhAAA"",""PermissionSetGroupId"":null,""Profile"":{""attributes"":{""type"":""Profile"",""url"":""/services/data/v53.0/sobjects/Profile/00ed0000000jbqhAAA""},""Id"":""00ed0000000jbqhAAA"",""Name"":""ASU Service - Pat Tillman Veteran Center""}}},{""Parent"":{""Id"":""0PSd0000000H4J8GAK"",""Type"":""Profile"",""Label"":""00ed0000000jbqmAAA"",""PermissionSetGroupId"":null,""Profile"":{""attributes"":{""type"":""Profile"",""url"":""/services/data/v53.0/sobjects/Profile/00ed0000000jbqmAAA""},""Id"":""00ed0000000jbqmAAA"",""Name"":""ASU Service - Thunderbird""}}},{""Parent"":{""Id"":""0PSd0000000H4N0GAK"",""Type"":""Profile"",""Label"":""00ed0000000jbtHAAQ"",""PermissionSetGroupId"":null,""Profile"":{""attributes"":{""type"":""Profile"",""url"":""/services/data/v53.0/sobjects/Profile/00ed0000000jbtHAAQ""},""Id"":""00ed0000000jbtHAAQ"",""Name"":""ASU Service - EOSS""}}},{""Parent"":{""Id"":""0PSd0000000H4N5GAK"",""Type"":""Profile"",""Label"":""00ed0000000jbtMAAQ"",""PermissionSetGroupId"":null,""Profile"":{""attributes"":{""type"":""Profile"",""url"":""/services/data/v53.0/sobjects/Profile/00ed0000000jbtMAAQ""},""Id"":""00ed0000000jbtMAAQ"",""Name"":""ASU Service - Sun Devil Card Services""}}},{""Parent"":{""Id"":""0PSd0000000H4NAGA0"",""Type"":""Profile"",""Label"":""00ed0000000jbtRAAQ"",""PermissionSetGroupId"":null,""Profile"":{""attributes"":{""type"":""Profile"",""url"":""/services/data/v53.0/sobjects/Profile/00ed0000000jbtRAAQ""},""Id"":""00ed0000000jbtRAAQ"",""Name"":""ASU Service - Career Services""}}},{""Parent"":{""Id"":""0PSd0000000H4PVGA0"",""Type"":""Profile"",""Label"":""00ed0000000jbu5AAA"",""PermissionSetGroupId"":null,""Profile"":{""attributes"":{""type"":""Profile"",""url"":""/services/data/v53.0/sobjects/Profile/00ed0000000jbu5AAA""},""Id"":""00ed0000000jbu5AAA"",""Name"":""ASU Service - University Academic Success Programs""}}},{""Parent"":{""Id"":""0PSd0000000H4PaGAK"",""Type"":""Profile"",""Label"":""00ed0000000jbuAAAQ"",""PermissionSetGroupId"":null,""Profile"":{""attributes"":{""type"":""Profile"",""url"":""/services/data/v53.0/sobjects/Profile/00ed0000000jbuAAAQ""},""Id"":""00ed0000000jbuAAAQ"",""Name"":""ASU Service - Honors""}}},{""Parent"":{""Id"":""0PSd0000000H4QTGA0"",""Type"":""Profile"",""Label"":""00ed0000000jbujAAA"",""PermissionSetGroupId"":null,""Profile"":{""attributes"":{""type"":""Profile"",""url"":""/services/data/v53.0/sobjects/Profile/00ed0000000jbujAAA""},""Id"":""00ed0000000jbujAAA"",""Name"":""ASU Service - Journalism""}}},{""Parent"":{""Id"":""0PSd0000000H4QYGA0"",""Type"":""Profile"",""Label"":""00ed0000000jbuoAAA"",""PermissionSetGroupId"":null,""Profile"":{""attributes"":{""type"":""Profile"",""url"":""/services/data/v53.0/sobjects/Profile/00ed0000000jbuoAAA""},""Id"":""00ed0000000jbuoAAA"",""Name"":""ASU Service - Office of the University Provost""}}},{""Parent"":{""Id"":""0PSd0000000H3g5GAC"",""Type"":""Profile"",""Label"":""00ed0000000jbV9AAI"",""PermissionSetGroupId"":null,""Profile"":{""attributes"":{""type"":""Profile"",""url"":""/services/data/v53.0/sobjects/Profile/00ed0000000jbV9AAI""},""Id"":""00ed0000000jbV9AAI"",""Name"":""ASU Service - TC - AIS""}}},{""Parent"":{""Id"":""0PSd0000000H3gAGAS"",""Type"":""Profile"",""Label"":""00ed0000000jbVEAAY"",""PermissionSetGroupId"":null,""Profile"":{""attributes"":{""type"":""Profile"",""url"":""/services/data/v53.0/sobjects/Profile/00ed0000000jbVEAAY""},""Id"":""00ed0000000jbVEAAY"",""Name"":""ASU Service - TC  - The Sanford School""}}},{""Parent"":{""Id"":""0PSd0000000H3gFGAS"",""Type"":""Profile"",""Label"":""00ed0000000jbVJAAY"",""PermissionSetGroupId"":null,""Profile"":{""attributes"":{""type"":""Profile"",""url"":""/services/data/v53.0/sobjects/Profile/00ed0000000jbVJAAY""},""Id"":""00ed0000000jbVJAAY"",""Name"":""ASU Service - TC - SST""}}},{""Parent"":{""Id"":""0PSd0000000H3gKGAS"",""Type"":""Profile"",""Label"":""00ed0000000jbVOAAY"",""PermissionSetGroupId"":null,""Profile"":{""attributes"":{""type"":""Profile"",""url"":""/services/data/v53.0/sobjects/Profile/00ed0000000jbVOAAY""},""Id"":""00ed0000000jbVOAAY"",""Name"":""ASU Service - TC - Army ROTC""}}},{""Parent"":{""Id"":""0PSd0000000H4ThGAK"",""Type"":""Profile"",""Label"":""00ed0000000jbwGAAQ"",""PermissionSetGroupId"":null,""Profile"":{""attributes"":{""type"":""Profile"",""url"":""/services/data/v53.0/sobjects/Profile/00ed0000000jbwGAAQ""},""Id"":""00ed0000000jbwGAAQ"",""Name"":""ASU Service - ASU Salesforce Support""}}},{""Parent"":{""Id"":""0PSd0000000H4WlGAK"",""Type"":""Profile"",""Label"":""00ed0000000jbyCAAQ"",""PermissionSetGroupId"":null,""Profile"":{""attributes"":{""type"":""Profile"",""url"":""/services/data/v53.0/sobjects/Profile/00ed0000000jbyCAAQ""},""Id"":""00ed0000000jbyCAAQ"",""Name"":""ASU Service - International Students and Scholars Center""}}},{""Parent"":{""Id"":""0PSd0000000H4ZLGA0"",""Type"":""Profile"",""Label"":""00ed0000000jbz0AAA"",""PermissionSetGroupId"":null,""Profile"":{""attributes"":{""type"":""Profile"",""url"":""/services/data/v53.0/sobjects/Profile/00ed0000000jbz0AAA""},""Id"":""00ed0000000jbz0AAA"",""Name"":""ASU Service - School for the Future of Innovation in Society""}}},{""Parent"":{""Id"":""0PSd0000000H4ZQGA0"",""Type"":""Profile"",""Label"":""00ed0000000jbz5AAA"",""PermissionSetGroupId"":null,""Profile"":{""attributes"":{""type"":""Profile"",""url"":""/services/data/v53.0/sobjects/Profile/00ed0000000jbz5AAA""},""Id"":""00ed0000000jbz5AAA"",""Name"":""ASU Service - American Indian Student Support Services""}}},{""Parent"":{""Id"":""0PSd0000000H4hyGAC"",""Type"":""Profile"",""Label"":""00ed0000000jc4eAAA"",""PermissionSetGroupId"":null,""Profile"":{""attributes"":{""type"":""Profile"",""url"":""/services/data/v53.0/sobjects/Profile/00ed0000000jc4eAAA""},""Id"":""00ed0000000jc4eAAA"",""Name"":""ASU Service - ASU Wellness""}}},{""Parent"":{""Id"":""0PSd0000000H4i3GAC"",""Type"":""Profile"",""Label"":""00ed0000000jc4jAAA"",""PermissionSetGroupId"":null,""Profile"":{""attributes"":{""type"":""Profile"",""url"":""/services/data/v53.0/sobjects/Profile/00ed0000000jc4jAAA""},""Id"":""00ed0000000jc4jAAA"",""Name"":""ASU Service - Student Engagement""}}},{""Parent"":{""Id"":""0PSd0000000H4i8GAC"",""Type"":""Profile"",""Label"":""00ed0000000jc4oAAA"",""PermissionSetGroupId"":null,""Profile"":{""attributes"":{""type"":""Profile"",""url"":""/services/data/v53.0/sobjects/Profile/00ed0000000jc4oAAA""},""Id"":""00ed0000000jc4oAAA"",""Name"":""ASU Service - TRIO""}}},{""Parent"":{""Id"":""0PSd0000000H4iXGAS"",""Type"":""Profile"",""Label"":""00ed0000000jc5DAAQ"",""PermissionSetGroupId"":null,""Profile"":{""attributes"":{""type"":""Profile"",""url"":""/services/data/v53.0/sobjects/Profile/00ed0000000jc5DAAQ""},""Id"":""00ed0000000jc5DAAQ"",""Name"":""ASU Service - TC - Air Force ROTC""}}},{""Parent"":{""Id"":""0PSd0000000H4icGAC"",""Type"":""Profile"",""Label"":""00ed0000000jc5IAAQ"",""PermissionSetGroupId"":null,""Profile"":{""attributes"":{""type"":""Profile"",""url"":""/services/data/v53.0/sobjects/Profile/00ed0000000jc5IAAQ""},""Id"":""00ed0000000jc5IAAQ"",""Name"":""ASU Service - TC - Navy ROTC""}}},{""Parent"":{""Id"":""0PSd0000000H4rKGAS"",""Type"":""Profile"",""Label"":""00ed0000000jc9PAAQ"",""PermissionSetGroupId"":null,""Profile"":{""attributes"":{""type"":""Profile"",""url"":""/services/data/v53.0/sobjects/Profile/00ed0000000jc9PAAQ""},""Id"":""00ed0000000jc9PAAQ"",""Name"":""ASU Service - Fraternity & Sorority Life""}}},{""Parent"":{""Id"":""0PSd0000000H4rPGAS"",""Type"":""Profile"",""Label"":""00ed0000000jc9UAAQ"",""PermissionSetGroupId"":null,""Profile"":{""attributes"":{""type"":""Profile"",""url"":""/services/data/v53.0/sobjects/Profile/00ed0000000jc9UAAQ""},""Id"":""00ed0000000jc9UAAQ"",""Name"":""ASU Service - Dean of Students""}}},{""Parent"":{""Id"":""0PSd0000000H4wyGAC"",""Type"":""Profile"",""Label"":""00ed0000000jcCOAAY"",""PermissionSetGroupId"":null,""Profile"":{""attributes"":{""type"":""Profile"",""url"":""/services/data/v53.0/sobjects/Profile/00ed0000000jcCOAAY""},""Id"":""00ed0000000jcCOAAY"",""Name"":""ASU Service - Enterprise Marketing Hub""}}},{""Parent"":{""Id"":""0PSd0000000H4x3GAC"",""Type"":""Profile"",""Label"":""00ed0000000jcCTAAY"",""PermissionSetGroupId"":null,""Profile"":{""attributes"":{""type"":""Profile"",""url"":""/services/data/v53.0/sobjects/Profile/00ed0000000jcCTAAY""},""Id"":""00ed0000000jcCTAAY"",""Name"":""ASU Service - Print Anywhere Tier 2""}}},{""Parent"":{""Id"":""0PSd0000000H4x8GAC"",""Type"":""Profile"",""Label"":""00ed0000000jcCYAAY"",""PermissionSetGroupId"":null,""Profile"":{""attributes"":{""type"":""Profile"",""url"":""/services/data/v53.0/sobjects/Profile/00ed0000000jcCYAAY""},""Id"":""00ed0000000jcCYAAY"",""Name"":""ASU Service - Sun Devil Fitness""}}},{""Parent"":{""Id"":""0PSd0000000H523GAC"",""Type"":""Profile"",""Label"":""00ed0000000jcFDAAY"",""PermissionSetGroupId"":null,""Profile"":{""attributes"":{""type"":""Profile"",""url"":""/services/data/v53.0/sobjects/Profile/00ed0000000jcFDAAY""},""Id"":""00ed0000000jcFDAAY"",""Name"":""ASU Service - MU Information Desk""}}},{""Parent"":{""Id"":""0PSd0000000H55HGAS"",""Type"":""Profile"",""Label"":""00ed0000000jcGQAAY"",""PermissionSetGroupId"":null,""Profile"":{""attributes"":{""type"":""Profile"",""url"":""/services/data/v53.0/sobjects/Profile/00ed0000000jcGQAAY""},""Id"":""00ed0000000jcGQAAY"",""Name"":""ASU Service - Sun Devil Dining""}}},{""Parent"":{""Id"":""0PSd0000000H5zBGAS"",""Type"":""Profile"",""Label"":""00ed0000000jcPXAAY"",""PermissionSetGroupId"":null,""Profile"":{""attributes"":{""type"":""Profile"",""url"":""/services/data/v53.0/sobjects/Profile/00ed0000000jcPXAAY""},""Id"":""00ed0000000jcPXAAY"",""Name"":""ASU Service - Student Government""}}},{""Parent"":{""Id"":""0PSd0000000H6BWGA0"",""Type"":""Profile"",""Label"":""00ed0000000jcWYAAY"",""PermissionSetGroupId"":null,""Profile"":{""attributes"":{""type"":""Profile"",""url"":""/services/data/v53.0/sobjects/Profile/00ed0000000jcWYAAY""},""Id"":""00ed0000000jcWYAAY"",""Name"":""ASU Service - Strategic Initiatives""}}},{""Parent"":{""Id"":""0PSd0000000qzaSGAQ"",""Type"":""Profile"",""Label"":""00ed00000019yBlAAI"",""PermissionSetGroupId"":null,""Profile"":{""attributes"":{""type"":""Profile"",""url"":""/services/data/v53.0/sobjects/Profile/00ed00000019yBlAAI""},""Id"":""00ed00000019yBlAAI"",""Name"":""ASU Service - Financial Aid""}}},{""Parent"":{""Id"":""0PSd0000000qzawGAA"",""Type"":""Profile"",""Label"":""00ed00000019yC5AAI"",""PermissionSetGroupId"":null,""Profile"":{""attributes"":{""type"":""Profile"",""url"":""/services/data/v53.0/sobjects/Profile/00ed00000019yC5AAI""},""Id"":""00ed00000019yC5AAI"",""Name"":""ASU Service - Registrar""}}},{""Parent"":{""Id"":""0PSd0000000qzb1GAA"",""Type"":""Profile"",""Label"":""00ed00000019yCAAAY"",""PermissionSetGroupId"":null,""Profile"":{""attributes"":{""type"":""Profile"",""url"":""/services/data/v53.0/sobjects/Profile/00ed00000019yCAAAY""},""Id"":""00ed00000019yCAAAY"",""Name"":""ASU Service - Student Business Services""}}},{""Parent"":{""Id"":""0PSd0000000r0cAGAQ"",""Type"":""Profile"",""Label"":""00ed00000019z62AAA"",""PermissionSetGroupId"":null,""Profile"":{""attributes"":{""type"":""Profile"",""url"":""/services/data/v53.0/sobjects/Profile/00ed00000019z62AAA""},""Id"":""00ed00000019z62AAA"",""Name"":""ASU Service - ASU Online""}}},{""Parent"":{""Id"":""0PSd0000000r0cFGAQ"",""Type"":""Profile"",""Label"":""00ed00000019z67AAA"",""PermissionSetGroupId"":null,""Profile"":{""attributes"":{""type"":""Profile"",""url"":""/services/data/v53.0/sobjects/Profile/00ed00000019z67AAA""},""Id"":""00ed00000019z67AAA"",""Name"":""ASU Service - ESM Online""}}},{""Parent"":{""Id"":""0PSd0000000r0cKGAQ"",""Type"":""Profile"",""Label"":""00ed00000019z6CAAQ"",""PermissionSetGroupId"":null,""Profile"":{""attributes"":{""type"":""Profile"",""url"":""/services/data/v53.0/sobjects/Profile/00ed00000019z6CAAQ""},""Id"":""00ed00000019z6CAAQ"",""Name"":""ASU Service - Help Desk""}}},{""Parent"":{""Id"":""0PSd0000000r0qtGAA"",""Type"":""Profile"",""Label"":""00ed00000019zIqAAI"",""PermissionSetGroupId"":null,""Profile"":{""attributes"":{""type"":""Profile"",""url"":""/services/data/v53.0/sobjects/Profile/00ed00000019zIqAAI""},""Id"":""00ed00000019zIqAAI"",""Name"":""ASU Service - W. P. Carey Tech Services""}}},{""Parent"":{""Id"":""0PSd0000000r1SFGAY"",""Type"":""Profile"",""Label"":""00ed00000019zqdAAA"",""PermissionSetGroupId"":null,""Profile"":{""attributes"":{""type"":""Profile"",""url"":""/services/data/v53.0/sobjects/Profile/00ed00000019zqdAAA""},""Id"":""00ed00000019zqdAAA"",""Name"":""ASU Service - Tech Studio""}}},{""Parent"":{""Id"":""0PSd0000000r1SKGAY"",""Type"":""Profile"",""Label"":""00ed00000019zqiAAA"",""PermissionSetGroupId"":null,""Profile"":{""attributes"":{""type"":""Profile"",""url"":""/services/data/v53.0/sobjects/Profile/00ed00000019zqiAAA""},""Id"":""00ed00000019zqiAAA"",""Name"":""ASU Service - Engineering IT""}}},{""Parent"":{""Id"":""0PSd0000000r1SAGAY"",""Type"":""Profile"",""Label"":""00ed00000019zqYAAQ"",""PermissionSetGroupId"":null,""Profile"":{""attributes"":{""type"":""Profile"",""url"":""/services/data/v53.0/sobjects/Profile/00ed00000019zqYAAQ""},""Id"":""00ed00000019zqYAAQ"",""Name"":""ASU Service - Identity Management""}}},{""Parent"":{""Id"":""0PSd0000000r2e7GAA"",""Type"":""Profile"",""Label"":""00ed0000001A0pMAAS"",""PermissionSetGroupId"":null,""Profile"":{""attributes"":{""type"":""Profile"",""url"":""/services/data/v53.0/sobjects/Profile/00ed0000001A0pMAAS""},""Id"":""00ed0000001A0pMAAS"",""Name"":""ASU Service - Student Success Innovations""}}},{""Parent"":{""Id"":""0PSd0000000r2eCGAQ"",""Type"":""Profile"",""Label"":""00ed0000001A0pRAAS"",""PermissionSetGroupId"":null,""Profile"":{""attributes"":{""type"":""Profile"",""url"":""/services/data/v53.0/sobjects/Profile/00ed0000001A0pRAAS""},""Id"":""00ed0000001A0pRAAS"",""Name"":""ASU Service - Office of the President""}}},{""Parent"":{""Id"":""0PSd0000000r28IGAQ"",""Type"":""Profile"",""Label"":""00ed0000001A0PwAAK"",""PermissionSetGroupId"":null,""Profile"":{""attributes"":{""type"":""Profile"",""url"":""/services/data/v53.0/sobjects/Profile/00ed0000001A0PwAAK""},""Id"":""00ed0000001A0PwAAK"",""Name"":""ASU Service - Library Services(ARCHIVE)""}}},{""Parent"":{""Id"":""0PSd0000000r3amGAA"",""Type"":""Profile"",""Label"":""00ed0000001A1eqAAC"",""PermissionSetGroupId"":null,""Profile"":{""attributes"":{""type"":""Profile"",""url"":""/services/data/v53.0/sobjects/Profile/00ed0000001A1eqAAC""},""Id"":""00ed0000001A1eqAAC"",""Name"":""ASU Service - Integrated Services""}}},{""Parent"":{""Id"":""0PSd0000000r39YGAQ"",""Type"":""Profile"",""Label"":""00ed0000001A1GfAAK"",""PermissionSetGroupId"":null,""Profile"":{""attributes"":{""type"":""Profile"",""url"":""/services/data/v53.0/sobjects/Profile/00ed0000001A1GfAAK""},""Id"":""00ed0000001A1GfAAK"",""Name"":""ASU Service - TEMPLATE""}}},{""Parent"":{""Id"":""0PSd0000000r3KbGAI"",""Type"":""Profile"",""Label"":""00ed0000001A1OlAAK"",""PermissionSetGroupId"":null,""Profile"":{""attributes"":{""type"":""Profile"",""url"":""/services/data/v53.0/sobjects/Profile/00ed0000001A1OlAAK""},""Id"":""00ed0000001A1OlAAK"",""Name"":""ASU Service - Graduate College""}}},{""Parent"":{""Id"":""0PSd0000000r4s2GAA"",""Type"":""Profile"",""Label"":""00ed0000001A2dLAAS"",""PermissionSetGroupId"":null,""Profile"":{""attributes"":{""type"":""Profile"",""url"":""/services/data/v53.0/sobjects/Profile/00ed0000001A2dLAAS""},""Id"":""00ed0000001A2dLAAS"",""Name"":""ASU Service - Engineering - Dean's Office""}}},{""Parent"":{""Id"":""0PSd0000000r4tZGAQ"",""Type"":""Profile"",""Label"":""00ed0000001A2eaAAC"",""PermissionSetGroupId"":null,""Profile"":{""attributes"":{""type"":""Profile"",""url"":""/services/data/v53.0/sobjects/Profile/00ed0000001A2eaAAC""},""Id"":""00ed0000001A2eaAAC"",""Name"":""ASU Service - Engineering - GOEE""}}},{""Parent"":{""Id"":""0PSd0000000r4teGAA"",""Type"":""Profile"",""Label"":""00ed0000001A2efAAC"",""PermissionSetGroupId"":null,""Profile"":{""attributes"":{""type"":""Profile"",""url"":""/services/data/v53.0/sobjects/Profile/00ed0000001A2efAAC""},""Id"":""00ed0000001A2efAAC"",""Name"":""ASU Service - Engineering - Poly""}}},{""Parent"":{""Id"":""0PSd0000000r4tjGAA"",""Type"":""Profile"",""Label"":""00ed0000001A2ekAAC"",""PermissionSetGroupId"":null,""Profile"":{""attributes"":{""type"":""Profile"",""url"":""/services/data/v53.0/sobjects/Profile/00ed0000001A2ekAAC""},""Id"":""00ed0000001A2ekAAC"",""Name"":""ASU Service - Engineering - SBHSE""}}},{""Parent"":{""Id"":""0PSd0000000r4toGAA"",""Type"":""Profile"",""Label"":""00ed0000001A2epAAC"",""PermissionSetGroupId"":null,""Profile"":{""attributes"":{""type"":""Profile"",""url"":""/services/data/v53.0/sobjects/Profile/00ed0000001A2epAAC""},""Id"":""00ed0000001A2epAAC"",""Name"":""ASU Service - Engineering - SEMTE""}}},{""Parent"":{""Id"":""0PSd0000000r4ttGAA"",""Type"":""Profile"",""Label"":""00ed0000001A2euAAC"",""PermissionSetGroupId"":null,""Profile"":{""attributes"":{""type"":""Profile"",""url"":""/services/data/v53.0/sobjects/Profile/00ed0000001A2euAAC""},""Id"":""00ed0000001A2euAAC"",""Name"":""ASU Service - Engineering - SSEBE""}}},{""Parent"":{""Id"":""0PSd0000000r4tUGAQ"",""Type"":""Profile"",""Label"":""00ed0000001A2eVAAS"",""PermissionSetGroupId"":null,""Profile"":{""attributes"":{""type"":""Profile"",""url"":""/services/data/v53.0/sobjects/Profile/00ed0000001A2eVAAS""},""Id"":""00ed0000001A2eVAAS"",""Name"":""ASU Service - Engineering - ECEE""}}},{""Parent"":{""Id"":""0PSd0000000r4tyGAA"",""Type"":""Profile"",""Label"":""00ed0000001A2ezAAC"",""PermissionSetGroupId"":null,""Profile"":{""attributes"":{""type"":""Profile"",""url"":""/services/data/v53.0/sobjects/Profile/00ed0000001A2ezAAC""},""Id"":""00ed0000001A2ezAAC"",""Name"":""ASU Service - Engineering - CIDSE""}}},{""Parent"":{""Id"":""0PSd0000000r4bhGAA"",""Type"":""Profile"",""Label"":""00ed0000001A2QNAA0"",""PermissionSetGroupId"":null,""Profile"":{""attributes"":{""type"":""Profile"",""url"":""/services/data/v53.0/sobjects/Profile/00ed0000001A2QNAA0""},""Id"":""00ed0000001A2QNAA0"",""Name"":""ASU Service - Access ASU Outreach""}}},{""Parent"":{""Id"":""0PSd0000000r5c8GAA"",""Type"":""Profile"",""Label"":""00ed0000001A3CUAA0"",""PermissionSetGroupId"":null,""Profile"":{""attributes"":{""type"":""Profile"",""url"":""/services/data/v53.0/sobjects/Profile/00ed0000001A3CUAA0""},""Id"":""00ed0000001A3CUAA0"",""Name"":""ASU Service - New Student Programs""}}},{""Parent"":{""Id"":""0PSd0000000r6MUGAY"",""Type"":""Profile"",""Label"":""00ed0000001A3nIAAS"",""PermissionSetGroupId"":null,""Profile"":{""attributes"":{""type"":""Profile"",""url"":""/services/data/v53.0/sobjects/Profile/00ed0000001A3nIAAS""},""Id"":""00ed0000001A3nIAAS"",""Name"":""ASU Service - University Housing""}}},{""Parent"":{""Id"":""0PSd0000000r60sGAA"",""Type"":""Profile"",""Label"":""00ed0000001A3X8AAK"",""PermissionSetGroupId"":null,""Profile"":{""attributes"":{""type"":""Profile"",""url"":""/services/data/v53.0/sobjects/Profile/00ed0000001A3X8AAK""},""Id"":""00ed0000001A3X8AAK"",""Name"":""ASU Training - College of ASU""}}},{""Parent"":{""Id"":""0PSd0000000r60xGAA"",""Type"":""Profile"",""Label"":""00ed0000001A3XDAA0"",""PermissionSetGroupId"":null,""Profile"":{""attributes"":{""type"":""Profile"",""url"":""/services/data/v53.0/sobjects/Profile/00ed0000001A3XDAA0""},""Id"":""00ed0000001A3XDAA0"",""Name"":""ASU Training - Department of ASU""}}},{""Parent"":{""Id"":""0PSd0000000r6ggGAA"",""Type"":""Profile"",""Label"":""00ed0000001A41pAAC"",""PermissionSetGroupId"":null,""Profile"":{""attributes"":{""type"":""Profile"",""url"":""/services/data/v53.0/sobjects/Profile/00ed0000001A41pAAC""},""Id"":""00ed0000001A41pAAC"",""Name"":""ASU Service - Sustainability""}}},{""Parent"":{""Id"":""0PSd0000000r6pgGAA"",""Type"":""Profile"",""Label"":""00ed0000001A49IAAS"",""PermissionSetGroupId"":null,""Profile"":{""attributes"":{""type"":""Profile"",""url"":""/services/data/v53.0/sobjects/Profile/00ed0000001A49IAAS""},""Id"":""00ed0000001A49IAAS"",""Name"":""ASU Service - Teachers College""}}},{""Parent"":{""Id"":""0PSd0000000r7PNGAY"",""Type"":""Profile"",""Label"":""00ed0000001A4dEAAS"",""PermissionSetGroupId"":null,""Profile"":{""attributes"":{""type"":""Profile"",""url"":""/services/data/v53.0/sobjects/Profile/00ed0000001A4dEAAS""},""Id"":""00ed0000001A4dEAAS"",""Name"":""ASU Service - Public Service""}}},{""Parent"":{""Id"":""0PSd0000000r7C5GAI"",""Type"":""Profile"",""Label"":""00ed0000001A4OpAAK"",""PermissionSetGroupId"":null,""Profile"":{""attributes"":{""type"":""Profile"",""url"":""/services/data/v53.0/sobjects/Profile/00ed0000001A4OpAAK""},""Id"":""00ed0000001A4OpAAK"",""Name"":""ASU Service - Nursing""}}},{""Parent"":{""Id"":""0PSd0000000r7FiGAI"",""Type"":""Profile"",""Label"":""00ed0000001A4RAAA0"",""PermissionSetGroupId"":null,""Profile"":{""attributes"":{""type"":""Profile"",""url"":""/services/data/v53.0/sobjects/Profile/00ed0000001A4RAAA0""},""Id"":""00ed0000001A4RAAA0"",""Name"":""ASU Service - Health Solutions""}}},{""Parent"":{""Id"":""0PSd0000000r7nEGAQ"",""Type"":""Profile"",""Label"":""00ed0000001A4x8AAC"",""PermissionSetGroupId"":null,""Profile"":{""attributes"":{""type"":""Profile"",""url"":""/services/data/v53.0/sobjects/Profile/00ed0000001A4x8AAC""},""Id"":""00ed0000001A4x8AAC"",""Name"":""ASU Service - New College""}}},{""Parent"":{""Id"":""0PSd0000000r7tuGAA"",""Type"":""Profile"",""Label"":""00ed0000001A52VAAS"",""PermissionSetGroupId"":null,""Profile"":{""attributes"":{""type"":""Profile"",""url"":""/services/data/v53.0/sobjects/Profile/00ed0000001A52VAAS""},""Id"":""00ed0000001A52VAAS"",""Name"":""ASU Service - Universal Learner Courses""}}},{""Parent"":{""Id"":""0PSd0000000r7v8GAA"",""Type"":""Profile"",""Label"":""00ed0000001A53VAAS"",""PermissionSetGroupId"":null,""Profile"":{""attributes"":{""type"":""Profile"",""url"":""/services/data/v53.0/sobjects/Profile/00ed0000001A53VAAS""},""Id"":""00ed0000001A53VAAS"",""Name"":""ASU Service - LMS Support""}}},{""Parent"":{""Id"":""0PSd0000000r8fDGAQ"",""Type"":""Profile"",""Label"":""00ed0000001A5dbAAC"",""PermissionSetGroupId"":null,""Profile"":{""attributes"":{""type"":""Profile"",""url"":""/services/data/v53.0/sobjects/Profile/00ed0000001A5dbAAC""},""Id"":""00ed0000001A5dbAAC"",""Name"":""ASU Service - Academic Transfer Credit Solutions""}}},{""Parent"":{""Id"":""0PSd0000000r8gGGAQ"",""Type"":""Profile"",""Label"":""00ed0000001A5e5AAC"",""PermissionSetGroupId"":null,""Profile"":{""attributes"":{""type"":""Profile"",""url"":""/services/data/v53.0/sobjects/Profile/00ed0000001A5e5AAC""},""Id"":""00ed0000001A5e5AAC"",""Name"":""ASU Service - TC - Dean's Office""}}},{""Parent"":{""Id"":""0PSd0000000r8zQGAQ"",""Type"":""Profile"",""Label"":""00ed0000001A5pHAAS"",""PermissionSetGroupId"":null,""Profile"":{""attributes"":{""type"":""Profile"",""url"":""/services/data/v53.0/sobjects/Profile/00ed0000001A5pHAAS""},""Id"":""00ed0000001A5pHAAS"",""Name"":""ASU Service - TC - English""}}},{""Parent"":{""Id"":""0PSd0000000r8zVGAQ"",""Type"":""Profile"",""Label"":""00ed0000001A5pMAAS"",""PermissionSetGroupId"":null,""Profile"":{""attributes"":{""type"":""Profile"",""url"":""/services/data/v53.0/sobjects/Profile/00ed0000001A5pMAAS""},""Id"":""00ed0000001A5pMAAS"",""Name"":""ASU Service - TC - SILC""}}},{""Parent"":{""Id"":""0PSd0000000r8zaGAA"",""Type"":""Profile"",""Label"":""00ed0000001A5pRAAS"",""PermissionSetGroupId"":null,""Profile"":{""attributes"":{""type"":""Profile"",""url"":""/services/data/v53.0/sobjects/Profile/00ed0000001A5pRAAS""},""Id"":""00ed0000001A5pRAAS"",""Name"":""ASU Service - TC - SHPRS""}}},{""Parent"":{""Id"":""0PSd0000000r93BGAQ"",""Type"":""Profile"",""Label"":""00ed0000001A5rcAAC"",""PermissionSetGroupId"":null,""Profile"":{""attributes"":{""type"":""Profile"",""url"":""/services/data/v53.0/sobjects/Profile/00ed0000001A5rcAAC""},""Id"":""00ed0000001A5rcAAC"",""Name"":""ASU Service - TC - SESE""}}},{""Parent"":{""Id"":""0PSd0000000r92mGAA"",""Type"":""Profile"",""Label"":""00ed0000001A5rDAAS"",""PermissionSetGroupId"":null,""Profile"":{""attributes"":{""type"":""Profile"",""url"":""/services/data/v53.0/sobjects/Profile/00ed0000001A5rDAAS""},""Id"":""00ed0000001A5rDAAS"",""Name"":""ASU Service - TC - SOLS""}}},{""Parent"":{""Id"":""0PSd0000000r92rGAA"",""Type"":""Profile"",""Label"":""00ed0000001A5rIAAS"",""PermissionSetGroupId"":null,""Profile"":{""attributes"":{""type"":""Profile"",""url"":""/services/data/v53.0/sobjects/Profile/00ed0000001A5rIAAS""},""Id"":""00ed0000001A5rIAAS"",""Name"":""ASU Service - TC - SoMSS""}}},{""Parent"":{""Id"":""0PSd0000000r92wGAA"",""Type"":""Profile"",""Label"":""00ed0000001A5rNAAS"",""PermissionSetGroupId"":null,""Profile"":{""attributes"":{""type"":""Profile"",""url"":""/services/data/v53.0/sobjects/Profile/00ed0000001A5rNAAS""},""Id"":""00ed0000001A5rNAAS"",""Name"":""ASU Service - TC  - SMS""}}},{""Parent"":{""Id"":""0PSd0000000r931GAA"",""Type"":""Profile"",""Label"":""00ed0000001A5rSAAS"",""PermissionSetGroupId"":null,""Profile"":{""attributes"":{""type"":""Profile"",""url"":""/services/data/v53.0/sobjects/Profile/00ed0000001A5rSAAS""},""Id"":""00ed0000001A5rSAAS"",""Name"":""ASU Service - TC - Physics""}}},{""Parent"":{""Id"":""0PSd0000000r936GAA"",""Type"":""Profile"",""Label"":""00ed0000001A5rXAAS"",""PermissionSetGroupId"":null,""Profile"":{""attributes"":{""type"":""Profile"",""url"":""/services/data/v53.0/sobjects/Profile/00ed0000001A5rXAAS""},""Id"":""00ed0000001A5rXAAS"",""Name"":""ASU Service - TC - Psychology""}}},{""Parent"":{""Id"":""0PSd0000000r8PUGAY"",""Type"":""Profile"",""Label"":""00ed0000001A5S7AAK"",""PermissionSetGroupId"":null,""Profile"":{""attributes"":{""type"":""Profile"",""url"":""/services/data/v53.0/sobjects/Profile/00ed0000001A5S7AAK""},""Id"":""00ed0000001A5S7AAK"",""Name"":""ASU Service - Curricular Activities and Actions""}}},{""Parent"":{""Id"":""0PSd0000000r97mGAA"",""Type"":""Profile"",""Label"":""00ed0000001A5udAAC"",""PermissionSetGroupId"":null,""Profile"":{""attributes"":{""type"":""Profile"",""url"":""/services/data/v53.0/sobjects/Profile/00ed0000001A5udAAC""},""Id"":""00ed0000001A5udAAC"",""Name"":""ASU Service - TC - STS""}}},{""Parent"":{""Id"":""0PSd0000000r97SGAQ"",""Type"":""Profile"",""Label"":""00ed0000001A5uJAAS"",""PermissionSetGroupId"":null,""Profile"":{""attributes"":{""type"":""Profile"",""url"":""/services/data/v53.0/sobjects/Profile/00ed0000001A5uJAAS""},""Id"":""00ed0000001A5uJAAS"",""Name"":""ASU Service - TC - SGSUP""}}},{""Parent"":{""Id"":""0PSd0000000r97XGAQ"",""Type"":""Profile"",""Label"":""00ed0000001A5uOAAS"",""PermissionSetGroupId"":null,""Profile"":{""attributes"":{""type"":""Profile"",""url"":""/services/data/v53.0/sobjects/Profile/00ed0000001A5uOAAS""},""Id"":""00ed0000001A5uOAAS"",""Name"":""ASU Service - TC - HDSHC""}}},{""Parent"":{""Id"":""0PSd0000000r97cGAA"",""Type"":""Profile"",""Label"":""00ed0000001A5uTAAS"",""PermissionSetGroupId"":null,""Profile"":{""attributes"":{""type"":""Profile"",""url"":""/services/data/v53.0/sobjects/Profile/00ed0000001A5uTAAS""},""Id"":""00ed0000001A5uTAAS"",""Name"":""ASU Service - TC - SPGS""}}},{""Parent"":{""Id"":""0PSd0000000r97hGAA"",""Type"":""Profile"",""Label"":""00ed0000001A5uYAAS"",""PermissionSetGroupId"":null,""Profile"":{""attributes"":{""type"":""Profile"",""url"":""/services/data/v53.0/sobjects/Profile/00ed0000001A5uYAAS""},""Id"":""00ed0000001A5uYAAS"",""Name"":""ASU Service - TC - SHESC""}}},{""Parent"":{""Id"":""0PSd0000000r9AFGAY"",""Type"":""Profile"",""Label"":""00ed0000001A5vnAAC"",""PermissionSetGroupId"":null,""Profile"":{""attributes"":{""type"":""Profile"",""url"":""/services/data/v53.0/sobjects/Profile/00ed0000001A5vnAAC""},""Id"":""00ed0000001A5vnAAC"",""Name"":""ASU Service - Integrative Sciences and Arts""}}},{""Parent"":{""Id"":""0PSd0000000r8ZaGAI"",""Type"":""Profile"",""Label"":""00ed0000001A5ZRAA0"",""PermissionSetGroupId"":null,""Profile"":{""attributes"":{""type"":""Profile"",""url"":""/services/data/v53.0/sobjects/Profile/00ed0000001A5ZRAA0""},""Id"":""00ed0000001A5ZRAA0"",""Name"":""ASU Service - Global Education Office""}}},{""Parent"":{""Id"":""0PSd0000000rAdhGAE"",""Type"":""Profile"",""Label"":""00ed0000001A6alAAC"",""PermissionSetGroupId"":null,""Profile"":{""attributes"":{""type"":""Profile"",""url"":""/services/data/v53.0/sobjects/Profile/00ed0000001A6alAAC""},""Id"":""00ed0000001A6alAAC"",""Name"":""ASU Service - Student & Cultural Engagement""}}},{""Parent"":{""Id"":""0PSd0000000rAdmGAE"",""Type"":""Profile"",""Label"":""00ed0000001A6aqAAC"",""PermissionSetGroupId"":null,""Profile"":{""attributes"":{""type"":""Profile"",""url"":""/services/data/v53.0/sobjects/Profile/00ed0000001A6aqAAC""},""Id"":""00ed0000001A6aqAAC"",""Name"":""ASU Service - International Student Engagement""}}},{""Parent"":{""Id"":""0PSd0000000rAdrGAE"",""Type"":""Profile"",""Label"":""00ed0000001A6avAAC"",""PermissionSetGroupId"":null,""Profile"":{""attributes"":{""type"":""Profile"",""url"":""/services/data/v53.0/sobjects/Profile/00ed0000001A6avAAC""},""Id"":""00ed0000001A6avAAC"",""Name"":""ASU Service - Changemaker Central""}}},{""Parent"":{""Id"":""0PSd0000001o7ETGAY"",""Type"":""Profile"",""Label"":""00ed0000002FFRSAA4"",""PermissionSetGroupId"":null,""Profile"":{""attributes"":{""type"":""Profile"",""url"":""/services/data/v53.0/sobjects/Profile/00ed0000002FFRSAA4""},""Id"":""00ed0000002FFRSAA4"",""Name"":""ASU Service - Sun Devil Athletics""}}},{""Parent"":{""Id"":""0PSd0000001o7HmGAI"",""Type"":""Profile"",""Label"":""00ed0000002FFSLAA4"",""PermissionSetGroupId"":null,""Profile"":{""attributes"":{""type"":""Profile"",""url"":""/services/data/v53.0/sobjects/Profile/00ed0000002FFSLAA4""},""Id"":""00ed0000002FFSLAA4"",""Name"":""ASU Service - Office of the President (Temp Access to Org Wide)""}}},{""Parent"":{""Id"":""0PSd0000001o7VKGAY"",""Type"":""Profile"",""Label"":""00ed0000002FFY4AAO"",""PermissionSetGroupId"":null,""Profile"":{""attributes"":{""type"":""Profile"",""url"":""/services/data/v53.0/sobjects/Profile/00ed0000002FFY4AAO""},""Id"":""00ed0000002FFY4AAO"",""Name"":""ASU Service - ASU-USA Pathways""}}},{""Parent"":{""Id"":""0PSd0000001sK82GAE"",""Type"":""Profile"",""Label"":""00ed0000002JRvSAAW"",""PermissionSetGroupId"":null,""Profile"":{""attributes"":{""type"":""Profile"",""url"":""/services/data/v53.0/sobjects/Profile/00ed0000002JRvSAAW""},""Id"":""00ed0000002JRvSAAW"",""Name"":""ASU Service - First in the World Grant""}}},{""Parent"":{""Id"":""0PSd0000001sKJBGA2"",""Type"":""Profile"",""Label"":""00ed0000002JRyMAAW"",""PermissionSetGroupId"":null,""Profile"":{""attributes"":{""type"":""Profile"",""url"":""/services/data/v53.0/sobjects/Profile/00ed0000002JRyMAAW""},""Id"":""00ed0000002JRyMAAW"",""Name"":""ASU Service - ITCSS Library Services""}}},{""Parent"":{""Id"":""0PSd0000001sKNNGA2"",""Type"":""Profile"",""Label"":""00ed0000002JS0DAAW"",""PermissionSetGroupId"":null,""Profile"":{""attributes"":{""type"":""Profile"",""url"":""/services/data/v53.0/sobjects/Profile/00ed0000002JS0DAAW""},""Id"":""00ed0000002JS0DAAW"",""Name"":""ASU Service - Success Coach""}}},{""Parent"":{""Id"":""0PSd0000001sKO6GAM"",""Type"":""Profile"",""Label"":""00ed0000002JS0NAAW"",""PermissionSetGroupId"":null,""Profile"":{""attributes"":{""type"":""Profile"",""url"":""/services/data/v53.0/sobjects/Profile/00ed0000002JS0NAAW""},""Id"":""00ed0000002JS0NAAW"",""Name"":""ASU Service - TC - ISSR""}}},{""Parent"":{""Id"":""0PSd0000001jxObGAI"",""Type"":""Profile"",""Label"":""00ed0000002NelYAAS"",""PermissionSetGroupId"":null,""Profile"":{""attributes"":{""type"":""Profile"",""url"":""/services/data/v53.0/sobjects/Profile/00ed0000002NelYAAS""},""Id"":""00ed0000002NelYAAS"",""Name"":""ASU Service - Academic Partnerships""}}},{""Parent"":{""Id"":""0PSd0000001jxa8GAA"",""Type"":""Profile"",""Label"":""00ed0000002Neq4AAC"",""PermissionSetGroupId"":null,""Profile"":{""attributes"":{""type"":""Profile"",""url"":""/services/data/v53.0/sobjects/Profile/00ed0000002Neq4AAC""},""Id"":""00ed0000002Neq4AAC"",""Name"":""ASU Service - Student Accessibility and Inclusive Learning Services""}}},{""Parent"":{""Id"":""0PSd0000000oWPgGAM"",""Type"":""Profile"",""Label"":""00ex00000018ozT_128_09_43_34_1"",""PermissionSetGroupId"":null,""Profile"":{""attributes"":{""type"":""Profile"",""url"":""/services/data/v53.0/sobjects/Profile/00ed00000017IobAAE""},""Id"":""00ed00000017IobAAE"",""Name"":""System Administrator""}}},{""Parent"":{""Id"":""0PSd0000000quKmGAI"",""Type"":""Regular"",""Label"":""Additional Administrator Permissions"",""PermissionSetGroupId"":null,""Profile"":null}},{""Parent"":{""Id"":""0PSd0000001sKhEGAU"",""Type"":""Regular"",""Label"":""Role: Academic Advisor Portal (Service Users)"",""PermissionSetGroupId"":null,""Profile"":null}},{""Parent"":{""Id"":""0PS6T000001CZGsWAO"",""Type"":""Regular"",""Label"":""Role: EdPlus Coach Portal (Non-Success Coach)"",""PermissionSetGroupId"":null,""Profile"":null}},{""Parent"":{""Id"":""0PSd0000001sKN8GAM"",""Type"":""Regular"",""Label"":""Success Portal Management (EdPlus)"",""PermissionSetGroupId"":null,""Profile"":null}}]"
"01p0W000003jH9cQAE","CaseShowAllAttachmentsControllerExtTest","[{""Parent"":{""Id"":""0PSd0000000oWPgGAM"",""Type"":""Profile"",""Label"":""00ex00000018ozT_128_09_43_34_1"",""PermissionSetGroupId"":null,""Profile"":{""attributes"":{""type"":""Profile"",""url"":""/services/data/v53.0/sobjects/Profile/00ed00000017IobAAE""},""Id"":""00ed00000017IobAAE"",""Name"":""System Administrator""}}}]"
"01p0W000003fmjGQAQ","CaseStatusHttpMockCallout","[{""Parent"":{""Id"":""0PSd0000000oWPgGAM"",""Type"":""Profile"",""Label"":""00ex00000018ozT_128_09_43_34_1"",""PermissionSetGroupId"":null,""Profile"":{""attributes"":{""type"":""Profile"",""url"":""/services/data/v53.0/sobjects/Profile/00ed00000017IobAAE""},""Id"":""00ed00000017IobAAE"",""Name"":""System Administrator""}}}]"
"01pd000000484cQAAQ","CaseTransferMassController","[{""Parent"":{""Id"":""0PSd0000001sKNNGA2"",""Type"":""Profile"",""Label"":""00ed0000002JS0DAAW"",""PermissionSetGroupId"":null,""Profile"":{""attributes"":{""type"":""Profile"",""url"":""/services/data/v53.0/sobjects/Profile/00ed0000002JS0DAAW""},""Id"":""00ed0000002JS0DAAW"",""Name"":""ASU Service - Success Coach""}}},{""Parent"":{""Id"":""0PSd0000000oWPgGAM"",""Type"":""Profile"",""Label"":""00ex00000018ozT_128_09_43_34_1"",""PermissionSetGroupId"":null,""Profile"":{""attributes"":{""type"":""Profile"",""url"":""/services/data/v53.0/sobjects/Profile/00ed00000017IobAAE""},""Id"":""00ed00000017IobAAE"",""Name"":""System Administrator""}}},{""Parent"":{""Id"":""0PSd0000001sKhEGAU"",""Type"":""Regular"",""Label"":""Role: Academic Advisor Portal (Service Users)"",""PermissionSetGroupId"":null,""Profile"":null}},{""Parent"":{""Id"":""0PS6T000001CZGsWAO"",""Type"":""Regular"",""Label"":""Role: EdPlus Coach Portal (Non-Success Coach)"",""PermissionSetGroupId"":null,""Profile"":null}},{""Parent"":{""Id"":""0PSd0000001sKN8GAM"",""Type"":""Regular"",""Label"":""Success Portal Management (EdPlus)"",""PermissionSetGroupId"":null,""Profile"":null}}]"
"01p6T000003ww6OQAQ","CaseTransferMassControllerTest","[{""Parent"":{""Id"":""0PSd0000000oWPgGAM"",""Type"":""Profile"",""Label"":""00ex00000018ozT_128_09_43_34_1"",""PermissionSetGroupId"":null,""Profile"":{""attributes"":{""type"":""Profile"",""url"":""/services/data/v53.0/sobjects/Profile/00ed00000017IobAAE""},""Id"":""00ed00000017IobAAE"",""Name"":""System Administrator""}}}]"
"01p6T000003ww6PQAQ","CaseTriggerTest","[{""Parent"":{""Id"":""0PSd0000000oWPgGAM"",""Type"":""Profile"",""Label"":""00ex00000018ozT_128_09_43_34_1"",""PermissionSetGroupId"":null,""Profile"":{""attributes"":{""type"":""Profile"",""url"":""/services/data/v53.0/sobjects/Profile/00ed00000017IobAAE""},""Id"":""00ed00000017IobAAE"",""Name"":""System Administrator""}}}]"
"01pd0000002uhs6AAA","CaseUtilities","[{""Parent"":{""Id"":""0PSd0000000oWPgGAM"",""Type"":""Profile"",""Label"":""00ex00000018ozT_128_09_43_34_1"",""PermissionSetGroupId"":null,""Profile"":{""attributes"":{""type"":""Profile"",""url"":""/services/data/v53.0/sobjects/Profile/00ed00000017IobAAE""},""Id"":""00ed00000017IobAAE"",""Name"":""System Administrator""}}}]"
"01p0W000004Ct3YQAS","CaseUtilitiesTest","[{""Parent"":{""Id"":""0PSd0000000oWPgGAM"",""Type"":""Profile"",""Label"":""00ex00000018ozT_128_09_43_34_1"",""PermissionSetGroupId"":null,""Profile"":{""attributes"":{""type"":""Profile"",""url"":""/services/data/v53.0/sobjects/Profile/00ed00000017IobAAE""},""Id"":""00ed00000017IobAAE"",""Name"":""System Administrator""}}}]"
"01p0W000003X4ZLQA0","CaseWebformCloser","[{""Parent"":{""Id"":""0PSd0000000oWPgGAM"",""Type"":""Profile"",""Label"":""00ex00000018ozT_128_09_43_34_1"",""PermissionSetGroupId"":null,""Profile"":{""attributes"":{""type"":""Profile"",""url"":""/services/data/v53.0/sobjects/Profile/00ed00000017IobAAE""},""Id"":""00ed00000017IobAAE"",""Name"":""System Administrator""}}}]"
"01p0W000003X4ZMQA0","CaseWebformCloserTest","[{""Parent"":{""Id"":""0PSd0000000oWPgGAM"",""Type"":""Profile"",""Label"":""00ex00000018ozT_128_09_43_34_1"",""PermissionSetGroupId"":null,""Profile"":{""attributes"":{""type"":""Profile"",""url"":""/services/data/v53.0/sobjects/Profile/00ed00000017IobAAE""},""Id"":""00ed00000017IobAAE"",""Name"":""System Administrator""}}}]"
"01pd0000002d9iqAAA","ChangePasswordController","[{""Parent"":{""Id"":""0PSd0000000oWPgGAM"",""Type"":""Profile"",""Label"":""00ex00000018ozT_128_09_43_34_1"",""PermissionSetGroupId"":null,""Profile"":{""attributes"":{""type"":""Profile"",""url"":""/services/data/v53.0/sobjects/Profile/00ed00000017IobAAE""},""Id"":""00ed00000017IobAAE"",""Name"":""System Administrator""}}},{""Parent"":{""Id"":""0PSd0000000quKmGAI"",""Type"":""Regular"",""Label"":""Additional Administrator Permissions"",""PermissionSetGroupId"":null,""Profile"":null}}]"
"01pd0000002d9irAAA","ChangePasswordControllerTest","[{""Parent"":{""Id"":""0PSd0000000oWPgGAM"",""Type"":""Profile"",""Label"":""00ex00000018ozT_128_09_43_34_1"",""PermissionSetGroupId"":null,""Profile"":{""attributes"":{""type"":""Profile"",""url"":""/services/data/v53.0/sobjects/Profile/00ed00000017IobAAE""},""Id"":""00ed00000017IobAAE"",""Name"":""System Administrator""}}},{""Parent"":{""Id"":""0PSd0000000quKmGAI"",""Type"":""Regular"",""Label"":""Additional Administrator Permissions"",""PermissionSetGroupId"":null,""Profile"":null}}]"
"01p0W000004Ct3ZQAS","ChatMessage","[{""Parent"":{""Id"":""0PSd0000000oWPgGAM"",""Type"":""Profile"",""Label"":""00ex00000018ozT_128_09_43_34_1"",""PermissionSetGroupId"":null,""Profile"":{""attributes"":{""type"":""Profile"",""url"":""/services/data/v53.0/sobjects/Profile/00ed00000017IobAAE""},""Id"":""00ed00000017IobAAE"",""Name"":""System Administrator""}}}]"
"01p6T000003THBUQA4","ChatMessageTest","[{""Parent"":{""Id"":""0PSd0000000oWPgGAM"",""Type"":""Profile"",""Label"":""00ex00000018ozT_128_09_43_34_1"",""PermissionSetGroupId"":null,""Profile"":{""attributes"":{""type"":""Profile"",""url"":""/services/data/v53.0/sobjects/Profile/00ed00000017IobAAE""},""Id"":""00ed00000017IobAAE"",""Name"":""System Administrator""}}}]"
"01p0W000003wv0XQAQ","CheckRecursion","[{""Parent"":{""Id"":""0PSd0000000oWPgGAM"",""Type"":""Profile"",""Label"":""00ex00000018ozT_128_09_43_34_1"",""PermissionSetGroupId"":null,""Profile"":{""attributes"":{""type"":""Profile"",""url"":""/services/data/v53.0/sobjects/Profile/00ed00000017IobAAE""},""Id"":""00ed00000017IobAAE"",""Name"":""System Administrator""}}}]"
"01p0W000003SIJFQA4","CivitasPersistenceController","[{""Parent"":{""Id"":""0PSd0000000oWPgGAM"",""Type"":""Profile"",""Label"":""00ex00000018ozT_128_09_43_34_1"",""PermissionSetGroupId"":null,""Profile"":{""attributes"":{""type"":""Profile"",""url"":""/services/data/v53.0/sobjects/Profile/00ed00000017IobAAE""},""Id"":""00ed00000017IobAAE"",""Name"":""System Administrator""}}}]"
"01p6T000003wwaZQAQ","CivitasPersistenceControllerTest","[{""Parent"":{""Id"":""0PSd0000000oWPgGAM"",""Type"":""Profile"",""Label"":""00ex00000018ozT_128_09_43_34_1"",""PermissionSetGroupId"":null,""Profile"":{""attributes"":{""type"":""Profile"",""url"":""/services/data/v53.0/sobjects/Profile/00ed00000017IobAAE""},""Id"":""00ed00000017IobAAE"",""Name"":""System Administrator""}}}]"
"01pd0000003vlShAAI","CoachPortalMainPageController","[{""Parent"":{""Id"":""0PSd0000001sKNNGA2"",""Type"":""Profile"",""Label"":""00ed0000002JS0DAAW"",""PermissionSetGroupId"":null,""Profile"":{""attributes"":{""type"":""Profile"",""url"":""/services/data/v53.0/sobjects/Profile/00ed0000002JS0DAAW""},""Id"":""00ed0000002JS0DAAW"",""Name"":""ASU Service - Success Coach""}}},{""Parent"":{""Id"":""0PSd0000000oWPgGAM"",""Type"":""Profile"",""Label"":""00ex00000018ozT_128_09_43_34_1"",""PermissionSetGroupId"":null,""Profile"":{""attributes"":{""type"":""Profile"",""url"":""/services/data/v53.0/sobjects/Profile/00ed00000017IobAAE""},""Id"":""00ed00000017IobAAE"",""Name"":""System Administrator""}}},{""Parent"":{""Id"":""0PS6T000001CZGsWAO"",""Type"":""Regular"",""Label"":""Role: EdPlus Coach Portal (Non-Success Coach)"",""PermissionSetGroupId"":null,""Profile"":null}}]"
"01p6T000003ww6QQAQ","CoachPortalMainPageControllerTest","[{""Parent"":{""Id"":""0PSd0000000oWPgGAM"",""Type"":""Profile"",""Label"":""00ex00000018ozT_128_09_43_34_1"",""PermissionSetGroupId"":null,""Profile"":{""attributes"":{""type"":""Profile"",""url"":""/services/data/v53.0/sobjects/Profile/00ed00000017IobAAE""},""Id"":""00ed00000017IobAAE"",""Name"":""System Administrator""}}}]"
"01pd000000482kBAAQ","CommunicationHistoryController","[{""Parent"":{""Id"":""0PSd0000000oWPgGAM"",""Type"":""Profile"",""Label"":""00ex00000018ozT_128_09_43_34_1"",""PermissionSetGroupId"":null,""Profile"":{""attributes"":{""type"":""Profile"",""url"":""/services/data/v53.0/sobjects/Profile/00ed00000017IobAAE""},""Id"":""00ed00000017IobAAE"",""Name"":""System Administrator""}}}]"
"01p6T000003ww6RQAQ","CommunicationHistoryControllerTest","[{""Parent"":{""Id"":""0PSd0000000oWPgGAM"",""Type"":""Profile"",""Label"":""00ex00000018ozT_128_09_43_34_1"",""PermissionSetGroupId"":null,""Profile"":{""attributes"":{""type"":""Profile"",""url"":""/services/data/v53.0/sobjects/Profile/00ed00000017IobAAE""},""Id"":""00ed00000017IobAAE"",""Name"":""System Administrator""}}}]"
"01pd0000002uUowAAE","CommunitiesLandingController","[{""Parent"":{""Id"":""0PSd0000000oWPgGAM"",""Type"":""Profile"",""Label"":""00ex00000018ozT_128_09_43_34_1"",""PermissionSetGroupId"":null,""Profile"":{""attributes"":{""type"":""Profile"",""url"":""/services/data/v53.0/sobjects/Profile/00ed00000017IobAAE""},""Id"":""00ed00000017IobAAE"",""Name"":""System Administrator""}}}]"
"01pd0000002uUoxAAE","CommunitiesLandingControllerTest","[{""Parent"":{""Id"":""0PSd0000000oWPgGAM"",""Type"":""Profile"",""Label"":""00ex00000018ozT_128_09_43_34_1"",""PermissionSetGroupId"":null,""Profile"":{""attributes"":{""type"":""Profile"",""url"":""/services/data/v53.0/sobjects/Profile/00ed00000017IobAAE""},""Id"":""00ed00000017IobAAE"",""Name"":""System Administrator""}}}]"
"01pd0000002uUouAAE","CommunitiesLoginController","[{""Parent"":{""Id"":""0PSd0000000oWPgGAM"",""Type"":""Profile"",""Label"":""00ex00000018ozT_128_09_43_34_1"",""PermissionSetGroupId"":null,""Profile"":{""attributes"":{""type"":""Profile"",""url"":""/services/data/v53.0/sobjects/Profile/00ed00000017IobAAE""},""Id"":""00ed00000017IobAAE"",""Name"":""System Administrator""}}}]"
"01pd0000002uUovAAE","CommunitiesLoginControllerTest","[{""Parent"":{""Id"":""0PSd0000000oWPgGAM"",""Type"":""Profile"",""Label"":""00ex00000018ozT_128_09_43_34_1"",""PermissionSetGroupId"":null,""Profile"":{""attributes"":{""type"":""Profile"",""url"":""/services/data/v53.0/sobjects/Profile/00ed00000017IobAAE""},""Id"":""00ed00000017IobAAE"",""Name"":""System Administrator""}}}]"
"01pd0000002uUoyAAE","CommunitiesSelfRegController","[{""Parent"":{""Id"":""0PSd0000000oWPgGAM"",""Type"":""Profile"",""Label"":""00ex00000018ozT_128_09_43_34_1"",""PermissionSetGroupId"":null,""Profile"":{""attributes"":{""type"":""Profile"",""url"":""/services/data/v53.0/sobjects/Profile/00ed00000017IobAAE""},""Id"":""00ed00000017IobAAE"",""Name"":""System Administrator""}}}]"
"01pd0000002uUozAAE","CommunitiesSelfRegControllerTest","[{""Parent"":{""Id"":""0PSd0000000oWPgGAM"",""Type"":""Profile"",""Label"":""00ex00000018ozT_128_09_43_34_1"",""PermissionSetGroupId"":null,""Profile"":{""attributes"":{""type"":""Profile"",""url"":""/services/data/v53.0/sobjects/Profile/00ed00000017IobAAE""},""Id"":""00ed00000017IobAAE"",""Name"":""System Administrator""}}}]"
"01p0W000003wv0YQAQ","ConstituentDetail","[{""Parent"":{""Id"":""0PSd0000000oWPgGAM"",""Type"":""Profile"",""Label"":""00ex00000018ozT_128_09_43_34_1"",""PermissionSetGroupId"":null,""Profile"":{""attributes"":{""type"":""Profile"",""url"":""/services/data/v53.0/sobjects/Profile/00ed00000017IobAAE""},""Id"":""00ed00000017IobAAE"",""Name"":""System Administrator""}}}]"
"01p0W000003wv0ZQAQ","ConstituentMatcher","[{""Parent"":{""Id"":""0PSd0000000oWPgGAM"",""Type"":""Profile"",""Label"":""00ex00000018ozT_128_09_43_34_1"",""PermissionSetGroupId"":null,""Profile"":{""attributes"":{""type"":""Profile"",""url"":""/services/data/v53.0/sobjects/Profile/00ed00000017IobAAE""},""Id"":""00ed00000017IobAAE"",""Name"":""System Administrator""}}}]"
"01p0W000003wv0aQAA","ConstituentMatcherTest","[{""Parent"":{""Id"":""0PSd0000000oWPgGAM"",""Type"":""Profile"",""Label"":""00ex00000018ozT_128_09_43_34_1"",""PermissionSetGroupId"":null,""Profile"":{""attributes"":{""type"":""Profile"",""url"":""/services/data/v53.0/sobjects/Profile/00ed00000017IobAAE""},""Id"":""00ed00000017IobAAE"",""Name"":""System Administrator""}}}]"
"01p0W000003jH4FQAU","ContactFactory","[{""Parent"":{""Id"":""0PSd0000000oWPgGAM"",""Type"":""Profile"",""Label"":""00ex00000018ozT_128_09_43_34_1"",""PermissionSetGroupId"":null,""Profile"":{""attributes"":{""type"":""Profile"",""url"":""/services/data/v53.0/sobjects/Profile/00ed00000017IobAAE""},""Id"":""00ed00000017IobAAE"",""Name"":""System Administrator""}}}]"
"01pd0000002d7BvAAI","ContactHandler","[{""Parent"":{""Id"":""0PSd0000000oWPgGAM"",""Type"":""Profile"",""Label"":""00ex00000018ozT_128_09_43_34_1"",""PermissionSetGroupId"":null,""Profile"":{""attributes"":{""type"":""Profile"",""url"":""/services/data/v53.0/sobjects/Profile/00ed00000017IobAAE""},""Id"":""00ed00000017IobAAE"",""Name"":""System Administrator""}}},{""Parent"":{""Id"":""0PSd0000000quKmGAI"",""Type"":""Regular"",""Label"":""Additional Administrator Permissions"",""PermissionSetGroupId"":null,""Profile"":null}}]"
"01p0W000003SNGfQAO","ContactHashUpdateBatch","[{""Parent"":{""Id"":""0PSd0000000oWPgGAM"",""Type"":""Profile"",""Label"":""00ex00000018ozT_128_09_43_34_1"",""PermissionSetGroupId"":null,""Profile"":{""attributes"":{""type"":""Profile"",""url"":""/services/data/v53.0/sobjects/Profile/00ed00000017IobAAE""},""Id"":""00ed00000017IobAAE"",""Name"":""System Administrator""}}}]"
"01p0W000003wv0bQAA","ContactMatcherAPI","[{""Parent"":{""Id"":""0PSd0000000oWPgGAM"",""Type"":""Profile"",""Label"":""00ex00000018ozT_128_09_43_34_1"",""PermissionSetGroupId"":null,""Profile"":{""attributes"":{""type"":""Profile"",""url"":""/services/data/v53.0/sobjects/Profile/00ed00000017IobAAE""},""Id"":""00ed00000017IobAAE"",""Name"":""System Administrator""}}}]"
"01p0W000003wv0cQAA","ContactMatcherAPITest","[{""Parent"":{""Id"":""0PSd0000000oWPgGAM"",""Type"":""Profile"",""Label"":""00ex00000018ozT_128_09_43_34_1"",""PermissionSetGroupId"":null,""Profile"":{""attributes"":{""type"":""Profile"",""url"":""/services/data/v53.0/sobjects/Profile/00ed00000017IobAAE""},""Id"":""00ed00000017IobAAE"",""Name"":""System Administrator""}}}]"
"01p0W000003jKniQAE","ContactMatcherBatch","[{""Parent"":{""Id"":""0PSd0000000oWPgGAM"",""Type"":""Profile"",""Label"":""00ex00000018ozT_128_09_43_34_1"",""PermissionSetGroupId"":null,""Profile"":{""attributes"":{""type"":""Profile"",""url"":""/services/data/v53.0/sobjects/Profile/00ed00000017IobAAE""},""Id"":""00ed00000017IobAAE"",""Name"":""System Administrator""}}}]"
"01p6T000003wwWPQAY","ContactMatcherBatchTest","[{""Parent"":{""Id"":""0PSd0000000oWPgGAM"",""Type"":""Profile"",""Label"":""00ex00000018ozT_128_09_43_34_1"",""PermissionSetGroupId"":null,""Profile"":{""attributes"":{""type"":""Profile"",""url"":""/services/data/v53.0/sobjects/Profile/00ed00000017IobAAE""},""Id"":""00ed00000017IobAAE"",""Name"":""System Administrator""}}}]"
"01p0W000003jH4GQAU","ContactOperationsForSandBoxRefresh","[{""Parent"":{""Id"":""0PSd0000000oWPgGAM"",""Type"":""Profile"",""Label"":""00ex00000018ozT_128_09_43_34_1"",""PermissionSetGroupId"":null,""Profile"":{""attributes"":{""type"":""Profile"",""url"":""/services/data/v53.0/sobjects/Profile/00ed00000017IobAAE""},""Id"":""00ed00000017IobAAE"",""Name"":""System Administrator""}}}]"
"01p0W000003jH4HQAU","ContactOperationsForSandBoxRefreshTest","[{""Parent"":{""Id"":""0PSd0000000oWPgGAM"",""Type"":""Profile"",""Label"":""00ex00000018ozT_128_09_43_34_1"",""PermissionSetGroupId"":null,""Profile"":{""attributes"":{""type"":""Profile"",""url"":""/services/data/v53.0/sobjects/Profile/00ed00000017IobAAE""},""Id"":""00ed00000017IobAAE"",""Name"":""System Administrator""}}}]"
"01p6T000003wwQWQAY","ContactPhoneAdder","[{""Parent"":{""Id"":""0PSd0000000oWPgGAM"",""Type"":""Profile"",""Label"":""00ex00000018ozT_128_09_43_34_1"",""PermissionSetGroupId"":null,""Profile"":{""attributes"":{""type"":""Profile"",""url"":""/services/data/v53.0/sobjects/Profile/00ed00000017IobAAE""},""Id"":""00ed00000017IobAAE"",""Name"":""System Administrator""}}}]"
"01p0W000003jKGKQA2","ContactPinUtility","[{""Parent"":{""Id"":""0PSd0000000oWPgGAM"",""Type"":""Profile"",""Label"":""00ex00000018ozT_128_09_43_34_1"",""PermissionSetGroupId"":null,""Profile"":{""attributes"":{""type"":""Profile"",""url"":""/services/data/v53.0/sobjects/Profile/00ed00000017IobAAE""},""Id"":""00ed00000017IobAAE"",""Name"":""System Administrator""}}}]"
"01p0W000004AYUrQAO","ContactScrambler","[{""Parent"":{""Id"":""0PSd0000000oWPgGAM"",""Type"":""Profile"",""Label"":""00ex00000018ozT_128_09_43_34_1"",""PermissionSetGroupId"":null,""Profile"":{""attributes"":{""type"":""Profile"",""url"":""/services/data/v53.0/sobjects/Profile/00ed00000017IobAAE""},""Id"":""00ed00000017IobAAE"",""Name"":""System Administrator""}}}]"
"01p0W000004AYUsQAO","ContactScramblerTest","[{""Parent"":{""Id"":""0PSd0000000oWPgGAM"",""Type"":""Profile"",""Label"":""00ex00000018ozT_128_09_43_34_1"",""PermissionSetGroupId"":null,""Profile"":{""attributes"":{""type"":""Profile"",""url"":""/services/data/v53.0/sobjects/Profile/00ed00000017IobAAE""},""Id"":""00ed00000017IobAAE"",""Name"":""System Administrator""}}}]"
"01pd0000002vSPqAAM","ContactService","[{""Parent"":{""Id"":""0PSd0000000oWPgGAM"",""Type"":""Profile"",""Label"":""00ex00000018ozT_128_09_43_34_1"",""PermissionSetGroupId"":null,""Profile"":{""attributes"":{""type"":""Profile"",""url"":""/services/data/v53.0/sobjects/Profile/00ed00000017IobAAE""},""Id"":""00ed00000017IobAAE"",""Name"":""System Administrator""}}}]"
"01p6T000003ww6SQAQ","ContactTriggerTest","[{""Parent"":{""Id"":""0PSd0000000oWPgGAM"",""Type"":""Profile"",""Label"":""00ex00000018ozT_128_09_43_34_1"",""PermissionSetGroupId"":null,""Profile"":{""attributes"":{""type"":""Profile"",""url"":""/services/data/v53.0/sobjects/Profile/00ed00000017IobAAE""},""Id"":""00ed00000017IobAAE"",""Name"":""System Administrator""}}}]"
"01p0W000003SNLUQA4","ContactUploadAddFileExtension","[{""Parent"":{""Id"":""0PSd0000000oWPgGAM"",""Type"":""Profile"",""Label"":""00ex00000018ozT_128_09_43_34_1"",""PermissionSetGroupId"":null,""Profile"":{""attributes"":{""type"":""Profile"",""url"":""/services/data/v53.0/sobjects/Profile/00ed00000017IobAAE""},""Id"":""00ed00000017IobAAE"",""Name"":""System Administrator""}}}]"
"01p0W000003SNLVQA4","ContactUploadAddFileExtensionTest","[{""Parent"":{""Id"":""0PSd0000000oWPgGAM"",""Type"":""Profile"",""Label"":""00ex00000018ozT_128_09_43_34_1"",""PermissionSetGroupId"":null,""Profile"":{""attributes"":{""type"":""Profile"",""url"":""/services/data/v53.0/sobjects/Profile/00ed00000017IobAAE""},""Id"":""00ed00000017IobAAE"",""Name"":""System Administrator""}}}]"
"01p0W000003jIrYQAU","ContactUploadBatch","[{""Parent"":{""Id"":""0PSd0000000oWPgGAM"",""Type"":""Profile"",""Label"":""00ex00000018ozT_128_09_43_34_1"",""PermissionSetGroupId"":null,""Profile"":{""attributes"":{""type"":""Profile"",""url"":""/services/data/v53.0/sobjects/Profile/00ed00000017IobAAE""},""Id"":""00ed00000017IobAAE"",""Name"":""System Administrator""}}}]"
"01p0W000003jIrZQAU","ContactUploadBatchTest","[{""Parent"":{""Id"":""0PSd0000000oWPgGAM"",""Type"":""Profile"",""Label"":""00ex00000018ozT_128_09_43_34_1"",""PermissionSetGroupId"":null,""Profile"":{""attributes"":{""type"":""Profile"",""url"":""/services/data/v53.0/sobjects/Profile/00ed00000017IobAAE""},""Id"":""00ed00000017IobAAE"",""Name"":""System Administrator""}}}]"
"01p0W000003jIraQAE","ContactUploadDetailFactory","[{""Parent"":{""Id"":""0PSd0000000oWPgGAM"",""Type"":""Profile"",""Label"":""00ex00000018ozT_128_09_43_34_1"",""PermissionSetGroupId"":null,""Profile"":{""attributes"":{""type"":""Profile"",""url"":""/services/data/v53.0/sobjects/Profile/00ed00000017IobAAE""},""Id"":""00ed00000017IobAAE"",""Name"":""System Administrator""}}}]"
"01p0W000003jIrbQAE","ContactUploadDetailService","[{""Parent"":{""Id"":""0PSd0000000oWPgGAM"",""Type"":""Profile"",""Label"":""00ex00000018ozT_128_09_43_34_1"",""PermissionSetGroupId"":null,""Profile"":{""attributes"":{""type"":""Profile"",""url"":""/services/data/v53.0/sobjects/Profile/00ed00000017IobAAE""},""Id"":""00ed00000017IobAAE"",""Name"":""System Administrator""}}}]"
"01p0W000003jIrcQAE","ContactUploadDetailServiceTest","[{""Parent"":{""Id"":""0PSd0000000oWPgGAM"",""Type"":""Profile"",""Label"":""00ex00000018ozT_128_09_43_34_1"",""PermissionSetGroupId"":null,""Profile"":{""attributes"":{""type"":""Profile"",""url"":""/services/data/v53.0/sobjects/Profile/00ed00000017IobAAE""},""Id"":""00ed00000017IobAAE"",""Name"":""System Administrator""}}}]"
"01p0W000003jIrdQAE","ContactUploadFactory","[{""Parent"":{""Id"":""0PSd0000000oWPgGAM"",""Type"":""Profile"",""Label"":""00ex00000018ozT_128_09_43_34_1"",""PermissionSetGroupId"":null,""Profile"":{""attributes"":{""type"":""Profile"",""url"":""/services/data/v53.0/sobjects/Profile/00ed00000017IobAAE""},""Id"":""00ed00000017IobAAE"",""Name"":""System Administrator""}}}]"
"01p0W000003jIreQAE","ContactUploadFileReader","[{""Parent"":{""Id"":""0PSd0000000oWPgGAM"",""Type"":""Profile"",""Label"":""00ex00000018ozT_128_09_43_34_1"",""PermissionSetGroupId"":null,""Profile"":{""attributes"":{""type"":""Profile"",""url"":""/services/data/v53.0/sobjects/Profile/00ed00000017IobAAE""},""Id"":""00ed00000017IobAAE"",""Name"":""System Administrator""}}}]"
"01p0W000003jIrfQAE","ContactUploadSearcher","[{""Parent"":{""Id"":""0PSd0000000oWPgGAM"",""Type"":""Profile"",""Label"":""00ex00000018ozT_128_09_43_34_1"",""PermissionSetGroupId"":null,""Profile"":{""attributes"":{""type"":""Profile"",""url"":""/services/data/v53.0/sobjects/Profile/00ed00000017IobAAE""},""Id"":""00ed00000017IobAAE"",""Name"":""System Administrator""}}}]"
"01p6T000003wwaaQAA","ContactUploadSearcherTest","[{""Parent"":{""Id"":""0PSd0000000oWPgGAM"",""Type"":""Profile"",""Label"":""00ex00000018ozT_128_09_43_34_1"",""PermissionSetGroupId"":null,""Profile"":{""attributes"":{""type"":""Profile"",""url"":""/services/data/v53.0/sobjects/Profile/00ed00000017IobAAE""},""Id"":""00ed00000017IobAAE"",""Name"":""System Administrator""}}}]"
"01p0W000003jIrgQAE","ContactUploadValidator","[{""Parent"":{""Id"":""0PSd0000000oWPgGAM"",""Type"":""Profile"",""Label"":""00ex00000018ozT_128_09_43_34_1"",""PermissionSetGroupId"":null,""Profile"":{""attributes"":{""type"":""Profile"",""url"":""/services/data/v53.0/sobjects/Profile/00ed00000017IobAAE""},""Id"":""00ed00000017IobAAE"",""Name"":""System Administrator""}}}]"
"01p6T000003wwabQAA","ContactUploadValidatorTest","[{""Parent"":{""Id"":""0PSd0000000oWPgGAM"",""Type"":""Profile"",""Label"":""00ex00000018ozT_128_09_43_34_1"",""PermissionSetGroupId"":null,""Profile"":{""attributes"":{""type"":""Profile"",""url"":""/services/data/v53.0/sobjects/Profile/00ed00000017IobAAE""},""Id"":""00ed00000017IobAAE"",""Name"":""System Administrator""}}}]"
"01p0W000003frjyQAA","ConversationDispatcher","[{""Parent"":{""Id"":""0PSd0000000oWPgGAM"",""Type"":""Profile"",""Label"":""00ex00000018ozT_128_09_43_34_1"",""PermissionSetGroupId"":null,""Profile"":{""attributes"":{""type"":""Profile"",""url"":""/services/data/v53.0/sobjects/Profile/00ed00000017IobAAE""},""Id"":""00ed00000017IobAAE"",""Name"":""System Administrator""}}},{""Parent"":{""Id"":""0PS0W000001sbm1WAA"",""Type"":""Regular"",""Label"":""SMS Magic Academic Advising"",""PermissionSetGroupId"":null,""Profile"":null}},{""Parent"":{""Id"":""0PS0W000001GhJsWAK"",""Type"":""Regular"",""Label"":""SMS Magic First Year Success Coach"",""PermissionSetGroupId"":null,""Profile"":null}},{""Parent"":{""Id"":""0PS6T000001k9thWAA"",""Type"":""Group"",""Label"":""SMS Magic Users - Academic Advisors Manager"",""PermissionSetGroupId"":""0PG6T000000GmepWAC"",""Profile"":null}},{""Parent"":{""Id"":""0PS6T000001k9tiWAA"",""Type"":""Group"",""Label"":""SMS Magic Users - Academic Advisors Staff"",""PermissionSetGroupId"":""0PG6T000000GmeqWAC"",""Profile"":null}},{""Parent"":{""Id"":""0PS6T000001k9tjWAA"",""Type"":""Group"",""Label"":""SMS Magic Users - FYS"",""PermissionSetGroupId"":""0PG6T000000GmerWAC"",""Profile"":null}}]"
"01p0W000003frjzQAA","ConversationDispatcherTest","[{""Parent"":{""Id"":""0PSd0000000oWPgGAM"",""Type"":""Profile"",""Label"":""00ex00000018ozT_128_09_43_34_1"",""PermissionSetGroupId"":null,""Profile"":{""attributes"":{""type"":""Profile"",""url"":""/services/data/v53.0/sobjects/Profile/00ed00000017IobAAE""},""Id"":""00ed00000017IobAAE"",""Name"":""System Administrator""}}},{""Parent"":{""Id"":""0PS0W000001sbm1WAA"",""Type"":""Regular"",""Label"":""SMS Magic Academic Advising"",""PermissionSetGroupId"":null,""Profile"":null}},{""Parent"":{""Id"":""0PS0W000001GhJsWAK"",""Type"":""Regular"",""Label"":""SMS Magic First Year Success Coach"",""PermissionSetGroupId"":null,""Profile"":null}},{""Parent"":{""Id"":""0PS6T000001k9thWAA"",""Type"":""Group"",""Label"":""SMS Magic Users - Academic Advisors Manager"",""PermissionSetGroupId"":""0PG6T000000GmepWAC"",""Profile"":null}},{""Parent"":{""Id"":""0PS6T000001k9tiWAA"",""Type"":""Group"",""Label"":""SMS Magic Users - Academic Advisors Staff"",""PermissionSetGroupId"":""0PG6T000000GmeqWAC"",""Profile"":null}},{""Parent"":{""Id"":""0PS6T000001k9tjWAA"",""Type"":""Group"",""Label"":""SMS Magic Users - FYS"",""PermissionSetGroupId"":""0PG6T000000GmerWAC"",""Profile"":null}}]"
"01p0W000003frk0QAA","ConversationServicer","[{""Parent"":{""Id"":""0PSd0000000oWPgGAM"",""Type"":""Profile"",""Label"":""00ex00000018ozT_128_09_43_34_1"",""PermissionSetGroupId"":null,""Profile"":{""attributes"":{""type"":""Profile"",""url"":""/services/data/v53.0/sobjects/Profile/00ed00000017IobAAE""},""Id"":""00ed00000017IobAAE"",""Name"":""System Administrator""}}},{""Parent"":{""Id"":""0PS0W000001sbm1WAA"",""Type"":""Regular"",""Label"":""SMS Magic Academic Advising"",""PermissionSetGroupId"":null,""Profile"":null}},{""Parent"":{""Id"":""0PS0W000001GhJsWAK"",""Type"":""Regular"",""Label"":""SMS Magic First Year Success Coach"",""PermissionSetGroupId"":null,""Profile"":null}},{""Parent"":{""Id"":""0PS6T000001k9thWAA"",""Type"":""Group"",""Label"":""SMS Magic Users - Academic Advisors Manager"",""PermissionSetGroupId"":""0PG6T000000GmepWAC"",""Profile"":null}},{""Parent"":{""Id"":""0PS6T000001k9tiWAA"",""Type"":""Group"",""Label"":""SMS Magic Users - Academic Advisors Staff"",""PermissionSetGroupId"":""0PG6T000000GmeqWAC"",""Profile"":null}},{""Parent"":{""Id"":""0PS6T000001k9tjWAA"",""Type"":""Group"",""Label"":""SMS Magic Users - FYS"",""PermissionSetGroupId"":""0PG6T000000GmerWAC"",""Profile"":null}}]"
"01p0W000004AWkrQAG","ConversationServiceTest","[{""Parent"":{""Id"":""0PSd0000000oWPgGAM"",""Type"":""Profile"",""Label"":""00ex00000018ozT_128_09_43_34_1"",""PermissionSetGroupId"":null,""Profile"":{""attributes"":{""type"":""Profile"",""url"":""/services/data/v53.0/sobjects/Profile/00ed00000017IobAAE""},""Id"":""00ed00000017IobAAE"",""Name"":""System Administrator""}}}]"
"01p0W000004AYgPQAW","CrossOrgShareCallout","[{""Parent"":{""Id"":""0PSd0000000oWPgGAM"",""Type"":""Profile"",""Label"":""00ex00000018ozT_128_09_43_34_1"",""PermissionSetGroupId"":null,""Profile"":{""attributes"":{""type"":""Profile"",""url"":""/services/data/v53.0/sobjects/Profile/00ed00000017IobAAE""},""Id"":""00ed00000017IobAAE"",""Name"":""System Administrator""}}}]"
"01p0W000004AYgQQAW","CrossOrgShareCalloutMock","[{""Parent"":{""Id"":""0PSd0000000oWPgGAM"",""Type"":""Profile"",""Label"":""00ex00000018ozT_128_09_43_34_1"",""PermissionSetGroupId"":null,""Profile"":{""attributes"":{""type"":""Profile"",""url"":""/services/data/v53.0/sobjects/Profile/00ed00000017IobAAE""},""Id"":""00ed00000017IobAAE"",""Name"":""System Administrator""}}}]"
"01p0W000004AYgRQAW","CrossOrgShareCalloutTest","[{""Parent"":{""Id"":""0PSd0000000oWPgGAM"",""Type"":""Profile"",""Label"":""00ex00000018ozT_128_09_43_34_1"",""PermissionSetGroupId"":null,""Profile"":{""attributes"":{""type"":""Profile"",""url"":""/services/data/v53.0/sobjects/Profile/00ed00000017IobAAE""},""Id"":""00ed00000017IobAAE"",""Name"":""System Administrator""}}}]"
"01p0W000004AYgSQAW","CrossOrgShareUtilities","[{""Parent"":{""Id"":""0PSd0000000oWPgGAM"",""Type"":""Profile"",""Label"":""00ex00000018ozT_128_09_43_34_1"",""PermissionSetGroupId"":null,""Profile"":{""attributes"":{""type"":""Profile"",""url"":""/services/data/v53.0/sobjects/Profile/00ed00000017IobAAE""},""Id"":""00ed00000017IobAAE"",""Name"":""System Administrator""}}}]"
"01p0W000004AYgTQAW","CrossOrgShareUtilitiesTest","[{""Parent"":{""Id"":""0PSd0000000oWPgGAM"",""Type"":""Profile"",""Label"":""00ex00000018ozT_128_09_43_34_1"",""PermissionSetGroupId"":null,""Profile"":{""attributes"":{""type"":""Profile"",""url"":""/services/data/v53.0/sobjects/Profile/00ed00000017IobAAE""},""Id"":""00ed00000017IobAAE"",""Name"":""System Administrator""}}}]"
"01p0W000003SNLWQA4","CsvIterator","[{""Parent"":{""Id"":""0PSd0000000oWPgGAM"",""Type"":""Profile"",""Label"":""00ex00000018ozT_128_09_43_34_1"",""PermissionSetGroupId"":null,""Profile"":{""attributes"":{""type"":""Profile"",""url"":""/services/data/v53.0/sobjects/Profile/00ed00000017IobAAE""},""Id"":""00ed00000017IobAAE"",""Name"":""System Administrator""}}}]"
"01p0W000004AYUtQAO","CsvManager","[{""Parent"":{""Id"":""0PSd0000000oWPgGAM"",""Type"":""Profile"",""Label"":""00ex00000018ozT_128_09_43_34_1"",""PermissionSetGroupId"":null,""Profile"":{""attributes"":{""type"":""Profile"",""url"":""/services/data/v53.0/sobjects/Profile/00ed00000017IobAAE""},""Id"":""00ed00000017IobAAE"",""Name"":""System Administrator""}}}]"
"01p0W000004AYUuQAO","CsvManagerTest","[{""Parent"":{""Id"":""0PSd0000000oWPgGAM"",""Type"":""Profile"",""Label"":""00ex00000018ozT_128_09_43_34_1"",""PermissionSetGroupId"":null,""Profile"":{""attributes"":{""type"":""Profile"",""url"":""/services/data/v53.0/sobjects/Profile/00ed00000017IobAAE""},""Id"":""00ed00000017IobAAE"",""Name"":""System Administrator""}}}]"
"01p0W000003SNLXQA4","CsvReader","[{""Parent"":{""Id"":""0PSd0000000oWPgGAM"",""Type"":""Profile"",""Label"":""00ex00000018ozT_128_09_43_34_1"",""PermissionSetGroupId"":null,""Profile"":{""attributes"":{""type"":""Profile"",""url"":""/services/data/v53.0/sobjects/Profile/00ed00000017IobAAE""},""Id"":""00ed00000017IobAAE"",""Name"":""System Administrator""}}}]"
"01p6T000003THDvQAO","CsvReaderTest","[{""Parent"":{""Id"":""0PSd0000000oWPgGAM"",""Type"":""Profile"",""Label"":""00ex00000018ozT_128_09_43_34_1"",""PermissionSetGroupId"":null,""Profile"":{""attributes"":{""type"":""Profile"",""url"":""/services/data/v53.0/sobjects/Profile/00ed00000017IobAAE""},""Id"":""00ed00000017IobAAE"",""Name"":""System Administrator""}}}]"
"01pd0000003vYdxAAE","customAlert","[{""Parent"":{""Id"":""0PSd0000000oWPgGAM"",""Type"":""Profile"",""Label"":""00ex00000018ozT_128_09_43_34_1"",""PermissionSetGroupId"":null,""Profile"":{""attributes"":{""type"":""Profile"",""url"":""/services/data/v53.0/sobjects/Profile/00ed00000017IobAAE""},""Id"":""00ed00000017IobAAE"",""Name"":""System Administrator""}}}]"
"01p0W000003frkoQAA","CustomSenderService","[{""Parent"":{""Id"":""0PSd0000000oWPgGAM"",""Type"":""Profile"",""Label"":""00ex00000018ozT_128_09_43_34_1"",""PermissionSetGroupId"":null,""Profile"":{""attributes"":{""type"":""Profile"",""url"":""/services/data/v53.0/sobjects/Profile/00ed00000017IobAAE""},""Id"":""00ed00000017IobAAE"",""Name"":""System Administrator""}}},{""Parent"":{""Id"":""0PS0W000001sbm1WAA"",""Type"":""Regular"",""Label"":""SMS Magic Academic Advising"",""PermissionSetGroupId"":null,""Profile"":null}},{""Parent"":{""Id"":""0PS0W000001GhJsWAK"",""Type"":""Regular"",""Label"":""SMS Magic First Year Success Coach"",""PermissionSetGroupId"":null,""Profile"":null}},{""Parent"":{""Id"":""0PS6T000001k9thWAA"",""Type"":""Group"",""Label"":""SMS Magic Users - Academic Advisors Manager"",""PermissionSetGroupId"":""0PG6T000000GmepWAC"",""Profile"":null}},{""Parent"":{""Id"":""0PS6T000001k9tiWAA"",""Type"":""Group"",""Label"":""SMS Magic Users - Academic Advisors Staff"",""PermissionSetGroupId"":""0PG6T000000GmeqWAC"",""Profile"":null}},{""Parent"":{""Id"":""0PS6T000001k9tjWAA"",""Type"":""Group"",""Label"":""SMS Magic Users - FYS"",""PermissionSetGroupId"":""0PG6T000000GmerWAC"",""Profile"":null}}]"
"01p0W000003frkpQAA","CustomSenderServiceTest","[{""Parent"":{""Id"":""0PSd0000000oWPgGAM"",""Type"":""Profile"",""Label"":""00ex00000018ozT_128_09_43_34_1"",""PermissionSetGroupId"":null,""Profile"":{""attributes"":{""type"":""Profile"",""url"":""/services/data/v53.0/sobjects/Profile/00ed00000017IobAAE""},""Id"":""00ed00000017IobAAE"",""Name"":""System Administrator""}}},{""Parent"":{""Id"":""0PS0W000001sbm1WAA"",""Type"":""Regular"",""Label"":""SMS Magic Academic Advising"",""PermissionSetGroupId"":null,""Profile"":null}},{""Parent"":{""Id"":""0PS0W000001GhJsWAK"",""Type"":""Regular"",""Label"":""SMS Magic First Year Success Coach"",""PermissionSetGroupId"":null,""Profile"":null}},{""Parent"":{""Id"":""0PS6T000001k9thWAA"",""Type"":""Group"",""Label"":""SMS Magic Users - Academic Advisors Manager"",""PermissionSetGroupId"":""0PG6T000000GmepWAC"",""Profile"":null}},{""Parent"":{""Id"":""0PS6T000001k9tiWAA"",""Type"":""Group"",""Label"":""SMS Magic Users - Academic Advisors Staff"",""PermissionSetGroupId"":""0PG6T000000GmeqWAC"",""Profile"":null}},{""Parent"":{""Id"":""0PS6T000001k9tjWAA"",""Type"":""Group"",""Label"":""SMS Magic Users - FYS"",""PermissionSetGroupId"":""0PG6T000000GmerWAC"",""Profile"":null}}]"
"01pd0000002veDzAAI","DataComHierarchiesControllerExtension","[{""Parent"":{""Id"":""0PSd0000000r49zGAA"",""Type"":""Profile"",""Label"":""00ed0000001A24iAAC"",""PermissionSetGroupId"":null,""Profile"":{""attributes"":{""type"":""Profile"",""url"":""/services/data/v53.0/sobjects/Profile/00ed0000001A24iAAC""},""Id"":""00ed0000001A24iAAC"",""Name"":""ASU Corporate Relations""}}},{""Parent"":{""Id"":""0PSd0000000oWPgGAM"",""Type"":""Profile"",""Label"":""00ex00000018ozT_128_09_43_34_1"",""PermissionSetGroupId"":null,""Profile"":{""attributes"":{""type"":""Profile"",""url"":""/services/data/v53.0/sobjects/Profile/00ed00000017IobAAE""},""Id"":""00ed00000017IobAAE"",""Name"":""System Administrator""}}},{""Parent"":{""Id"":""0PS6T000001k9teWAA"",""Type"":""Group"",""Label"":""IAM Staff User Setup"",""PermissionSetGroupId"":""0PG6T000000GmemWAC"",""Profile"":null}},{""Parent"":{""Id"":""0PS0W000001KoRlWAK"",""Type"":""Regular"",""Label"":""Merge Accounts and Contacts"",""PermissionSetGroupId"":null,""Profile"":null}},{""Parent"":{""Id"":""0PSd0000001jxZAGAY"",""Type"":""Regular"",""Label"":""Role: Corporate Relations"",""PermissionSetGroupId"":null,""Profile"":null}}]"
"01p6T000003ww6TQAQ","DataComHierarchiesControllerTest","[{""Parent"":{""Id"":""0PSd0000000oWPgGAM"",""Type"":""Profile"",""Label"":""00ex00000018ozT_128_09_43_34_1"",""PermissionSetGroupId"":null,""Profile"":{""attributes"":{""type"":""Profile"",""url"":""/services/data/v53.0/sobjects/Profile/00ed00000017IobAAE""},""Id"":""00ed00000017IobAAE"",""Name"":""System Administrator""}}}]"
"01pd0000002uxvGAAQ","DeferredTABatchScheduler","[{""Parent"":{""Id"":""0PSd0000000oWPgGAM"",""Type"":""Profile"",""Label"":""00ex00000018ozT_128_09_43_34_1"",""PermissionSetGroupId"":null,""Profile"":{""attributes"":{""type"":""Profile"",""url"":""/services/data/v53.0/sobjects/Profile/00ed00000017IobAAE""},""Id"":""00ed00000017IobAAE"",""Name"":""System Administrator""}}}]"
"01p0W000004AYgUQAW","EdPlusAggregatedNotesController","[{""Parent"":{""Id"":""0PS0W000001CNqIWAW"",""Type"":""Profile"",""Label"":""00e0W000001hh6oQAA"",""PermissionSetGroupId"":null,""Profile"":{""attributes"":{""type"":""Profile"",""url"":""/services/data/v53.0/sobjects/Profile/00e0W000001hh6oQAA""},""Id"":""00e0W000001hh6oQAA"",""Name"":""ASU Service - MasterCard Program""}}},{""Parent"":{""Id"":""0PS0W000001CNy2WAG"",""Type"":""Profile"",""Label"":""00e0W000001hhAbQAI"",""PermissionSetGroupId"":null,""Profile"":{""attributes"":{""type"":""Profile"",""url"":""/services/data/v53.0/sobjects/Profile/00e0W000001hhAbQAI""},""Id"":""00e0W000001hhAbQAI"",""Name"":""ASU Service - Public Service Academy""}}},{""Parent"":{""Id"":""0PS0W000001COffWAG"",""Type"":""Profile"",""Label"":""00e0W000001hhfyQAA"",""PermissionSetGroupId"":null,""Profile"":{""attributes"":{""type"":""Profile"",""url"":""/services/data/v53.0/sobjects/Profile/00e0W000001hhfyQAA""},""Id"":""00e0W000001hhfyQAA"",""Name"":""ASU Service - Biosafety""}}},{""Parent"":{""Id"":""0PS0W000001CO7YWAW"",""Type"":""Profile"",""Label"":""00e0W000001hhI6QAI"",""PermissionSetGroupId"":null,""Profile"":{""attributes"":{""type"":""Profile"",""url"":""/services/data/v53.0/sobjects/Profile/00e0W000001hhI6QAI""},""Id"":""00e0W000001hhI6QAI"",""Name"":""ASU Service - New College Deans Office""}}},{""Parent"":{""Id"":""0PS0W000001CO8CWAW"",""Type"":""Profile"",""Label"":""00e0W000001hhIfQAI"",""PermissionSetGroupId"":null,""Profile"":{""attributes"":{""type"":""Profile"",""url"":""/services/data/v53.0/sobjects/Profile/00e0W000001hhIfQAI""},""Id"":""00e0W000001hhIfQAI"",""Name"":""ASU Service - Engineering - K12 Engineering Education""}}},{""Parent"":{""Id"":""0PS0W000001GgWMWA0"",""Type"":""Profile"",""Label"":""00e0W000001lvaCQAQ"",""PermissionSetGroupId"":null,""Profile"":{""attributes"":{""type"":""Profile"",""url"":""/services/data/v53.0/sobjects/Profile/00e0W000001lvaCQAQ""},""Id"":""00e0W000001lvaCQAQ"",""Name"":""ASU Service - University Events & Protocol""}}},{""Parent"":{""Id"":""0PS0W000001Gga4WAC"",""Type"":""Profile"",""Label"":""00e0W000001lvb5QAA"",""PermissionSetGroupId"":null,""Profile"":{""attributes"":{""type"":""Profile"",""url"":""/services/data/v53.0/sobjects/Profile/00e0W000001lvb5QAA""},""Id"":""00e0W000001lvb5QAA"",""Name"":""ASU Service - Psychology Research Advancement""}}},{""Parent"":{""Id"":""0PS0W000001GgbCWAS"",""Type"":""Profile"",""Label"":""00e0W000001lvbKQAQ"",""PermissionSetGroupId"":null,""Profile"":{""attributes"":{""type"":""Profile"",""url"":""/services/data/v53.0/sobjects/Profile/00e0W000001lvbKQAQ""},""Id"":""00e0W000001lvbKQAQ"",""Name"":""ASU Service - ASU Local""}}},{""Parent"":{""Id"":""0PS0W000001GgfJWAS"",""Type"":""Profile"",""Label"":""00e0W000001lvcIQAQ"",""PermissionSetGroupId"":null,""Profile"":{""attributes"":{""type"":""Profile"",""url"":""/services/data/v53.0/sobjects/Profile/00e0W000001lvcIQAQ""},""Id"":""00e0W000001lvcIQAQ"",""Name"":""ASU Service - The College - Interplanetary Initiatives""}}},{""Parent"":{""Id"":""0PS0W000001GgzxWAC"",""Type"":""Profile"",""Label"":""00e0W000001lvdaQAA"",""PermissionSetGroupId"":null,""Profile"":{""attributes"":{""type"":""Profile"",""url"":""/services/data/v53.0/sobjects/Profile/00e0W000001lvdaQAA""},""Id"":""00e0W000001lvdaQAA"",""Name"":""ASU Service - Watts Bridging Success""}}},{""Parent"":{""Id"":""0PS0W000001GftOWAS"",""Type"":""Profile"",""Label"":""00e0W000001lvOQQAY"",""PermissionSetGroupId"":null,""Profile"":{""attributes"":{""type"":""Profile"",""url"":""/services/data/v53.0/sobjects/Profile/00e0W000001lvOQQAY""},""Id"":""00e0W000001lvOQQAY"",""Name"":""ASU Service - ASU Family Programs""}}},{""Parent"":{""Id"":""0PS0W000001Gg0eWAC"",""Type"":""Profile"",""Label"":""00e0W000001lvQvQAI"",""PermissionSetGroupId"":null,""Profile"":{""attributes"":{""type"":""Profile"",""url"":""/services/data/v53.0/sobjects/Profile/00e0W000001lvQvQAI""},""Id"":""00e0W000001lvQvQAI"",""Name"":""ASU Service - TC SOLS Academic Integrity""}}},{""Parent"":{""Id"":""0PS0W000001GiExWAK"",""Type"":""Profile"",""Label"":""00e0W000001lvubQAA"",""PermissionSetGroupId"":null,""Profile"":{""attributes"":{""type"":""Profile"",""url"":""/services/data/v53.0/sobjects/Profile/00e0W000001lvubQAA""},""Id"":""00e0W000001lvubQAA"",""Name"":""ASU Service - DNASU Plasmid Repository""}}},{""Parent"":{""Id"":""0PS0W000001bgzVWAQ"",""Type"":""Profile"",""Label"":""00e0W000001yXmFQAU"",""PermissionSetGroupId"":null,""Profile"":{""attributes"":{""type"":""Profile"",""url"":""/services/data/v53.0/sobjects/Profile/00e0W000001yXmFQAU""},""Id"":""00e0W000001yXmFQAU"",""Name"":""ASU Recruitment - Team (ESISD)""}}},{""Parent"":{""Id"":""0PS0W000001P1NAWA0"",""Type"":""Profile"",""Label"":""00e0W0000022hBdQAI"",""PermissionSetGroupId"":null,""Profile"":{""attributes"":{""type"":""Profile"",""url"":""/services/data/v53.0/sobjects/Profile/00e0W0000022hBdQAI""},""Id"":""00e0W0000022hBdQAI"",""Name"":""ASU Service - Success Courses""}}},{""Parent"":{""Id"":""0PS0W000001fphCWAQ"",""Type"":""Profile"",""Label"":""00e0W0000026u4qQAA"",""PermissionSetGroupId"":null,""Profile"":{""attributes"":{""type"":""Profile"",""url"":""/services/data/v53.0/sobjects/Profile/00e0W0000026u4qQAA""},""Id"":""00e0W0000026u4qQAA"",""Name"":""ASU Service - Opportunities for Youth""}}},{""Parent"":{""Id"":""0PS0W000001KoULWA0"",""Type"":""Profile"",""Label"":""00e0W000002B4xjQAC"",""PermissionSetGroupId"":null,""Profile"":{""attributes"":{""type"":""Profile"",""url"":""/services/data/v53.0/sobjects/Profile/00e0W000002B4xjQAC""},""Id"":""00e0W000002B4xjQAC"",""Name"":""ASU Service - ATCS and Study Abroad""}}},{""Parent"":{""Id"":""0PS0W000001KpSQWA0"",""Type"":""Profile"",""Label"":""00e0W000002B5TBQA0"",""PermissionSetGroupId"":null,""Profile"":{""attributes"":{""type"":""Profile"",""url"":""/services/data/v53.0/sobjects/Profile/00e0W000002B5TBQA0""},""Id"":""00e0W000002B5TBQA0"",""Name"":""ASU Service - TC - SCETL""}}},{""Parent"":{""Id"":""0PS0W000001sasmWAA"",""Type"":""Profile"",""Label"":""00e0W000002JZG1QAO"",""PermissionSetGroupId"":null,""Profile"":{""attributes"":{""type"":""Profile"",""url"":""/services/data/v53.0/sobjects/Profile/00e0W000002JZG1QAO""},""Id"":""00e0W000002JZG1QAO"",""Name"":""API User - Ed Plus Org""}}},{""Parent"":{""Id"":""0PS0W000001sbaPWAQ"",""Type"":""Profile"",""Label"":""00e0W000002JZOFQA4"",""PermissionSetGroupId"":null,""Profile"":{""attributes"":{""type"":""Profile"",""url"":""/services/data/v53.0/sobjects/Profile/00e0W000002JZOFQA4""},""Id"":""00e0W000002JZOFQA4"",""Name"":""ASU Service - Explore""}}},{""Parent"":{""Id"":""0PS0W000001sbktWAA"",""Type"":""Profile"",""Label"":""00e0W000002JZROQA4"",""PermissionSetGroupId"":null,""Profile"":{""attributes"":{""type"":""Profile"",""url"":""/services/data/v53.0/sobjects/Profile/00e0W000002JZROQA4""},""Id"":""00e0W000002JZROQA4"",""Name"":""ASU Service - College of Global Futures""}}},{""Parent"":{""Id"":""0PS0W000001jz1PWAQ"",""Type"":""Profile"",""Label"":""00e0W000002NfGqQAK"",""PermissionSetGroupId"":null,""Profile"":{""attributes"":{""type"":""Profile"",""url"":""/services/data/v53.0/sobjects/Profile/00e0W000002NfGqQAK""},""Id"":""00e0W000002NfGqQAK"",""Name"":""ASU Service - Enrollment Analysis""}}},{""Parent"":{""Id"":""0PS0W000001k9UOWAY"",""Type"":""Profile"",""Label"":""00e0W000002NjQ0QAK"",""PermissionSetGroupId"":null,""Profile"":{""attributes"":{""type"":""Profile"",""url"":""/services/data/v53.0/sobjects/Profile/00e0W000002NjQ0QAK""},""Id"":""00e0W000002NjQ0QAK"",""Name"":""ASU Service - International Students and Scholars Center SMS""}}},{""Parent"":{""Id"":""0PS6T000001CZe3WAG"",""Type"":""Profile"",""Label"":""00e6T000001hlA1QAI"",""PermissionSetGroupId"":null,""Profile"":{""attributes"":{""type"":""Profile"",""url"":""/services/data/v53.0/sobjects/Profile/00e6T000001hlA1QAI""},""Id"":""00e6T000001hlA1QAI"",""Name"":""ASU Service - Engineering - Poly HR""}}},{""Parent"":{""Id"":""0PS6T000001k9crWAA"",""Type"":""Profile"",""Label"":""00e6T000002NjQeQAK"",""PermissionSetGroupId"":null,""Profile"":{""attributes"":{""type"":""Profile"",""url"":""/services/data/v53.0/sobjects/Profile/00e6T000002NjQeQAK""},""Id"":""00e6T000002NjQeQAK"",""Name"":""ASU Service - Information Technology Support Hub""}}},{""Parent"":{""Id"":""0PS6T000001kAE8WAM"",""Type"":""Profile"",""Label"":""00e6T000002NjSuQAK"",""PermissionSetGroupId"":null,""Profile"":{""attributes"":{""type"":""Profile"",""url"":""/services/data/v53.0/sobjects/Profile/00e6T000002NjSuQAK""},""Id"":""00e6T000002NjSuQAK"",""Name"":""ASU Service - SMS API""}}},{""Parent"":{""Id"":""0PSd0000000H441GAC"",""Type"":""Profile"",""Label"":""00ed0000000jbjMAAQ"",""PermissionSetGroupId"":null,""Profile"":{""attributes"":{""type"":""Profile"",""url"":""/services/data/v53.0/sobjects/Profile/00ed0000000jbjMAAQ""},""Id"":""00ed0000000jbjMAAQ"",""Name"":""ASU Service - Design and the Arts""}}},{""Parent"":{""Id"":""0PSd0000000H4AQGA0"",""Type"":""Profile"",""Label"":""00ed0000000jbo2AAA"",""PermissionSetGroupId"":null,""Profile"":{""attributes"":{""type"":""Profile"",""url"":""/services/data/v53.0/sobjects/Profile/00ed0000000jbo2AAA""},""Id"":""00ed0000000jbo2AAA"",""Name"":""ASU Service - International Initiatives Graduate Education""}}},{""Parent"":{""Id"":""0PSd0000000H4BxGAK"",""Type"":""Profile"",""Label"":""00ed0000000jboMAAQ"",""PermissionSetGroupId"":null,""Profile"":{""attributes"":{""type"":""Profile"",""url"":""/services/data/v53.0/sobjects/Profile/00ed0000000jboMAAQ""},""Id"":""00ed0000000jboMAAQ"",""Name"":""ASU Service - W. P. Carey Business""}}},{""Parent"":{""Id"":""0PSd0000000H4C2GAK"",""Type"":""Profile"",""Label"":""00ed0000000jboRAAQ"",""PermissionSetGroupId"":null,""Profile"":{""attributes"":{""type"":""Profile"",""url"":""/services/data/v53.0/sobjects/Profile/00ed0000000jboRAAQ""},""Id"":""00ed0000000jboRAAQ"",""Name"":""ASU Service - Parking and Transit Services""}}},{""Parent"":{""Id"":""0PSd0000000H4C7GAK"",""Type"":""Profile"",""Label"":""00ed0000000jboWAAQ"",""PermissionSetGroupId"":null,""Profile"":{""attributes"":{""type"":""Profile"",""url"":""/services/data/v53.0/sobjects/Profile/00ed0000000jboWAAQ""},""Id"":""00ed0000000jboWAAQ"",""Name"":""ASU Service - First Year Success Center""}}},{""Parent"":{""Id"":""0PSd0000000H4J3GAK"",""Type"":""Profile"",""Label"":""00ed0000000jbqhAAA"",""PermissionSetGroupId"":null,""Profile"":{""attributes"":{""type"":""Profile"",""url"":""/services/data/v53.0/sobjects/Profile/00ed0000000jbqhAAA""},""Id"":""00ed0000000jbqhAAA"",""Name"":""ASU Service - Pat Tillman Veteran Center""}}},{""Parent"":{""Id"":""0PSd0000000H4J8GAK"",""Type"":""Profile"",""Label"":""00ed0000000jbqmAAA"",""PermissionSetGroupId"":null,""Profile"":{""attributes"":{""type"":""Profile"",""url"":""/services/data/v53.0/sobjects/Profile/00ed0000000jbqmAAA""},""Id"":""00ed0000000jbqmAAA"",""Name"":""ASU Service - Thunderbird""}}},{""Parent"":{""Id"":""0PSd0000000H4N0GAK"",""Type"":""Profile"",""Label"":""00ed0000000jbtHAAQ"",""PermissionSetGroupId"":null,""Profile"":{""attributes"":{""type"":""Profile"",""url"":""/services/data/v53.0/sobjects/Profile/00ed0000000jbtHAAQ""},""Id"":""00ed0000000jbtHAAQ"",""Name"":""ASU Service - EOSS""}}},{""Parent"":{""Id"":""0PSd0000000H4N5GAK"",""Type"":""Profile"",""Label"":""00ed0000000jbtMAAQ"",""PermissionSetGroupId"":null,""Profile"":{""attributes"":{""type"":""Profile"",""url"":""/services/data/v53.0/sobjects/Profile/00ed0000000jbtMAAQ""},""Id"":""00ed0000000jbtMAAQ"",""Name"":""ASU Service - Sun Devil Card Services""}}},{""Parent"":{""Id"":""0PSd0000000H4NAGA0"",""Type"":""Profile"",""Label"":""00ed0000000jbtRAAQ"",""PermissionSetGroupId"":null,""Profile"":{""attributes"":{""type"":""Profile"",""url"":""/services/data/v53.0/sobjects/Profile/00ed0000000jbtRAAQ""},""Id"":""00ed0000000jbtRAAQ"",""Name"":""ASU Service - Career Services""}}},{""Parent"":{""Id"":""0PSd0000000H4PVGA0"",""Type"":""Profile"",""Label"":""00ed0000000jbu5AAA"",""PermissionSetGroupId"":null,""Profile"":{""attributes"":{""type"":""Profile"",""url"":""/services/data/v53.0/sobjects/Profile/00ed0000000jbu5AAA""},""Id"":""00ed0000000jbu5AAA"",""Name"":""ASU Service - University Academic Success Programs""}}},{""Parent"":{""Id"":""0PSd0000000H4PaGAK"",""Type"":""Profile"",""Label"":""00ed0000000jbuAAAQ"",""PermissionSetGroupId"":null,""Profile"":{""attributes"":{""type"":""Profile"",""url"":""/services/data/v53.0/sobjects/Profile/00ed0000000jbuAAAQ""},""Id"":""00ed0000000jbuAAAQ"",""Name"":""ASU Service - Honors""}}},{""Parent"":{""Id"":""0PSd0000000H4QTGA0"",""Type"":""Profile"",""Label"":""00ed0000000jbujAAA"",""PermissionSetGroupId"":null,""Profile"":{""attributes"":{""type"":""Profile"",""url"":""/services/data/v53.0/sobjects/Profile/00ed0000000jbujAAA""},""Id"":""00ed0000000jbujAAA"",""Name"":""ASU Service - Journalism""}}},{""Parent"":{""Id"":""0PSd0000000H4QYGA0"",""Type"":""Profile"",""Label"":""00ed0000000jbuoAAA"",""PermissionSetGroupId"":null,""Profile"":{""attributes"":{""type"":""Profile"",""url"":""/services/data/v53.0/sobjects/Profile/00ed0000000jbuoAAA""},""Id"":""00ed0000000jbuoAAA"",""Name"":""ASU Service - Office of the University Provost""}}},{""Parent"":{""Id"":""0PSd0000000H3g5GAC"",""Type"":""Profile"",""Label"":""00ed0000000jbV9AAI"",""PermissionSetGroupId"":null,""Profile"":{""attributes"":{""type"":""Profile"",""url"":""/services/data/v53.0/sobjects/Profile/00ed0000000jbV9AAI""},""Id"":""00ed0000000jbV9AAI"",""Name"":""ASU Service - TC - AIS""}}},{""Parent"":{""Id"":""0PSd0000000H3gAGAS"",""Type"":""Profile"",""Label"":""00ed0000000jbVEAAY"",""PermissionSetGroupId"":null,""Profile"":{""attributes"":{""type"":""Profile"",""url"":""/services/data/v53.0/sobjects/Profile/00ed0000000jbVEAAY""},""Id"":""00ed0000000jbVEAAY"",""Name"":""ASU Service - TC  - The Sanford School""}}},{""Parent"":{""Id"":""0PSd0000000H3gFGAS"",""Type"":""Profile"",""Label"":""00ed0000000jbVJAAY"",""PermissionSetGroupId"":null,""Profile"":{""attributes"":{""type"":""Profile"",""url"":""/services/data/v53.0/sobjects/Profile/00ed0000000jbVJAAY""},""Id"":""00ed0000000jbVJAAY"",""Name"":""ASU Service - TC - SST""}}},{""Parent"":{""Id"":""0PSd0000000H3gKGAS"",""Type"":""Profile"",""Label"":""00ed0000000jbVOAAY"",""PermissionSetGroupId"":null,""Profile"":{""attributes"":{""type"":""Profile"",""url"":""/services/data/v53.0/sobjects/Profile/00ed0000000jbVOAAY""},""Id"":""00ed0000000jbVOAAY"",""Name"":""ASU Service - TC - Army ROTC""}}},{""Parent"":{""Id"":""0PSd0000000H4ThGAK"",""Type"":""Profile"",""Label"":""00ed0000000jbwGAAQ"",""PermissionSetGroupId"":null,""Profile"":{""attributes"":{""type"":""Profile"",""url"":""/services/data/v53.0/sobjects/Profile/00ed0000000jbwGAAQ""},""Id"":""00ed0000000jbwGAAQ"",""Name"":""ASU Service - ASU Salesforce Support""}}},{""Parent"":{""Id"":""0PSd0000000H4WlGAK"",""Type"":""Profile"",""Label"":""00ed0000000jbyCAAQ"",""PermissionSetGroupId"":null,""Profile"":{""attributes"":{""type"":""Profile"",""url"":""/services/data/v53.0/sobjects/Profile/00ed0000000jbyCAAQ""},""Id"":""00ed0000000jbyCAAQ"",""Name"":""ASU Service - International Students and Scholars Center""}}},{""Parent"":{""Id"":""0PSd0000000H4XoGAK"",""Type"":""Profile"",""Label"":""00ed0000000jbylAAA"",""PermissionSetGroupId"":null,""Profile"":{""attributes"":{""type"":""Profile"",""url"":""/services/data/v53.0/sobjects/Profile/00ed0000000jbylAAA""},""Id"":""00ed0000000jbylAAA"",""Name"":""ASU Recruitment - Graduate Recruiter""}}},{""Parent"":{""Id"":""0PSd0000000H4ZLGA0"",""Type"":""Profile"",""Label"":""00ed0000000jbz0AAA"",""PermissionSetGroupId"":null,""Profile"":{""attributes"":{""type"":""Profile"",""url"":""/services/data/v53.0/sobjects/Profile/00ed0000000jbz0AAA""},""Id"":""00ed0000000jbz0AAA"",""Name"":""ASU Service - School for the Future of Innovation in Society""}}},{""Parent"":{""Id"":""0PSd0000000H4ZQGA0"",""Type"":""Profile"",""Label"":""00ed0000000jbz5AAA"",""PermissionSetGroupId"":null,""Profile"":{""attributes"":{""type"":""Profile"",""url"":""/services/data/v53.0/sobjects/Profile/00ed0000000jbz5AAA""},""Id"":""00ed0000000jbz5AAA"",""Name"":""ASU Service - American Indian Student Support Services""}}},{""Parent"":{""Id"":""0PSd0000000H4hyGAC"",""Type"":""Profile"",""Label"":""00ed0000000jc4eAAA"",""PermissionSetGroupId"":null,""Profile"":{""attributes"":{""type"":""Profile"",""url"":""/services/data/v53.0/sobjects/Profile/00ed0000000jc4eAAA""},""Id"":""00ed0000000jc4eAAA"",""Name"":""ASU Service - ASU Wellness""}}},{""Parent"":{""Id"":""0PSd0000000H4i3GAC"",""Type"":""Profile"",""Label"":""00ed0000000jc4jAAA"",""PermissionSetGroupId"":null,""Profile"":{""attributes"":{""type"":""Profile"",""url"":""/services/data/v53.0/sobjects/Profile/00ed0000000jc4jAAA""},""Id"":""00ed0000000jc4jAAA"",""Name"":""ASU Service - Student Engagement""}}},{""Parent"":{""Id"":""0PSd0000000H4i8GAC"",""Type"":""Profile"",""Label"":""00ed0000000jc4oAAA"",""PermissionSetGroupId"":null,""Profile"":{""attributes"":{""type"":""Profile"",""url"":""/services/data/v53.0/sobjects/Profile/00ed0000000jc4oAAA""},""Id"":""00ed0000000jc4oAAA"",""Name"":""ASU Service - TRIO""}}},{""Parent"":{""Id"":""0PSd0000000H4iXGAS"",""Type"":""Profile"",""Label"":""00ed0000000jc5DAAQ"",""PermissionSetGroupId"":null,""Profile"":{""attributes"":{""type"":""Profile"",""url"":""/services/data/v53.0/sobjects/Profile/00ed0000000jc5DAAQ""},""Id"":""00ed0000000jc5DAAQ"",""Name"":""ASU Service - TC - Air Force ROTC""}}},{""Parent"":{""Id"":""0PSd0000000H4icGAC"",""Type"":""Profile"",""Label"":""00ed0000000jc5IAAQ"",""PermissionSetGroupId"":null,""Profile"":{""attributes"":{""type"":""Profile"",""url"":""/services/data/v53.0/sobjects/Profile/00ed0000000jc5IAAQ""},""Id"":""00ed0000000jc5IAAQ"",""Name"":""ASU Service - TC - Navy ROTC""}}},{""Parent"":{""Id"":""0PSd0000000H4rKGAS"",""Type"":""Profile"",""Label"":""00ed0000000jc9PAAQ"",""PermissionSetGroupId"":null,""Profile"":{""attributes"":{""type"":""Profile"",""url"":""/services/data/v53.0/sobjects/Profile/00ed0000000jc9PAAQ""},""Id"":""00ed0000000jc9PAAQ"",""Name"":""ASU Service - Fraternity & Sorority Life""}}},{""Parent"":{""Id"":""0PSd0000000H4rPGAS"",""Type"":""Profile"",""Label"":""00ed0000000jc9UAAQ"",""PermissionSetGroupId"":null,""Profile"":{""attributes"":{""type"":""Profile"",""url"":""/services/data/v53.0/sobjects/Profile/00ed0000000jc9UAAQ""},""Id"":""00ed0000000jc9UAAQ"",""Name"":""ASU Service - Dean of Students""}}},{""Parent"":{""Id"":""0PSd0000000H4wyGAC"",""Type"":""Profile"",""Label"":""00ed0000000jcCOAAY"",""PermissionSetGroupId"":null,""Profile"":{""attributes"":{""type"":""Profile"",""url"":""/services/data/v53.0/sobjects/Profile/00ed0000000jcCOAAY""},""Id"":""00ed0000000jcCOAAY"",""Name"":""ASU Service - Enterprise Marketing Hub""}}},{""Parent"":{""Id"":""0PSd0000000H4x3GAC"",""Type"":""Profile"",""Label"":""00ed0000000jcCTAAY"",""PermissionSetGroupId"":null,""Profile"":{""attributes"":{""type"":""Profile"",""url"":""/services/data/v53.0/sobjects/Profile/00ed0000000jcCTAAY""},""Id"":""00ed0000000jcCTAAY"",""Name"":""ASU Service - Print Anywhere Tier 2""}}},{""Parent"":{""Id"":""0PSd0000000H4x8GAC"",""Type"":""Profile"",""Label"":""00ed0000000jcCYAAY"",""PermissionSetGroupId"":null,""Profile"":{""attributes"":{""type"":""Profile"",""url"":""/services/data/v53.0/sobjects/Profile/00ed0000000jcCYAAY""},""Id"":""00ed0000000jcCYAAY"",""Name"":""ASU Service - Sun Devil Fitness""}}},{""Parent"":{""Id"":""0PSd0000000H523GAC"",""Type"":""Profile"",""Label"":""00ed0000000jcFDAAY"",""PermissionSetGroupId"":null,""Profile"":{""attributes"":{""type"":""Profile"",""url"":""/services/data/v53.0/sobjects/Profile/00ed0000000jcFDAAY""},""Id"":""00ed0000000jcFDAAY"",""Name"":""ASU Service - MU Information Desk""}}},{""Parent"":{""Id"":""0PSd0000000H55HGAS"",""Type"":""Profile"",""Label"":""00ed0000000jcGQAAY"",""PermissionSetGroupId"":null,""Profile"":{""attributes"":{""type"":""Profile"",""url"":""/services/data/v53.0/sobjects/Profile/00ed0000000jcGQAAY""},""Id"":""00ed0000000jcGQAAY"",""Name"":""ASU Service - Sun Devil Dining""}}},{""Parent"":{""Id"":""0PSd0000000H5zBGAS"",""Type"":""Profile"",""Label"":""00ed0000000jcPXAAY"",""PermissionSetGroupId"":null,""Profile"":{""attributes"":{""type"":""Profile"",""url"":""/services/data/v53.0/sobjects/Profile/00ed0000000jcPXAAY""},""Id"":""00ed0000000jcPXAAY"",""Name"":""ASU Service - Student Government""}}},{""Parent"":{""Id"":""0PSd0000000H6BWGA0"",""Type"":""Profile"",""Label"":""00ed0000000jcWYAAY"",""PermissionSetGroupId"":null,""Profile"":{""attributes"":{""type"":""Profile"",""url"":""/services/data/v53.0/sobjects/Profile/00ed0000000jcWYAAY""},""Id"":""00ed0000000jcWYAAY"",""Name"":""ASU Service - Strategic Initiatives""}}},{""Parent"":{""Id"":""0PSd0000000qjenGAA"",""Type"":""Profile"",""Label"":""00ed00000019invAAA"",""PermissionSetGroupId"":null,""Profile"":{""attributes"":{""type"":""Profile"",""url"":""/services/data/v53.0/sobjects/Profile/00ed00000019invAAA""},""Id"":""00ed00000019invAAA"",""Name"":""ASU Read Only""}}},{""Parent"":{""Id"":""0PSd0000000qUhbGAE"",""Type"":""Profile"",""Label"":""00ed00000019TqNAAU"",""PermissionSetGroupId"":null,""Profile"":{""attributes"":{""type"":""Profile"",""url"":""/services/data/v53.0/sobjects/Profile/00ed00000019TqNAAU""},""Id"":""00ed00000019TqNAAU"",""Name"":""ASU Marketing User""}}},{""Parent"":{""Id"":""0PSd0000000qzaSGAQ"",""Type"":""Profile"",""Label"":""00ed00000019yBlAAI"",""PermissionSetGroupId"":null,""Profile"":{""attributes"":{""type"":""Profile"",""url"":""/services/data/v53.0/sobjects/Profile/00ed00000019yBlAAI""},""Id"":""00ed00000019yBlAAI"",""Name"":""ASU Service - Financial Aid""}}},{""Parent"":{""Id"":""0PSd0000000qzawGAA"",""Type"":""Profile"",""Label"":""00ed00000019yC5AAI"",""PermissionSetGroupId"":null,""Profile"":{""attributes"":{""type"":""Profile"",""url"":""/services/data/v53.0/sobjects/Profile/00ed00000019yC5AAI""},""Id"":""00ed00000019yC5AAI"",""Name"":""ASU Service - Registrar""}}},{""Parent"":{""Id"":""0PSd0000000qzb1GAA"",""Type"":""Profile"",""Label"":""00ed00000019yCAAAY"",""PermissionSetGroupId"":null,""Profile"":{""attributes"":{""type"":""Profile"",""url"":""/services/data/v53.0/sobjects/Profile/00ed00000019yCAAAY""},""Id"":""00ed00000019yCAAAY"",""Name"":""ASU Service - Student Business Services""}}},{""Parent"":{""Id"":""0PSd0000000qzl5GAA"",""Type"":""Profile"",""Label"":""00ed00000019yKBAAY"",""PermissionSetGroupId"":null,""Profile"":{""attributes"":{""type"":""Profile"",""url"":""/services/data/v53.0/sobjects/Profile/00ed00000019yKBAAY""},""Id"":""00ed00000019yKBAAY"",""Name"":""ASU View All Data""}}},{""Parent"":{""Id"":""0PSd0000000r0cAGAQ"",""Type"":""Profile"",""Label"":""00ed00000019z62AAA"",""PermissionSetGroupId"":null,""Profile"":{""attributes"":{""type"":""Profile"",""url"":""/services/data/v53.0/sobjects/Profile/00ed00000019z62AAA""},""Id"":""00ed00000019z62AAA"",""Name"":""ASU Service - ASU Online""}}},{""Parent"":{""Id"":""0PSd0000000r0cFGAQ"",""Type"":""Profile"",""Label"":""00ed00000019z67AAA"",""PermissionSetGroupId"":null,""Profile"":{""attributes"":{""type"":""Profile"",""url"":""/services/data/v53.0/sobjects/Profile/00ed00000019z67AAA""},""Id"":""00ed00000019z67AAA"",""Name"":""ASU Service - ESM Online""}}},{""Parent"":{""Id"":""0PSd0000000r0cKGAQ"",""Type"":""Profile"",""Label"":""00ed00000019z6CAAQ"",""PermissionSetGroupId"":null,""Profile"":{""attributes"":{""type"":""Profile"",""url"":""/services/data/v53.0/sobjects/Profile/00ed00000019z6CAAQ""},""Id"":""00ed00000019z6CAAQ"",""Name"":""ASU Service - Help Desk""}}},{""Parent"":{""Id"":""0PSd0000000r0qtGAA"",""Type"":""Profile"",""Label"":""00ed00000019zIqAAI"",""PermissionSetGroupId"":null,""Profile"":{""attributes"":{""type"":""Profile"",""url"":""/services/data/v53.0/sobjects/Profile/00ed00000019zIqAAI""},""Id"":""00ed00000019zIqAAI"",""Name"":""ASU Service - W. P. Carey Tech Services""}}},{""Parent"":{""Id"":""0PSd0000000r1SFGAY"",""Type"":""Profile"",""Label"":""00ed00000019zqdAAA"",""PermissionSetGroupId"":null,""Profile"":{""attributes"":{""type"":""Profile"",""url"":""/services/data/v53.0/sobjects/Profile/00ed00000019zqdAAA""},""Id"":""00ed00000019zqdAAA"",""Name"":""ASU Service - Tech Studio""}}},{""Parent"":{""Id"":""0PSd0000000r1SKGAY"",""Type"":""Profile"",""Label"":""00ed00000019zqiAAA"",""PermissionSetGroupId"":null,""Profile"":{""attributes"":{""type"":""Profile"",""url"":""/services/data/v53.0/sobjects/Profile/00ed00000019zqiAAA""},""Id"":""00ed00000019zqiAAA"",""Name"":""ASU Service - Engineering IT""}}},{""Parent"":{""Id"":""0PSd0000000r1SAGAY"",""Type"":""Profile"",""Label"":""00ed00000019zqYAAQ"",""PermissionSetGroupId"":null,""Profile"":{""attributes"":{""type"":""Profile"",""url"":""/services/data/v53.0/sobjects/Profile/00ed00000019zqYAAQ""},""Id"":""00ed00000019zqYAAQ"",""Name"":""ASU Service - Identity Management""}}},{""Parent"":{""Id"":""0PSd0000000r2e7GAA"",""Type"":""Profile"",""Label"":""00ed0000001A0pMAAS"",""PermissionSetGroupId"":null,""Profile"":{""attributes"":{""type"":""Profile"",""url"":""/services/data/v53.0/sobjects/Profile/00ed0000001A0pMAAS""},""Id"":""00ed0000001A0pMAAS"",""Name"":""ASU Service - Student Success Innovations""}}},{""Parent"":{""Id"":""0PSd0000000r2eCGAQ"",""Type"":""Profile"",""Label"":""00ed0000001A0pRAAS"",""PermissionSetGroupId"":null,""Profile"":{""attributes"":{""type"":""Profile"",""url"":""/services/data/v53.0/sobjects/Profile/00ed0000001A0pRAAS""},""Id"":""00ed0000001A0pRAAS"",""Name"":""ASU Service - Office of the President""}}},{""Parent"":{""Id"":""0PSd0000000r28IGAQ"",""Type"":""Profile"",""Label"":""00ed0000001A0PwAAK"",""PermissionSetGroupId"":null,""Profile"":{""attributes"":{""type"":""Profile"",""url"":""/services/data/v53.0/sobjects/Profile/00ed0000001A0PwAAK""},""Id"":""00ed0000001A0PwAAK"",""Name"":""ASU Service - Library Services(ARCHIVE)""}}},{""Parent"":{""Id"":""0PSd0000000r3amGAA"",""Type"":""Profile"",""Label"":""00ed0000001A1eqAAC"",""PermissionSetGroupId"":null,""Profile"":{""attributes"":{""type"":""Profile"",""url"":""/services/data/v53.0/sobjects/Profile/00ed0000001A1eqAAC""},""Id"":""00ed0000001A1eqAAC"",""Name"":""ASU Service - Integrated Services""}}},{""Parent"":{""Id"":""0PSd0000000r39YGAQ"",""Type"":""Profile"",""Label"":""00ed0000001A1GfAAK"",""PermissionSetGroupId"":null,""Profile"":{""attributes"":{""type"":""Profile"",""url"":""/services/data/v53.0/sobjects/Profile/00ed0000001A1GfAAK""},""Id"":""00ed0000001A1GfAAK"",""Name"":""ASU Service - TEMPLATE""}}},{""Parent"":{""Id"":""0PSd0000000r3KbGAI"",""Type"":""Profile"",""Label"":""00ed0000001A1OlAAK"",""PermissionSetGroupId"":null,""Profile"":{""attributes"":{""type"":""Profile"",""url"":""/services/data/v53.0/sobjects/Profile/00ed0000001A1OlAAK""},""Id"":""00ed0000001A1OlAAK"",""Name"":""ASU Service - Graduate College""}}},{""Parent"":{""Id"":""0PSd0000000r3syGAA"",""Type"":""Profile"",""Label"":""00ed0000001A1s3AAC"",""PermissionSetGroupId"":null,""Profile"":{""attributes"":{""type"":""Profile"",""url"":""/services/data/v53.0/sobjects/Profile/00ed0000001A1s3AAC""},""Id"":""00ed0000001A1s3AAC"",""Name"":""ASU Recruitment - Applicant Services""}}},{""Parent"":{""Id"":""0PSd0000000r3t3GAA"",""Type"":""Profile"",""Label"":""00ed0000001A1s8AAC"",""PermissionSetGroupId"":null,""Profile"":{""attributes"":{""type"":""Profile"",""url"":""/services/data/v53.0/sobjects/Profile/00ed0000001A1s8AAC""},""Id"":""00ed0000001A1s8AAC"",""Name"":""ASU Recruitment - Business Operations""}}},{""Parent"":{""Id"":""0PSd0000000r3t8GAA"",""Type"":""Profile"",""Label"":""00ed0000001A1sDAAS"",""PermissionSetGroupId"":null,""Profile"":{""attributes"":{""type"":""Profile"",""url"":""/services/data/v53.0/sobjects/Profile/00ed0000001A1sDAAS""},""Id"":""00ed0000001A1sDAAS"",""Name"":""ASU Recruitment - Freshman Recruiter""}}},{""Parent"":{""Id"":""0PSd0000000r3tcGAA"",""Type"":""Profile"",""Label"":""00ed0000001A1shAAC"",""PermissionSetGroupId"":null,""Profile"":{""attributes"":{""type"":""Profile"",""url"":""/services/data/v53.0/sobjects/Profile/00ed0000001A1shAAC""},""Id"":""00ed0000001A1shAAC"",""Name"":""ASU Recruitment - Admission Services""}}},{""Parent"":{""Id"":""0PSd0000000r3tDGAQ"",""Type"":""Profile"",""Label"":""00ed0000001A1sIAAS"",""PermissionSetGroupId"":null,""Profile"":{""attributes"":{""type"":""Profile"",""url"":""/services/data/v53.0/sobjects/Profile/00ed0000001A1sIAAS""},""Id"":""00ed0000001A1sIAAS"",""Name"":""ASU Recruitment - Transfer Recruiter""}}},{""Parent"":{""Id"":""0PSd0000000r3tIGAQ"",""Type"":""Profile"",""Label"":""00ed0000001A1sNAAS"",""PermissionSetGroupId"":null,""Profile"":{""attributes"":{""type"":""Profile"",""url"":""/services/data/v53.0/sobjects/Profile/00ed0000001A1sNAAS""},""Id"":""00ed0000001A1sNAAS"",""Name"":""ASU Recruitment - International Recruiter""}}},{""Parent"":{""Id"":""0PSd0000000r3tNGAQ"",""Type"":""Profile"",""Label"":""00ed0000001A1sSAAS"",""PermissionSetGroupId"":null,""Profile"":{""attributes"":{""type"":""Profile"",""url"":""/services/data/v53.0/sobjects/Profile/00ed0000001A1sSAAS""},""Id"":""00ed0000001A1sSAAS"",""Name"":""ASU Recruitment - Events""}}},{""Parent"":{""Id"":""0PSd0000000r3tSGAQ"",""Type"":""Profile"",""Label"":""00ed0000001A1sXAAS"",""PermissionSetGroupId"":null,""Profile"":{""attributes"":{""type"":""Profile"",""url"":""/services/data/v53.0/sobjects/Profile/00ed0000001A1sXAAS""},""Id"":""00ed0000001A1sXAAS"",""Name"":""ASU Recruitment - Havasu""}}},{""Parent"":{""Id"":""0PSd0000000r453GAA"",""Type"":""Profile"",""Label"":""00ed0000001A204AAC"",""PermissionSetGroupId"":null,""Profile"":{""attributes"":{""type"":""Profile"",""url"":""/services/data/v53.0/sobjects/Profile/00ed0000001A204AAC""},""Id"":""00ed0000001A204AAC"",""Name"":""ASU Recruitment - Leads (ESISD)""}}},{""Parent"":{""Id"":""0PSd0000000r4s2GAA"",""Type"":""Profile"",""Label"":""00ed0000001A2dLAAS"",""PermissionSetGroupId"":null,""Profile"":{""attributes"":{""type"":""Profile"",""url"":""/services/data/v53.0/sobjects/Profile/00ed0000001A2dLAAS""},""Id"":""00ed0000001A2dLAAS"",""Name"":""ASU Service - Engineering - Dean's Office""}}},{""Parent"":{""Id"":""0PSd0000000r4tZGAQ"",""Type"":""Profile"",""Label"":""00ed0000001A2eaAAC"",""PermissionSetGroupId"":null,""Profile"":{""attributes"":{""type"":""Profile"",""url"":""/services/data/v53.0/sobjects/Profile/00ed0000001A2eaAAC""},""Id"":""00ed0000001A2eaAAC"",""Name"":""ASU Service - Engineering - GOEE""}}},{""Parent"":{""Id"":""0PSd0000000r4teGAA"",""Type"":""Profile"",""Label"":""00ed0000001A2efAAC"",""PermissionSetGroupId"":null,""Profile"":{""attributes"":{""type"":""Profile"",""url"":""/services/data/v53.0/sobjects/Profile/00ed0000001A2efAAC""},""Id"":""00ed0000001A2efAAC"",""Name"":""ASU Service - Engineering - Poly""}}},{""Parent"":{""Id"":""0PSd0000000r4tjGAA"",""Type"":""Profile"",""Label"":""00ed0000001A2ekAAC"",""PermissionSetGroupId"":null,""Profile"":{""attributes"":{""type"":""Profile"",""url"":""/services/data/v53.0/sobjects/Profile/00ed0000001A2ekAAC""},""Id"":""00ed0000001A2ekAAC"",""Name"":""ASU Service - Engineering - SBHSE""}}},{""Parent"":{""Id"":""0PSd0000000r4toGAA"",""Type"":""Profile"",""Label"":""00ed0000001A2epAAC"",""PermissionSetGroupId"":null,""Profile"":{""attributes"":{""type"":""Profile"",""url"":""/services/data/v53.0/sobjects/Profile/00ed0000001A2epAAC""},""Id"":""00ed0000001A2epAAC"",""Name"":""ASU Service - Engineering - SEMTE""}}},{""Parent"":{""Id"":""0PSd0000000r4ttGAA"",""Type"":""Profile"",""Label"":""00ed0000001A2euAAC"",""PermissionSetGroupId"":null,""Profile"":{""attributes"":{""type"":""Profile"",""url"":""/services/data/v53.0/sobjects/Profile/00ed0000001A2euAAC""},""Id"":""00ed0000001A2euAAC"",""Name"":""ASU Service - Engineering - SSEBE""}}},{""Parent"":{""Id"":""0PSd0000000r4tUGAQ"",""Type"":""Profile"",""Label"":""00ed0000001A2eVAAS"",""PermissionSetGroupId"":null,""Profile"":{""attributes"":{""type"":""Profile"",""url"":""/services/data/v53.0/sobjects/Profile/00ed0000001A2eVAAS""},""Id"":""00ed0000001A2eVAAS"",""Name"":""ASU Service - Engineering - ECEE""}}},{""Parent"":{""Id"":""0PSd0000000r4tyGAA"",""Type"":""Profile"",""Label"":""00ed0000001A2ezAAC"",""PermissionSetGroupId"":null,""Profile"":{""attributes"":{""type"":""Profile"",""url"":""/services/data/v53.0/sobjects/Profile/00ed0000001A2ezAAC""},""Id"":""00ed0000001A2ezAAC"",""Name"":""ASU Service - Engineering - CIDSE""}}},{""Parent"":{""Id"":""0PSd0000000r4bhGAA"",""Type"":""Profile"",""Label"":""00ed0000001A2QNAA0"",""PermissionSetGroupId"":null,""Profile"":{""attributes"":{""type"":""Profile"",""url"":""/services/data/v53.0/sobjects/Profile/00ed0000001A2QNAA0""},""Id"":""00ed0000001A2QNAA0"",""Name"":""ASU Service - Access ASU Outreach""}}},{""Parent"":{""Id"":""0PSd0000000r5c8GAA"",""Type"":""Profile"",""Label"":""00ed0000001A3CUAA0"",""PermissionSetGroupId"":null,""Profile"":{""attributes"":{""type"":""Profile"",""url"":""/services/data/v53.0/sobjects/Profile/00ed0000001A3CUAA0""},""Id"":""00ed0000001A3CUAA0"",""Name"":""ASU Service - New Student Programs""}}},{""Parent"":{""Id"":""0PSd0000000r6MUGAY"",""Type"":""Profile"",""Label"":""00ed0000001A3nIAAS"",""PermissionSetGroupId"":null,""Profile"":{""attributes"":{""type"":""Profile"",""url"":""/services/data/v53.0/sobjects/Profile/00ed0000001A3nIAAS""},""Id"":""00ed0000001A3nIAAS"",""Name"":""ASU Service - University Housing""}}},{""Parent"":{""Id"":""0PSd0000000r60sGAA"",""Type"":""Profile"",""Label"":""00ed0000001A3X8AAK"",""PermissionSetGroupId"":null,""Profile"":{""attributes"":{""type"":""Profile"",""url"":""/services/data/v53.0/sobjects/Profile/00ed0000001A3X8AAK""},""Id"":""00ed0000001A3X8AAK"",""Name"":""ASU Training - College of ASU""}}},{""Parent"":{""Id"":""0PSd0000000r60xGAA"",""Type"":""Profile"",""Label"":""00ed0000001A3XDAA0"",""PermissionSetGroupId"":null,""Profile"":{""attributes"":{""type"":""Profile"",""url"":""/services/data/v53.0/sobjects/Profile/00ed0000001A3XDAA0""},""Id"":""00ed0000001A3XDAA0"",""Name"":""ASU Training - Department of ASU""}}},{""Parent"":{""Id"":""0PSd0000000r6ggGAA"",""Type"":""Profile"",""Label"":""00ed0000001A41pAAC"",""PermissionSetGroupId"":null,""Profile"":{""attributes"":{""type"":""Profile"",""url"":""/services/data/v53.0/sobjects/Profile/00ed0000001A41pAAC""},""Id"":""00ed0000001A41pAAC"",""Name"":""ASU Service - Sustainability""}}},{""Parent"":{""Id"":""0PSd0000000r6pgGAA"",""Type"":""Profile"",""Label"":""00ed0000001A49IAAS"",""PermissionSetGroupId"":null,""Profile"":{""attributes"":{""type"":""Profile"",""url"":""/services/data/v53.0/sobjects/Profile/00ed0000001A49IAAS""},""Id"":""00ed0000001A49IAAS"",""Name"":""ASU Service - Teachers College""}}},{""Parent"":{""Id"":""0PSd0000000r7PNGAY"",""Type"":""Profile"",""Label"":""00ed0000001A4dEAAS"",""PermissionSetGroupId"":null,""Profile"":{""attributes"":{""type"":""Profile"",""url"":""/services/data/v53.0/sobjects/Profile/00ed0000001A4dEAAS""},""Id"":""00ed0000001A4dEAAS"",""Name"":""ASU Service - Public Service""}}},{""Parent"":{""Id"":""0PSd0000000r7C5GAI"",""Type"":""Profile"",""Label"":""00ed0000001A4OpAAK"",""PermissionSetGroupId"":null,""Profile"":{""attributes"":{""type"":""Profile"",""url"":""/services/data/v53.0/sobjects/Profile/00ed0000001A4OpAAK""},""Id"":""00ed0000001A4OpAAK"",""Name"":""ASU Service - Nursing""}}},{""Parent"":{""Id"":""0PSd0000000r7FiGAI"",""Type"":""Profile"",""Label"":""00ed0000001A4RAAA0"",""PermissionSetGroupId"":null,""Profile"":{""attributes"":{""type"":""Profile"",""url"":""/services/data/v53.0/sobjects/Profile/00ed0000001A4RAAA0""},""Id"":""00ed0000001A4RAAA0"",""Name"":""ASU Service - Health Solutions""}}},{""Parent"":{""Id"":""0PSd0000000r7nEGAQ"",""Type"":""Profile"",""Label"":""00ed0000001A4x8AAC"",""PermissionSetGroupId"":null,""Profile"":{""attributes"":{""type"":""Profile"",""url"":""/services/data/v53.0/sobjects/Profile/00ed0000001A4x8AAC""},""Id"":""00ed0000001A4x8AAC"",""Name"":""ASU Service - New College""}}},{""Parent"":{""Id"":""0PSd0000000r7tuGAA"",""Type"":""Profile"",""Label"":""00ed0000001A52VAAS"",""PermissionSetGroupId"":null,""Profile"":{""attributes"":{""type"":""Profile"",""url"":""/services/data/v53.0/sobjects/Profile/00ed0000001A52VAAS""},""Id"":""00ed0000001A52VAAS"",""Name"":""ASU Service - Universal Learner Courses""}}},{""Parent"":{""Id"":""0PSd0000000r7v8GAA"",""Type"":""Profile"",""Label"":""00ed0000001A53VAAS"",""PermissionSetGroupId"":null,""Profile"":{""attributes"":{""type"":""Profile"",""url"":""/services/data/v53.0/sobjects/Profile/00ed0000001A53VAAS""},""Id"":""00ed0000001A53VAAS"",""Name"":""ASU Service - LMS Support""}}},{""Parent"":{""Id"":""0PSd0000000r8fDGAQ"",""Type"":""Profile"",""Label"":""00ed0000001A5dbAAC"",""PermissionSetGroupId"":null,""Profile"":{""attributes"":{""type"":""Profile"",""url"":""/services/data/v53.0/sobjects/Profile/00ed0000001A5dbAAC""},""Id"":""00ed0000001A5dbAAC"",""Name"":""ASU Service - Academic Transfer Credit Solutions""}}},{""Parent"":{""Id"":""0PSd0000000r8gGGAQ"",""Type"":""Profile"",""Label"":""00ed0000001A5e5AAC"",""PermissionSetGroupId"":null,""Profile"":{""attributes"":{""type"":""Profile"",""url"":""/services/data/v53.0/sobjects/Profile/00ed0000001A5e5AAC""},""Id"":""00ed0000001A5e5AAC"",""Name"":""ASU Service - TC - Dean's Office""}}},{""Parent"":{""Id"":""0PSd0000000r8zQGAQ"",""Type"":""Profile"",""Label"":""00ed0000001A5pHAAS"",""PermissionSetGroupId"":null,""Profile"":{""attributes"":{""type"":""Profile"",""url"":""/services/data/v53.0/sobjects/Profile/00ed0000001A5pHAAS""},""Id"":""00ed0000001A5pHAAS"",""Name"":""ASU Service - TC - English""}}},{""Parent"":{""Id"":""0PSd0000000r8zVGAQ"",""Type"":""Profile"",""Label"":""00ed0000001A5pMAAS"",""PermissionSetGroupId"":null,""Profile"":{""attributes"":{""type"":""Profile"",""url"":""/services/data/v53.0/sobjects/Profile/00ed0000001A5pMAAS""},""Id"":""00ed0000001A5pMAAS"",""Name"":""ASU Service - TC - SILC""}}},{""Parent"":{""Id"":""0PSd0000000r8zaGAA"",""Type"":""Profile"",""Label"":""00ed0000001A5pRAAS"",""PermissionSetGroupId"":null,""Profile"":{""attributes"":{""type"":""Profile"",""url"":""/services/data/v53.0/sobjects/Profile/00ed0000001A5pRAAS""},""Id"":""00ed0000001A5pRAAS"",""Name"":""ASU Service - TC - SHPRS""}}},{""Parent"":{""Id"":""0PSd0000000r93BGAQ"",""Type"":""Profile"",""Label"":""00ed0000001A5rcAAC"",""PermissionSetGroupId"":null,""Profile"":{""attributes"":{""type"":""Profile"",""url"":""/services/data/v53.0/sobjects/Profile/00ed0000001A5rcAAC""},""Id"":""00ed0000001A5rcAAC"",""Name"":""ASU Service - TC - SESE""}}},{""Parent"":{""Id"":""0PSd0000000r92mGAA"",""Type"":""Profile"",""Label"":""00ed0000001A5rDAAS"",""PermissionSetGroupId"":null,""Profile"":{""attributes"":{""type"":""Profile"",""url"":""/services/data/v53.0/sobjects/Profile/00ed0000001A5rDAAS""},""Id"":""00ed0000001A5rDAAS"",""Name"":""ASU Service - TC - SOLS""}}},{""Parent"":{""Id"":""0PSd0000000r92rGAA"",""Type"":""Profile"",""Label"":""00ed0000001A5rIAAS"",""PermissionSetGroupId"":null,""Profile"":{""attributes"":{""type"":""Profile"",""url"":""/services/data/v53.0/sobjects/Profile/00ed0000001A5rIAAS""},""Id"":""00ed0000001A5rIAAS"",""Name"":""ASU Service - TC - SoMSS""}}},{""Parent"":{""Id"":""0PSd0000000r92wGAA"",""Type"":""Profile"",""Label"":""00ed0000001A5rNAAS"",""PermissionSetGroupId"":null,""Profile"":{""attributes"":{""type"":""Profile"",""url"":""/services/data/v53.0/sobjects/Profile/00ed0000001A5rNAAS""},""Id"":""00ed0000001A5rNAAS"",""Name"":""ASU Service - TC  - SMS""}}},{""Parent"":{""Id"":""0PSd0000000r931GAA"",""Type"":""Profile"",""Label"":""00ed0000001A5rSAAS"",""PermissionSetGroupId"":null,""Profile"":{""attributes"":{""type"":""Profile"",""url"":""/services/data/v53.0/sobjects/Profile/00ed0000001A5rSAAS""},""Id"":""00ed0000001A5rSAAS"",""Name"":""ASU Service - TC - Physics""}}},{""Parent"":{""Id"":""0PSd0000000r936GAA"",""Type"":""Profile"",""Label"":""00ed0000001A5rXAAS"",""PermissionSetGroupId"":null,""Profile"":{""attributes"":{""type"":""Profile"",""url"":""/services/data/v53.0/sobjects/Profile/00ed0000001A5rXAAS""},""Id"":""00ed0000001A5rXAAS"",""Name"":""ASU Service - TC - Psychology""}}},{""Parent"":{""Id"":""0PSd0000000r8PUGAY"",""Type"":""Profile"",""Label"":""00ed0000001A5S7AAK"",""PermissionSetGroupId"":null,""Profile"":{""attributes"":{""type"":""Profile"",""url"":""/services/data/v53.0/sobjects/Profile/00ed0000001A5S7AAK""},""Id"":""00ed0000001A5S7AAK"",""Name"":""ASU Service - Curricular Activities and Actions""}}},{""Parent"":{""Id"":""0PSd0000000r97mGAA"",""Type"":""Profile"",""Label"":""00ed0000001A5udAAC"",""PermissionSetGroupId"":null,""Profile"":{""attributes"":{""type"":""Profile"",""url"":""/services/data/v53.0/sobjects/Profile/00ed0000001A5udAAC""},""Id"":""00ed0000001A5udAAC"",""Name"":""ASU Service - TC - STS""}}},{""Parent"":{""Id"":""0PSd0000000r97SGAQ"",""Type"":""Profile"",""Label"":""00ed0000001A5uJAAS"",""PermissionSetGroupId"":null,""Profile"":{""attributes"":{""type"":""Profile"",""url"":""/services/data/v53.0/sobjects/Profile/00ed0000001A5uJAAS""},""Id"":""00ed0000001A5uJAAS"",""Name"":""ASU Service - TC - SGSUP""}}},{""Parent"":{""Id"":""0PSd0000000r97XGAQ"",""Type"":""Profile"",""Label"":""00ed0000001A5uOAAS"",""PermissionSetGroupId"":null,""Profile"":{""attributes"":{""type"":""Profile"",""url"":""/services/data/v53.0/sobjects/Profile/00ed0000001A5uOAAS""},""Id"":""00ed0000001A5uOAAS"",""Name"":""ASU Service - TC - HDSHC""}}},{""Parent"":{""Id"":""0PSd0000000r97cGAA"",""Type"":""Profile"",""Label"":""00ed0000001A5uTAAS"",""PermissionSetGroupId"":null,""Profile"":{""attributes"":{""type"":""Profile"",""url"":""/services/data/v53.0/sobjects/Profile/00ed0000001A5uTAAS""},""Id"":""00ed0000001A5uTAAS"",""Name"":""ASU Service - TC - SPGS""}}},{""Parent"":{""Id"":""0PSd0000000r97hGAA"",""Type"":""Profile"",""Label"":""00ed0000001A5uYAAS"",""PermissionSetGroupId"":null,""Profile"":{""attributes"":{""type"":""Profile"",""url"":""/services/data/v53.0/sobjects/Profile/00ed0000001A5uYAAS""},""Id"":""00ed0000001A5uYAAS"",""Name"":""ASU Service - TC - SHESC""}}},{""Parent"":{""Id"":""0PSd0000000r9AFGAY"",""Type"":""Profile"",""Label"":""00ed0000001A5vnAAC"",""PermissionSetGroupId"":null,""Profile"":{""attributes"":{""type"":""Profile"",""url"":""/services/data/v53.0/sobjects/Profile/00ed0000001A5vnAAC""},""Id"":""00ed0000001A5vnAAC"",""Name"":""ASU Service - Integrative Sciences and Arts""}}},{""Parent"":{""Id"":""0PSd0000000r8ZaGAI"",""Type"":""Profile"",""Label"":""00ed0000001A5ZRAA0"",""PermissionSetGroupId"":null,""Profile"":{""attributes"":{""type"":""Profile"",""url"":""/services/data/v53.0/sobjects/Profile/00ed0000001A5ZRAA0""},""Id"":""00ed0000001A5ZRAA0"",""Name"":""ASU Service - Global Education Office""}}},{""Parent"":{""Id"":""0PSd0000000rAdhGAE"",""Type"":""Profile"",""Label"":""00ed0000001A6alAAC"",""PermissionSetGroupId"":null,""Profile"":{""attributes"":{""type"":""Profile"",""url"":""/services/data/v53.0/sobjects/Profile/00ed0000001A6alAAC""},""Id"":""00ed0000001A6alAAC"",""Name"":""ASU Service - Student & Cultural Engagement""}}},{""Parent"":{""Id"":""0PSd0000000rAdmGAE"",""Type"":""Profile"",""Label"":""00ed0000001A6aqAAC"",""PermissionSetGroupId"":null,""Profile"":{""attributes"":{""type"":""Profile"",""url"":""/services/data/v53.0/sobjects/Profile/00ed0000001A6aqAAC""},""Id"":""00ed0000001A6aqAAC"",""Name"":""ASU Service - International Student Engagement""}}},{""Parent"":{""Id"":""0PSd0000000rAdrGAE"",""Type"":""Profile"",""Label"":""00ed0000001A6avAAC"",""PermissionSetGroupId"":null,""Profile"":{""attributes"":{""type"":""Profile"",""url"":""/services/data/v53.0/sobjects/Profile/00ed0000001A6avAAC""},""Id"":""00ed0000001A6avAAC"",""Name"":""ASU Service - Changemaker Central""}}},{""Parent"":{""Id"":""0PSd0000001o7EsGAI"",""Type"":""Profile"",""Label"":""00ed0000002FFRcAAO"",""PermissionSetGroupId"":null,""Profile"":{""attributes"":{""type"":""Profile"",""url"":""/services/data/v53.0/sobjects/Profile/00ed0000002FFRcAAO""},""Id"":""00ed0000002FFRcAAO"",""Name"":""ASU Recruitment - Freshman Recruiter (Temp Access to Org Wide)""}}},{""Parent"":{""Id"":""0PSd0000001o7ETGAY"",""Type"":""Profile"",""Label"":""00ed0000002FFRSAA4"",""PermissionSetGroupId"":null,""Profile"":{""attributes"":{""type"":""Profile"",""url"":""/services/data/v53.0/sobjects/Profile/00ed0000002FFRSAA4""},""Id"":""00ed0000002FFRSAA4"",""Name"":""ASU Service - Sun Devil Athletics""}}},{""Parent"":{""Id"":""0PSd0000001o7HmGAI"",""Type"":""Profile"",""Label"":""00ed0000002FFSLAA4"",""PermissionSetGroupId"":null,""Profile"":{""attributes"":{""type"":""Profile"",""url"":""/services/data/v53.0/sobjects/Profile/00ed0000002FFSLAA4""},""Id"":""00ed0000002FFSLAA4"",""Name"":""ASU Service - Office of the President (Temp Access to Org Wide)""}}},{""Parent"":{""Id"":""0PSd0000001o7VKGAY"",""Type"":""Profile"",""Label"":""00ed0000002FFY4AAO"",""PermissionSetGroupId"":null,""Profile"":{""attributes"":{""type"":""Profile"",""url"":""/services/data/v53.0/sobjects/Profile/00ed0000002FFY4AAO""},""Id"":""00ed0000002FFY4AAO"",""Name"":""ASU Service - ASU-USA Pathways""}}},{""Parent"":{""Id"":""0PSd0000001sK82GAE"",""Type"":""Profile"",""Label"":""00ed0000002JRvSAAW"",""PermissionSetGroupId"":null,""Profile"":{""attributes"":{""type"":""Profile"",""url"":""/services/data/v53.0/sobjects/Profile/00ed0000002JRvSAAW""},""Id"":""00ed0000002JRvSAAW"",""Name"":""ASU Service - First in the World Grant""}}},{""Parent"":{""Id"":""0PSd0000001sKJBGA2"",""Type"":""Profile"",""Label"":""00ed0000002JRyMAAW"",""PermissionSetGroupId"":null,""Profile"":{""attributes"":{""type"":""Profile"",""url"":""/services/data/v53.0/sobjects/Profile/00ed0000002JRyMAAW""},""Id"":""00ed0000002JRyMAAW"",""Name"":""ASU Service - ITCSS Library Services""}}},{""Parent"":{""Id"":""0PSd0000001sKNNGA2"",""Type"":""Profile"",""Label"":""00ed0000002JS0DAAW"",""PermissionSetGroupId"":null,""Profile"":{""attributes"":{""type"":""Profile"",""url"":""/services/data/v53.0/sobjects/Profile/00ed0000002JS0DAAW""},""Id"":""00ed0000002JS0DAAW"",""Name"":""ASU Service - Success Coach""}}},{""Parent"":{""Id"":""0PSd0000001sKO6GAM"",""Type"":""Profile"",""Label"":""00ed0000002JS0NAAW"",""PermissionSetGroupId"":null,""Profile"":{""attributes"":{""type"":""Profile"",""url"":""/services/data/v53.0/sobjects/Profile/00ed0000002JS0NAAW""},""Id"":""00ed0000002JS0NAAW"",""Name"":""ASU Service - TC - ISSR""}}},{""Parent"":{""Id"":""0PSd0000001jxObGAI"",""Type"":""Profile"",""Label"":""00ed0000002NelYAAS"",""PermissionSetGroupId"":null,""Profile"":{""attributes"":{""type"":""Profile"",""url"":""/services/data/v53.0/sobjects/Profile/00ed0000002NelYAAS""},""Id"":""00ed0000002NelYAAS"",""Name"":""ASU Service - Academic Partnerships""}}},{""Parent"":{""Id"":""0PSd0000001jxa8GAA"",""Type"":""Profile"",""Label"":""00ed0000002Neq4AAC"",""PermissionSetGroupId"":null,""Profile"":{""attributes"":{""type"":""Profile"",""url"":""/services/data/v53.0/sobjects/Profile/00ed0000002Neq4AAC""},""Id"":""00ed0000002Neq4AAC"",""Name"":""ASU Service - Student Accessibility and Inclusive Learning Services""}}},{""Parent"":{""Id"":""0PSd0000001jygbGAA"",""Type"":""Profile"",""Label"":""00ed0000002Nf7AAAS"",""PermissionSetGroupId"":null,""Profile"":{""attributes"":{""type"":""Profile"",""url"":""/services/data/v53.0/sobjects/Profile/00ed0000002Nf7AAAS""},""Id"":""00ed0000002Nf7AAAS"",""Name"":""ASU Recruitment - Business Intelligence""}}},{""Parent"":{""Id"":""0PSd0000000oWPgGAM"",""Type"":""Profile"",""Label"":""00ex00000018ozT_128_09_43_34_1"",""PermissionSetGroupId"":null,""Profile"":{""attributes"":{""type"":""Profile"",""url"":""/services/data/v53.0/sobjects/Profile/00ed00000017IobAAE""},""Id"":""00ed00000017IobAAE"",""Name"":""System Administrator""}}},{""Parent"":{""Id"":""0PSd0000000oWPpGAM"",""Type"":""Profile"",""Label"":""00ex00000018ozY_128_09_43_34_6"",""PermissionSetGroupId"":null,""Profile"":{""attributes"":{""type"":""Profile"",""url"":""/services/data/v53.0/sobjects/Profile/00ed00000017IojAAE""},""Id"":""00ed00000017IojAAE"",""Name"":""Marketing User""}}},{""Parent"":{""Id"":""0PS6T000001CZGsWAO"",""Type"":""Regular"",""Label"":""Role: EdPlus Coach Portal (Non-Success Coach)"",""PermissionSetGroupId"":null,""Profile"":null}}]"
"01p0W000004AYgVQAW","EdPlusAggregatedNotesControllerTest","[{""Parent"":{""Id"":""0PSd0000000oWPgGAM"",""Type"":""Profile"",""Label"":""00ex00000018ozT_128_09_43_34_1"",""PermissionSetGroupId"":null,""Profile"":{""attributes"":{""type"":""Profile"",""url"":""/services/data/v53.0/sobjects/Profile/00ed00000017IobAAE""},""Id"":""00ed00000017IobAAE"",""Name"":""System Administrator""}}}]"
"01p6T000003ww9gQAA","EdPlusEarnedAdmissionController","[{""Parent"":{""Id"":""0PSd0000000oWPgGAM"",""Type"":""Profile"",""Label"":""00ex00000018ozT_128_09_43_34_1"",""PermissionSetGroupId"":null,""Profile"":{""attributes"":{""type"":""Profile"",""url"":""/services/data/v53.0/sobjects/Profile/00ed00000017IobAAE""},""Id"":""00ed00000017IobAAE"",""Name"":""System Administrator""}}}]"
"01p6T000003ww9hQAA","EdPlusEarnedAdmissionControllerTest","[{""Parent"":{""Id"":""0PSd0000000oWPgGAM"",""Type"":""Profile"",""Label"":""00ex00000018ozT_128_09_43_34_1"",""PermissionSetGroupId"":null,""Profile"":{""attributes"":{""type"":""Profile"",""url"":""/services/data/v53.0/sobjects/Profile/00ed00000017IobAAE""},""Id"":""00ed00000017IobAAE"",""Name"":""System Administrator""}}}]"
"01p0W000004AYgWQAW","EdPlusUtilities","[{""Parent"":{""Id"":""0PSd0000000oWPgGAM"",""Type"":""Profile"",""Label"":""00ex00000018ozT_128_09_43_34_1"",""PermissionSetGroupId"":null,""Profile"":{""attributes"":{""type"":""Profile"",""url"":""/services/data/v53.0/sobjects/Profile/00ed00000017IobAAE""},""Id"":""00ed00000017IobAAE"",""Name"":""System Administrator""}}}]"
"01p0W000004AYgXQAW","EdPlusUtilitiesTest","[{""Parent"":{""Id"":""0PSd0000000oWPgGAM"",""Type"":""Profile"",""Label"":""00ex00000018ozT_128_09_43_34_1"",""PermissionSetGroupId"":null,""Profile"":{""attributes"":{""type"":""Profile"",""url"":""/services/data/v53.0/sobjects/Profile/00ed00000017IobAAE""},""Id"":""00ed00000017IobAAE"",""Name"":""System Administrator""}}}]"
"01p0W000003jJrFQAU","EffectiveIdentityCallout","[{""Parent"":{""Id"":""0PSd0000000oWPgGAM"",""Type"":""Profile"",""Label"":""00ex00000018ozT_128_09_43_34_1"",""PermissionSetGroupId"":null,""Profile"":{""attributes"":{""type"":""Profile"",""url"":""/services/data/v53.0/sobjects/Profile/00ed00000017IobAAE""},""Id"":""00ed00000017IobAAE"",""Name"":""System Administrator""}}}]"
"01p6T000003wvVBQAY","EmailAPIService","[{""Parent"":{""Id"":""0PSd0000000oWPgGAM"",""Type"":""Profile"",""Label"":""00ex00000018ozT_128_09_43_34_1"",""PermissionSetGroupId"":null,""Profile"":{""attributes"":{""type"":""Profile"",""url"":""/services/data/v53.0/sobjects/Profile/00ed00000017IobAAE""},""Id"":""00ed00000017IobAAE"",""Name"":""System Administrator""}}}]"
"01p6T000003wvVCQAY","EmailAPIServiceTest","[{""Parent"":{""Id"":""0PSd0000000oWPgGAM"",""Type"":""Profile"",""Label"":""00ex00000018ozT_128_09_43_34_1"",""PermissionSetGroupId"":null,""Profile"":{""attributes"":{""type"":""Profile"",""url"":""/services/data/v53.0/sobjects/Profile/00ed00000017IobAAE""},""Id"":""00ed00000017IobAAE"",""Name"":""System Administrator""}}}]"
"01pd0000003vjZwAAI","EmailMessageDispatcher","[{""Parent"":{""Id"":""0PSd0000000oWPgGAM"",""Type"":""Profile"",""Label"":""00ex00000018ozT_128_09_43_34_1"",""PermissionSetGroupId"":null,""Profile"":{""attributes"":{""type"":""Profile"",""url"":""/services/data/v53.0/sobjects/Profile/00ed00000017IobAAE""},""Id"":""00ed00000017IobAAE"",""Name"":""System Administrator""}}}]"
"01p0W000003jH9dQAE","EmailMessageFactory","[{""Parent"":{""Id"":""0PSd0000000oWPgGAM"",""Type"":""Profile"",""Label"":""00ex00000018ozT_128_09_43_34_1"",""PermissionSetGroupId"":null,""Profile"":{""attributes"":{""type"":""Profile"",""url"":""/services/data/v53.0/sobjects/Profile/00ed00000017IobAAE""},""Id"":""00ed00000017IobAAE"",""Name"":""System Administrator""}}}]"
"01p0W000003jMHvQAM","EmailMessageFailureMock","[{""Parent"":{""Id"":""0PSd0000000oWPgGAM"",""Type"":""Profile"",""Label"":""00ex00000018ozT_128_09_43_34_1"",""PermissionSetGroupId"":null,""Profile"":{""attributes"":{""type"":""Profile"",""url"":""/services/data/v53.0/sobjects/Profile/00ed00000017IobAAE""},""Id"":""00ed00000017IobAAE"",""Name"":""System Administrator""}}}]"
"01pd0000003vjZxAAI","EmailMessageService","[{""Parent"":{""Id"":""0PSd0000000oWPgGAM"",""Type"":""Profile"",""Label"":""00ex00000018ozT_128_09_43_34_1"",""PermissionSetGroupId"":null,""Profile"":{""attributes"":{""type"":""Profile"",""url"":""/services/data/v53.0/sobjects/Profile/00ed00000017IobAAE""},""Id"":""00ed00000017IobAAE"",""Name"":""System Administrator""}}}]"
"01p0W000003jMHwQAM","EmailMessageSuccessMock","[{""Parent"":{""Id"":""0PSd0000000oWPgGAM"",""Type"":""Profile"",""Label"":""00ex00000018ozT_128_09_43_34_1"",""PermissionSetGroupId"":null,""Profile"":{""attributes"":{""type"":""Profile"",""url"":""/services/data/v53.0/sobjects/Profile/00ed00000017IobAAE""},""Id"":""00ed00000017IobAAE"",""Name"":""System Administrator""}}}]"
"01p6T000003ww6UQAQ","EmailMessageTriggerTest","[{""Parent"":{""Id"":""0PSd0000000oWPgGAM"",""Type"":""Profile"",""Label"":""00ex00000018ozT_128_09_43_34_1"",""PermissionSetGroupId"":null,""Profile"":{""attributes"":{""type"":""Profile"",""url"":""/services/data/v53.0/sobjects/Profile/00ed00000017IobAAE""},""Id"":""00ed00000017IobAAE"",""Name"":""System Administrator""}}}]"
"01pd00000048622AAA","EmailMessageViewerController","[{""Parent"":{""Id"":""0PSd0000001sKNNGA2"",""Type"":""Profile"",""Label"":""00ed0000002JS0DAAW"",""PermissionSetGroupId"":null,""Profile"":{""attributes"":{""type"":""Profile"",""url"":""/services/data/v53.0/sobjects/Profile/00ed0000002JS0DAAW""},""Id"":""00ed0000002JS0DAAW"",""Name"":""ASU Service - Success Coach""}}},{""Parent"":{""Id"":""0PSd0000000oWPgGAM"",""Type"":""Profile"",""Label"":""00ex00000018ozT_128_09_43_34_1"",""PermissionSetGroupId"":null,""Profile"":{""attributes"":{""type"":""Profile"",""url"":""/services/data/v53.0/sobjects/Profile/00ed00000017IobAAE""},""Id"":""00ed00000017IobAAE"",""Name"":""System Administrator""}}},{""Parent"":{""Id"":""0PSd0000001sKhEGAU"",""Type"":""Regular"",""Label"":""Role: Academic Advisor Portal (Service Users)"",""PermissionSetGroupId"":null,""Profile"":null}},{""Parent"":{""Id"":""0PS6T000001CZGsWAO"",""Type"":""Regular"",""Label"":""Role: EdPlus Coach Portal (Non-Success Coach)"",""PermissionSetGroupId"":null,""Profile"":null}},{""Parent"":{""Id"":""0PSd0000001sKN8GAM"",""Type"":""Regular"",""Label"":""Success Portal Management (EdPlus)"",""PermissionSetGroupId"":null,""Profile"":null}}]"
"01p6T000003ww6VQAQ","EmailMessageViewerControllerTest","[{""Parent"":{""Id"":""0PSd0000000oWPgGAM"",""Type"":""Profile"",""Label"":""00ex00000018ozT_128_09_43_34_1"",""PermissionSetGroupId"":null,""Profile"":{""attributes"":{""type"":""Profile"",""url"":""/services/data/v53.0/sobjects/Profile/00ed00000017IobAAE""},""Id"":""00ed00000017IobAAE"",""Name"":""System Administrator""}}}]"
"01p0W000003jI8YQAU","EmailTransformer","[{""Parent"":{""Id"":""0PSd0000000oWPgGAM"",""Type"":""Profile"",""Label"":""00ex00000018ozT_128_09_43_34_1"",""PermissionSetGroupId"":null,""Profile"":{""attributes"":{""type"":""Profile"",""url"":""/services/data/v53.0/sobjects/Profile/00ed00000017IobAAE""},""Id"":""00ed00000017IobAAE"",""Name"":""System Administrator""}}}]"
"01p0W000003jI8ZQAU","EmailTransformerTest","[{""Parent"":{""Id"":""0PSd0000000oWPgGAM"",""Type"":""Profile"",""Label"":""00ex00000018ozT_128_09_43_34_1"",""PermissionSetGroupId"":null,""Profile"":{""attributes"":{""type"":""Profile"",""url"":""/services/data/v53.0/sobjects/Profile/00ed00000017IobAAE""},""Id"":""00ed00000017IobAAE"",""Name"":""System Administrator""}}}]"
"01pd000000482kwAAA","ErrorLogger","[{""Parent"":{""Id"":""0PSd0000000oWPgGAM"",""Type"":""Profile"",""Label"":""00ex00000018ozT_128_09_43_34_1"",""PermissionSetGroupId"":null,""Profile"":{""attributes"":{""type"":""Profile"",""url"":""/services/data/v53.0/sobjects/Profile/00ed00000017IobAAE""},""Id"":""00ed00000017IobAAE"",""Name"":""System Administrator""}}}]"
"01p6T000003ww6WQAQ","ErrorLoggerTest","[{""Parent"":{""Id"":""0PSd0000000oWPgGAM"",""Type"":""Profile"",""Label"":""00ex00000018ozT_128_09_43_34_1"",""PermissionSetGroupId"":null,""Profile"":{""attributes"":{""type"":""Profile"",""url"":""/services/data/v53.0/sobjects/Profile/00ed00000017IobAAE""},""Id"":""00ed00000017IobAAE"",""Name"":""System Administrator""}}}]"
"01p6T000003THckQAG","ExternalObjectQueryController","[{""Parent"":{""Id"":""0PSd0000000oWPgGAM"",""Type"":""Profile"",""Label"":""00ex00000018ozT_128_09_43_34_1"",""PermissionSetGroupId"":null,""Profile"":{""attributes"":{""type"":""Profile"",""url"":""/services/data/v53.0/sobjects/Profile/00ed00000017IobAAE""},""Id"":""00ed00000017IobAAE"",""Name"":""System Administrator""}}}]"
"01p6T000003THclQAG","ExternalObjectQueryControllerTest","[{""Parent"":{""Id"":""0PSd0000000oWPgGAM"",""Type"":""Profile"",""Label"":""00ex00000018ozT_128_09_43_34_1"",""PermissionSetGroupId"":null,""Profile"":{""attributes"":{""type"":""Profile"",""url"":""/services/data/v53.0/sobjects/Profile/00ed00000017IobAAE""},""Id"":""00ed00000017IobAAE"",""Name"":""System Administrator""}}}]"
"01p0W000003wv0dQAA","FamilyPortalController","[{""Parent"":{""Id"":""0PS0W000001k9RKWAY"",""Type"":""Profile"",""Label"":""00e0W000002NjO9QAK"",""PermissionSetGroupId"":null,""Profile"":{""attributes"":{""type"":""Profile"",""url"":""/services/data/v53.0/sobjects/Profile/00e0W000002NjO9QAK""},""Id"":""00e0W000002NjO9QAK"",""Name"":""Family Portal Profile""}}},{""Parent"":{""Id"":""0PSd0000000r0bvGAA"",""Type"":""Profile"",""Label"":""00ed00000019z5nAAA"",""PermissionSetGroupId"":null,""Profile"":{""attributes"":{""type"":""Profile"",""url"":""/services/data/v53.0/sobjects/Profile/00ed00000019z5nAAA""},""Id"":""00ed00000019z5nAAA"",""Name"":""ASU Community""}}},{""Parent"":{""Id"":""0PSd0000000r0c0GAA"",""Type"":""Profile"",""Label"":""00ed00000019z5sAAA"",""PermissionSetGroupId"":null,""Profile"":{""attributes"":{""type"":""Profile"",""url"":""/services/data/v53.0/sobjects/Profile/00ed00000019z5sAAA""},""Id"":""00ed00000019z5sAAA"",""Name"":""ASU Community CAP""}}},{""Parent"":{""Id"":""0PSd0000000oWPgGAM"",""Type"":""Profile"",""Label"":""00ex00000018ozT_128_09_43_34_1"",""PermissionSetGroupId"":null,""Profile"":{""attributes"":{""type"":""Profile"",""url"":""/services/data/v53.0/sobjects/Profile/00ed00000017IobAAE""},""Id"":""00ed00000017IobAAE"",""Name"":""System Administrator""}}}]"
"01p0W000003wv0eQAA","FamilyPortalControllerTest","[{""Parent"":{""Id"":""0PSd0000000oWPgGAM"",""Type"":""Profile"",""Label"":""00ex00000018ozT_128_09_43_34_1"",""PermissionSetGroupId"":null,""Profile"":{""attributes"":{""type"":""Profile"",""url"":""/services/data/v53.0/sobjects/Profile/00ed00000017IobAAE""},""Id"":""00ed00000017IobAAE"",""Name"":""System Administrator""}}}]"
"01p0W000003wv0fQAA","FamilyPortalGuardianDeduplicationService","[{""Parent"":{""Id"":""0PS0W000001k9RKWAY"",""Type"":""Profile"",""Label"":""00e0W000002NjO9QAK"",""PermissionSetGroupId"":null,""Profile"":{""attributes"":{""type"":""Profile"",""url"":""/services/data/v53.0/sobjects/Profile/00e0W000002NjO9QAK""},""Id"":""00e0W000002NjO9QAK"",""Name"":""Family Portal Profile""}}},{""Parent"":{""Id"":""0PSd0000000r0bvGAA"",""Type"":""Profile"",""Label"":""00ed00000019z5nAAA"",""PermissionSetGroupId"":null,""Profile"":{""attributes"":{""type"":""Profile"",""url"":""/services/data/v53.0/sobjects/Profile/00ed00000019z5nAAA""},""Id"":""00ed00000019z5nAAA"",""Name"":""ASU Community""}}},{""Parent"":{""Id"":""0PSd0000000r0c0GAA"",""Type"":""Profile"",""Label"":""00ed00000019z5sAAA"",""PermissionSetGroupId"":null,""Profile"":{""attributes"":{""type"":""Profile"",""url"":""/services/data/v53.0/sobjects/Profile/00ed00000019z5sAAA""},""Id"":""00ed00000019z5sAAA"",""Name"":""ASU Community CAP""}}},{""Parent"":{""Id"":""0PSd0000000oWPgGAM"",""Type"":""Profile"",""Label"":""00ex00000018ozT_128_09_43_34_1"",""PermissionSetGroupId"":null,""Profile"":{""attributes"":{""type"":""Profile"",""url"":""/services/data/v53.0/sobjects/Profile/00ed00000017IobAAE""},""Id"":""00ed00000017IobAAE"",""Name"":""System Administrator""}}}]"
"01p0W000003wv0gQAA","FamilyPortalGuardianDispatcher","[{""Parent"":{""Id"":""0PS0W000001k9RKWAY"",""Type"":""Profile"",""Label"":""00e0W000002NjO9QAK"",""PermissionSetGroupId"":null,""Profile"":{""attributes"":{""type"":""Profile"",""url"":""/services/data/v53.0/sobjects/Profile/00e0W000002NjO9QAK""},""Id"":""00e0W000002NjO9QAK"",""Name"":""Family Portal Profile""}}},{""Parent"":{""Id"":""0PSd0000000r0bvGAA"",""Type"":""Profile"",""Label"":""00ed00000019z5nAAA"",""PermissionSetGroupId"":null,""Profile"":{""attributes"":{""type"":""Profile"",""url"":""/services/data/v53.0/sobjects/Profile/00ed00000019z5nAAA""},""Id"":""00ed00000019z5nAAA"",""Name"":""ASU Community""}}},{""Parent"":{""Id"":""0PSd0000000r0c0GAA"",""Type"":""Profile"",""Label"":""00ed00000019z5sAAA"",""PermissionSetGroupId"":null,""Profile"":{""attributes"":{""type"":""Profile"",""url"":""/services/data/v53.0/sobjects/Profile/00ed00000019z5sAAA""},""Id"":""00ed00000019z5sAAA"",""Name"":""ASU Community CAP""}}},{""Parent"":{""Id"":""0PSd0000000oWPgGAM"",""Type"":""Profile"",""Label"":""00ex00000018ozT_128_09_43_34_1"",""PermissionSetGroupId"":null,""Profile"":{""attributes"":{""type"":""Profile"",""url"":""/services/data/v53.0/sobjects/Profile/00ed00000017IobAAE""},""Id"":""00ed00000017IobAAE"",""Name"":""System Administrator""}}}]"
"01p0W000003wv0hQAA","FamilyPortalGuardianTriggerTest","[{""Parent"":{""Id"":""0PSd0000000oWPgGAM"",""Type"":""Profile"",""Label"":""00ex00000018ozT_128_09_43_34_1"",""PermissionSetGroupId"":null,""Profile"":{""attributes"":{""type"":""Profile"",""url"":""/services/data/v53.0/sobjects/Profile/00ed00000017IobAAE""},""Id"":""00ed00000017IobAAE"",""Name"":""System Administrator""}}}]"
"01p0W000003wv0iQAA","FamilyPortalInterestDeduplicationService","[{""Parent"":{""Id"":""0PS0W000001k9RKWAY"",""Type"":""Profile"",""Label"":""00e0W000002NjO9QAK"",""PermissionSetGroupId"":null,""Profile"":{""attributes"":{""type"":""Profile"",""url"":""/services/data/v53.0/sobjects/Profile/00e0W000002NjO9QAK""},""Id"":""00e0W000002NjO9QAK"",""Name"":""Family Portal Profile""}}},{""Parent"":{""Id"":""0PSd0000000r0bvGAA"",""Type"":""Profile"",""Label"":""00ed00000019z5nAAA"",""PermissionSetGroupId"":null,""Profile"":{""attributes"":{""type"":""Profile"",""url"":""/services/data/v53.0/sobjects/Profile/00ed00000019z5nAAA""},""Id"":""00ed00000019z5nAAA"",""Name"":""ASU Community""}}},{""Parent"":{""Id"":""0PSd0000000r0c0GAA"",""Type"":""Profile"",""Label"":""00ed00000019z5sAAA"",""PermissionSetGroupId"":null,""Profile"":{""attributes"":{""type"":""Profile"",""url"":""/services/data/v53.0/sobjects/Profile/00ed00000019z5sAAA""},""Id"":""00ed00000019z5sAAA"",""Name"":""ASU Community CAP""}}},{""Parent"":{""Id"":""0PSd0000000oWPgGAM"",""Type"":""Profile"",""Label"":""00ex00000018ozT_128_09_43_34_1"",""PermissionSetGroupId"":null,""Profile"":{""attributes"":{""type"":""Profile"",""url"":""/services/data/v53.0/sobjects/Profile/00ed00000017IobAAE""},""Id"":""00ed00000017IobAAE"",""Name"":""System Administrator""}}}]"
"01p0W000003wv0jQAA","FamilyPortalStudentDeduplicationService","[{""Parent"":{""Id"":""0PS0W000001k9RKWAY"",""Type"":""Profile"",""Label"":""00e0W000002NjO9QAK"",""PermissionSetGroupId"":null,""Profile"":{""attributes"":{""type"":""Profile"",""url"":""/services/data/v53.0/sobjects/Profile/00e0W000002NjO9QAK""},""Id"":""00e0W000002NjO9QAK"",""Name"":""Family Portal Profile""}}},{""Parent"":{""Id"":""0PSd0000000r0bvGAA"",""Type"":""Profile"",""Label"":""00ed00000019z5nAAA"",""PermissionSetGroupId"":null,""Profile"":{""attributes"":{""type"":""Profile"",""url"":""/services/data/v53.0/sobjects/Profile/00ed00000019z5nAAA""},""Id"":""00ed00000019z5nAAA"",""Name"":""ASU Community""}}},{""Parent"":{""Id"":""0PSd0000000r0c0GAA"",""Type"":""Profile"",""Label"":""00ed00000019z5sAAA"",""PermissionSetGroupId"":null,""Profile"":{""attributes"":{""type"":""Profile"",""url"":""/services/data/v53.0/sobjects/Profile/00ed00000019z5sAAA""},""Id"":""00ed00000019z5sAAA"",""Name"":""ASU Community CAP""}}},{""Parent"":{""Id"":""0PSd0000000oWPgGAM"",""Type"":""Profile"",""Label"":""00ex00000018ozT_128_09_43_34_1"",""PermissionSetGroupId"":null,""Profile"":{""attributes"":{""type"":""Profile"",""url"":""/services/data/v53.0/sobjects/Profile/00ed00000017IobAAE""},""Id"":""00ed00000017IobAAE"",""Name"":""System Administrator""}}}]"
"01p0W000004AYgYQAW","FeedbackButtonController","[{""Parent"":{""Id"":""0PSd0000000oWPgGAM"",""Type"":""Profile"",""Label"":""00ex00000018ozT_128_09_43_34_1"",""PermissionSetGroupId"":null,""Profile"":{""attributes"":{""type"":""Profile"",""url"":""/services/data/v53.0/sobjects/Profile/00ed00000017IobAAE""},""Id"":""00ed00000017IobAAE"",""Name"":""System Administrator""}}}]"
"01p6T000003ww6YQAQ","FeedbackButtonControllerTest","[{""Parent"":{""Id"":""0PSd0000000oWPgGAM"",""Type"":""Profile"",""Label"":""00ex00000018ozT_128_09_43_34_1"",""PermissionSetGroupId"":null,""Profile"":{""attributes"":{""type"":""Profile"",""url"":""/services/data/v53.0/sobjects/Profile/00ed00000017IobAAE""},""Id"":""00ed00000017IobAAE"",""Name"":""System Administrator""}}}]"
"01p0W000003wuoHQAQ","FeedbackButtonService","[{""Parent"":{""Id"":""0PSd0000000oWPgGAM"",""Type"":""Profile"",""Label"":""00ex00000018ozT_128_09_43_34_1"",""PermissionSetGroupId"":null,""Profile"":{""attributes"":{""type"":""Profile"",""url"":""/services/data/v53.0/sobjects/Profile/00ed00000017IobAAE""},""Id"":""00ed00000017IobAAE"",""Name"":""System Administrator""}}},{""Parent"":{""Id"":""0PSd0000001sKhEGAU"",""Type"":""Regular"",""Label"":""Role: Academic Advisor Portal (Service Users)"",""PermissionSetGroupId"":null,""Profile"":null}}]"
"01p6T000003ww6ZQAQ","FeedbackButtonServiceTest","[{""Parent"":{""Id"":""0PSd0000000oWPgGAM"",""Type"":""Profile"",""Label"":""00ex00000018ozT_128_09_43_34_1"",""PermissionSetGroupId"":null,""Profile"":{""attributes"":{""type"":""Profile"",""url"":""/services/data/v53.0/sobjects/Profile/00ed00000017IobAAE""},""Id"":""00ed00000017IobAAE"",""Name"":""System Administrator""}}}]"
"01pd0000002vSPrAAM","FeedbackController","[{""Parent"":{""Id"":""0PSd0000000oWPgGAM"",""Type"":""Profile"",""Label"":""00ex00000018ozT_128_09_43_34_1"",""PermissionSetGroupId"":null,""Profile"":{""attributes"":{""type"":""Profile"",""url"":""/services/data/v53.0/sobjects/Profile/00ed00000017IobAAE""},""Id"":""00ed00000017IobAAE"",""Name"":""System Administrator""}}}]"
"01p6T000003ww6aQAA","FeedbackControllerTest","[{""Parent"":{""Id"":""0PSd0000000oWPgGAM"",""Type"":""Profile"",""Label"":""00ex00000018ozT_128_09_43_34_1"",""PermissionSetGroupId"":null,""Profile"":{""attributes"":{""type"":""Profile"",""url"":""/services/data/v53.0/sobjects/Profile/00ed00000017IobAAE""},""Id"":""00ed00000017IobAAE"",""Name"":""System Administrator""}}}]"
"01pd0000002v4vsAAA","FinancialAidPackageHandler","[{""Parent"":{""Id"":""0PSd0000000oWPgGAM"",""Type"":""Profile"",""Label"":""00ex00000018ozT_128_09_43_34_1"",""PermissionSetGroupId"":null,""Profile"":{""attributes"":{""type"":""Profile"",""url"":""/services/data/v53.0/sobjects/Profile/00ed00000017IobAAE""},""Id"":""00ed00000017IobAAE"",""Name"":""System Administrator""}}}]"
"01p6T000003ww6bQAA","FinancialAidPackageTriggerTest","[{""Parent"":{""Id"":""0PSd0000000oWPgGAM"",""Type"":""Profile"",""Label"":""00ex00000018ozT_128_09_43_34_1"",""PermissionSetGroupId"":null,""Profile"":{""attributes"":{""type"":""Profile"",""url"":""/services/data/v53.0/sobjects/Profile/00ed00000017IobAAE""},""Id"":""00ed00000017IobAAE"",""Name"":""System Administrator""}}}]"
"01pd0000002d9isAAA","ForgotPasswordController","[{""Parent"":{""Id"":""0PSd0000000oWPgGAM"",""Type"":""Profile"",""Label"":""00ex00000018ozT_128_09_43_34_1"",""PermissionSetGroupId"":null,""Profile"":{""attributes"":{""type"":""Profile"",""url"":""/services/data/v53.0/sobjects/Profile/00ed00000017IobAAE""},""Id"":""00ed00000017IobAAE"",""Name"":""System Administrator""}}},{""Parent"":{""Id"":""0PSd0000000quKmGAI"",""Type"":""Regular"",""Label"":""Additional Administrator Permissions"",""PermissionSetGroupId"":null,""Profile"":null}}]"
"01pd0000002d9itAAA","ForgotPasswordControllerTest","[{""Parent"":{""Id"":""0PSd0000000oWPgGAM"",""Type"":""Profile"",""Label"":""00ex00000018ozT_128_09_43_34_1"",""PermissionSetGroupId"":null,""Profile"":{""attributes"":{""type"":""Profile"",""url"":""/services/data/v53.0/sobjects/Profile/00ed00000017IobAAE""},""Id"":""00ed00000017IobAAE"",""Name"":""System Administrator""}}},{""Parent"":{""Id"":""0PSd0000000quKmGAI"",""Type"":""Regular"",""Label"":""Additional Administrator Permissions"",""PermissionSetGroupId"":null,""Profile"":null}}]"
"01pd0000003vlSiAAI","FullCaseCommentsComponentController","[{""Parent"":{""Id"":""0PSd0000000oWPgGAM"",""Type"":""Profile"",""Label"":""00ex00000018ozT_128_09_43_34_1"",""PermissionSetGroupId"":null,""Profile"":{""attributes"":{""type"":""Profile"",""url"":""/services/data/v53.0/sobjects/Profile/00ed00000017IobAAE""},""Id"":""00ed00000017IobAAE"",""Name"":""System Administrator""}}}]"
"01p6T000003ww6cQAA","FullCaseCommentsComponentControllerTest","[{""Parent"":{""Id"":""0PSd0000000oWPgGAM"",""Type"":""Profile"",""Label"":""00ex00000018ozT_128_09_43_34_1"",""PermissionSetGroupId"":null,""Profile"":{""attributes"":{""type"":""Profile"",""url"":""/services/data/v53.0/sobjects/Profile/00ed00000017IobAAE""},""Id"":""00ed00000017IobAAE"",""Name"":""System Administrator""}}}]"
"01pd0000003vlSjAAI","FullCaseCommentsController","[{""Parent"":{""Id"":""0PSd0000000oWPgGAM"",""Type"":""Profile"",""Label"":""00ex00000018ozT_128_09_43_34_1"",""PermissionSetGroupId"":null,""Profile"":{""attributes"":{""type"":""Profile"",""url"":""/services/data/v53.0/sobjects/Profile/00ed00000017IobAAE""},""Id"":""00ed00000017IobAAE"",""Name"":""System Administrator""}}}]"
"01p6T000003ww6dQAA","FullCaseCommentsControllerTest","[{""Parent"":{""Id"":""0PSd0000000oWPgGAM"",""Type"":""Profile"",""Label"":""00ex00000018ozT_128_09_43_34_1"",""PermissionSetGroupId"":null,""Profile"":{""attributes"":{""type"":""Profile"",""url"":""/services/data/v53.0/sobjects/Profile/00ed00000017IobAAE""},""Id"":""00ed00000017IobAAE"",""Name"":""System Administrator""}}}]"
"01p0W000003frkqQAA","FYSConversationUpdateHandler","[{""Parent"":{""Id"":""0PSd0000000oWPgGAM"",""Type"":""Profile"",""Label"":""00ex00000018ozT_128_09_43_34_1"",""PermissionSetGroupId"":null,""Profile"":{""attributes"":{""type"":""Profile"",""url"":""/services/data/v53.0/sobjects/Profile/00ed00000017IobAAE""},""Id"":""00ed00000017IobAAE"",""Name"":""System Administrator""}}},{""Parent"":{""Id"":""0PS0W000001sbm1WAA"",""Type"":""Regular"",""Label"":""SMS Magic Academic Advising"",""PermissionSetGroupId"":null,""Profile"":null}},{""Parent"":{""Id"":""0PS0W000001GhJsWAK"",""Type"":""Regular"",""Label"":""SMS Magic First Year Success Coach"",""PermissionSetGroupId"":null,""Profile"":null}},{""Parent"":{""Id"":""0PS6T000001k9thWAA"",""Type"":""Group"",""Label"":""SMS Magic Users - Academic Advisors Manager"",""PermissionSetGroupId"":""0PG6T000000GmepWAC"",""Profile"":null}},{""Parent"":{""Id"":""0PS6T000001k9tiWAA"",""Type"":""Group"",""Label"":""SMS Magic Users - Academic Advisors Staff"",""PermissionSetGroupId"":""0PG6T000000GmeqWAC"",""Profile"":null}},{""Parent"":{""Id"":""0PS6T000001k9tjWAA"",""Type"":""Group"",""Label"":""SMS Magic Users - FYS"",""PermissionSetGroupId"":""0PG6T000000GmerWAC"",""Profile"":null}}]"
"01p0W000003frkrQAA","FYSConversationUpdateTriggerTest","[{""Parent"":{""Id"":""0PSd0000000oWPgGAM"",""Type"":""Profile"",""Label"":""00ex00000018ozT_128_09_43_34_1"",""PermissionSetGroupId"":null,""Profile"":{""attributes"":{""type"":""Profile"",""url"":""/services/data/v53.0/sobjects/Profile/00ed00000017IobAAE""},""Id"":""00ed00000017IobAAE"",""Name"":""System Administrator""}}},{""Parent"":{""Id"":""0PS0W000001sbm1WAA"",""Type"":""Regular"",""Label"":""SMS Magic Academic Advising"",""PermissionSetGroupId"":null,""Profile"":null}},{""Parent"":{""Id"":""0PS0W000001GhJsWAK"",""Type"":""Regular"",""Label"":""SMS Magic First Year Success Coach"",""PermissionSetGroupId"":null,""Profile"":null}},{""Parent"":{""Id"":""0PS6T000001k9thWAA"",""Type"":""Group"",""Label"":""SMS Magic Users - Academic Advisors Manager"",""PermissionSetGroupId"":""0PG6T000000GmepWAC"",""Profile"":null}},{""Parent"":{""Id"":""0PS6T000001k9tiWAA"",""Type"":""Group"",""Label"":""SMS Magic Users - Academic Advisors Staff"",""PermissionSetGroupId"":""0PG6T000000GmeqWAC"",""Profile"":null}},{""Parent"":{""Id"":""0PS6T000001k9tjWAA"",""Type"":""Group"",""Label"":""SMS Magic Users - FYS"",""PermissionSetGroupId"":""0PG6T000000GmerWAC"",""Profile"":null}}]"
"01p0W000004AWksQAG","FYSStudentWrapper","[{""Parent"":{""Id"":""0PSd0000000oWPgGAM"",""Type"":""Profile"",""Label"":""00ex00000018ozT_128_09_43_34_1"",""PermissionSetGroupId"":null,""Profile"":{""attributes"":{""type"":""Profile"",""url"":""/services/data/v53.0/sobjects/Profile/00ed00000017IobAAE""},""Id"":""00ed00000017IobAAE"",""Name"":""System Administrator""}}}]"
"01p0W000003jI8aQAE","GenerateReferenceIdOnEmailBody","[{""Parent"":{""Id"":""0PSd0000000oWPgGAM"",""Type"":""Profile"",""Label"":""00ex00000018ozT_128_09_43_34_1"",""PermissionSetGroupId"":null,""Profile"":{""attributes"":{""type"":""Profile"",""url"":""/services/data/v53.0/sobjects/Profile/00ed00000017IobAAE""},""Id"":""00ed00000017IobAAE"",""Name"":""System Administrator""}}}]"
"01p0W000003jI8bQAE","GenerateReferenceIdOnEmailBodyTest","[{""Parent"":{""Id"":""0PSd0000000oWPgGAM"",""Type"":""Profile"",""Label"":""00ex00000018ozT_128_09_43_34_1"",""PermissionSetGroupId"":null,""Profile"":{""attributes"":{""type"":""Profile"",""url"":""/services/data/v53.0/sobjects/Profile/00ed00000017IobAAE""},""Id"":""00ed00000017IobAAE"",""Name"":""System Administrator""}}}]"
"01p0W000003jK23QAE","GroupFactory","[{""Parent"":{""Id"":""0PSd0000000oWPgGAM"",""Type"":""Profile"",""Label"":""00ex00000018ozT_128_09_43_34_1"",""PermissionSetGroupId"":null,""Profile"":{""attributes"":{""type"":""Profile"",""url"":""/services/data/v53.0/sobjects/Profile/00ed00000017IobAAE""},""Id"":""00ed00000017IobAAE"",""Name"":""System Administrator""}}}]"
"01pd0000002zcETAAY","GroupService","[{""Parent"":{""Id"":""0PSd0000000oWPgGAM"",""Type"":""Profile"",""Label"":""00ex00000018ozT_128_09_43_34_1"",""PermissionSetGroupId"":null,""Profile"":{""attributes"":{""type"":""Profile"",""url"":""/services/data/v53.0/sobjects/Profile/00ed00000017IobAAE""},""Id"":""00ed00000017IobAAE"",""Name"":""System Administrator""}}}]"
"01p0W000003SNGkQAO","Hasher","[{""Parent"":{""Id"":""0PSd0000000oWPgGAM"",""Type"":""Profile"",""Label"":""00ex00000018ozT_128_09_43_34_1"",""PermissionSetGroupId"":null,""Profile"":{""attributes"":{""type"":""Profile"",""url"":""/services/data/v53.0/sobjects/Profile/00ed00000017IobAAE""},""Id"":""00ed00000017IobAAE"",""Name"":""System Administrator""}}}]"
"01pd0000002zq1kAAA","HelpDeskController","[{""Parent"":{""Id"":""0PSd0000000oWPgGAM"",""Type"":""Profile"",""Label"":""00ex00000018ozT_128_09_43_34_1"",""PermissionSetGroupId"":null,""Profile"":{""attributes"":{""type"":""Profile"",""url"":""/services/data/v53.0/sobjects/Profile/00ed00000017IobAAE""},""Id"":""00ed00000017IobAAE"",""Name"":""System Administrator""}}}]"
"01p6T000003ww6eQAA","HelpDeskControllerTest","[{""Parent"":{""Id"":""0PSd0000000oWPgGAM"",""Type"":""Profile"",""Label"":""00ex00000018ozT_128_09_43_34_1"",""PermissionSetGroupId"":null,""Profile"":{""attributes"":{""type"":""Profile"",""url"":""/services/data/v53.0/sobjects/Profile/00ed00000017IobAAE""},""Id"":""00ed00000017IobAAE"",""Name"":""System Administrator""}}}]"
"01p0W000003SNLYQA4","HTTPRestService_EnterpriseContact","[{""Parent"":{""Id"":""0PSd0000000oWPgGAM"",""Type"":""Profile"",""Label"":""00ex00000018ozT_128_09_43_34_1"",""PermissionSetGroupId"":null,""Profile"":{""attributes"":{""type"":""Profile"",""url"":""/services/data/v53.0/sobjects/Profile/00ed00000017IobAAE""},""Id"":""00ed00000017IobAAE"",""Name"":""System Administrator""}}}]"
"01p0W000003SNLZQA4","HTTPRestService_EnterpriseContactTest","[{""Parent"":{""Id"":""0PSd0000000oWPgGAM"",""Type"":""Profile"",""Label"":""00ex00000018ozT_128_09_43_34_1"",""PermissionSetGroupId"":null,""Profile"":{""attributes"":{""type"":""Profile"",""url"":""/services/data/v53.0/sobjects/Profile/00ed00000017IobAAE""},""Id"":""00ed00000017IobAAE"",""Name"":""System Administrator""}}}]"
"01pd0000004875aAAA","HTTPRestService_InContact","[{""Parent"":{""Id"":""0PSd0000000oWPgGAM"",""Type"":""Profile"",""Label"":""00ex00000018ozT_128_09_43_34_1"",""PermissionSetGroupId"":null,""Profile"":{""attributes"":{""type"":""Profile"",""url"":""/services/data/v53.0/sobjects/Profile/00ed00000017IobAAE""},""Id"":""00ed00000017IobAAE"",""Name"":""System Administrator""}}}]"
"01pd0000004875bAAA","HTTPRestService_InContactTest","[{""Parent"":{""Id"":""0PSd0000000oWPgGAM"",""Type"":""Profile"",""Label"":""00ex00000018ozT_128_09_43_34_1"",""PermissionSetGroupId"":null,""Profile"":{""attributes"":{""type"":""Profile"",""url"":""/services/data/v53.0/sobjects/Profile/00ed00000017IobAAE""},""Id"":""00ed00000017IobAAE"",""Name"":""System Administrator""}}}]"
"01pd0000004875cAAA","HTTPRestService_InContact_MockImpl","[{""Parent"":{""Id"":""0PSd0000000oWPgGAM"",""Type"":""Profile"",""Label"":""00ex00000018ozT_128_09_43_34_1"",""PermissionSetGroupId"":null,""Profile"":{""attributes"":{""type"":""Profile"",""url"":""/services/data/v53.0/sobjects/Profile/00ed00000017IobAAE""},""Id"":""00ed00000017IobAAE"",""Name"":""System Administrator""}}}]"
"01p0W000003SNGjQAO","HTTPRestService_MarketingCloud","[{""Parent"":{""Id"":""0PSd0000000oWPgGAM"",""Type"":""Profile"",""Label"":""00ex00000018ozT_128_09_43_34_1"",""PermissionSetGroupId"":null,""Profile"":{""attributes"":{""type"":""Profile"",""url"":""/services/data/v53.0/sobjects/Profile/00ed00000017IobAAE""},""Id"":""00ed00000017IobAAE"",""Name"":""System Administrator""}}}]"
"01pd0000004875dAAA","HTTPRestService_RocketChat","[{""Parent"":{""Id"":""0PSd0000000oWPgGAM"",""Type"":""Profile"",""Label"":""00ex00000018ozT_128_09_43_34_1"",""PermissionSetGroupId"":null,""Profile"":{""attributes"":{""type"":""Profile"",""url"":""/services/data/v53.0/sobjects/Profile/00ed00000017IobAAE""},""Id"":""00ed00000017IobAAE"",""Name"":""System Administrator""}}}]"
"01pd0000004875eAAA","HTTPRestService_RocketChatTest","[{""Parent"":{""Id"":""0PSd0000000oWPgGAM"",""Type"":""Profile"",""Label"":""00ex00000018ozT_128_09_43_34_1"",""PermissionSetGroupId"":null,""Profile"":{""attributes"":{""type"":""Profile"",""url"":""/services/data/v53.0/sobjects/Profile/00ed00000017IobAAE""},""Id"":""00ed00000017IobAAE"",""Name"":""System Administrator""}}}]"
"01pd0000004875fAAA","HTTPRestService_RocketChat_MockImpl","[{""Parent"":{""Id"":""0PSd0000000oWPgGAM"",""Type"":""Profile"",""Label"":""00ex00000018ozT_128_09_43_34_1"",""PermissionSetGroupId"":null,""Profile"":{""attributes"":{""type"":""Profile"",""url"":""/services/data/v53.0/sobjects/Profile/00ed00000017IobAAE""},""Id"":""00ed00000017IobAAE"",""Name"":""System Administrator""}}}]"
"01p0W000003SCQlQAO","IDHelper","[{""Parent"":{""Id"":""0PSd0000000oWPgGAM"",""Type"":""Profile"",""Label"":""00ex00000018ozT_128_09_43_34_1"",""PermissionSetGroupId"":null,""Profile"":{""attributes"":{""type"":""Profile"",""url"":""/services/data/v53.0/sobjects/Profile/00ed00000017IobAAE""},""Id"":""00ed00000017IobAAE"",""Name"":""System Administrator""}}}]"
"01p6T000003ww6fQAA","IDHelperTest","[{""Parent"":{""Id"":""0PSd0000000oWPgGAM"",""Type"":""Profile"",""Label"":""00ex00000018ozT_128_09_43_34_1"",""PermissionSetGroupId"":null,""Profile"":{""attributes"":{""type"":""Profile"",""url"":""/services/data/v53.0/sobjects/Profile/00ed00000017IobAAE""},""Id"":""00ed00000017IobAAE"",""Name"":""System Administrator""}}}]"
"01pd000000482kxAAA","IDispatch","[{""Parent"":{""Id"":""0PSd0000000oWPgGAM"",""Type"":""Profile"",""Label"":""00ex00000018ozT_128_09_43_34_1"",""PermissionSetGroupId"":null,""Profile"":{""attributes"":{""type"":""Profile"",""url"":""/services/data/v53.0/sobjects/Profile/00ed00000017IobAAE""},""Id"":""00ed00000017IobAAE"",""Name"":""System Administrator""}}}]"
"01p0W000003SNGlQAO","IndividualEmailResultDispatcher","[{""Parent"":{""Id"":""0PSd0000000oWPgGAM"",""Type"":""Profile"",""Label"":""00ex00000018ozT_128_09_43_34_1"",""PermissionSetGroupId"":null,""Profile"":{""attributes"":{""type"":""Profile"",""url"":""/services/data/v53.0/sobjects/Profile/00ed00000017IobAAE""},""Id"":""00ed00000017IobAAE"",""Name"":""System Administrator""}}}]"
"01p0W000003SNGmQAO","IndividualEmailResultService","[{""Parent"":{""Id"":""0PSd0000000oWPgGAM"",""Type"":""Profile"",""Label"":""00ex00000018ozT_128_09_43_34_1"",""PermissionSetGroupId"":null,""Profile"":{""attributes"":{""type"":""Profile"",""url"":""/services/data/v53.0/sobjects/Profile/00ed00000017IobAAE""},""Id"":""00ed00000017IobAAE"",""Name"":""System Administrator""}}}]"
"01p0W000003SNGnQAO","IndividualEmailResultTriggerTest","[{""Parent"":{""Id"":""0PSd0000000oWPgGAM"",""Type"":""Profile"",""Label"":""00ex00000018ozT_128_09_43_34_1"",""PermissionSetGroupId"":null,""Profile"":{""attributes"":{""type"":""Profile"",""url"":""/services/data/v53.0/sobjects/Profile/00ed00000017IobAAE""},""Id"":""00ed00000017IobAAE"",""Name"":""System Administrator""}}}]"
"01p0W000003jMHxQAM","InsertEmailMessage","[{""Parent"":{""Id"":""0PSd0000000r0dDGAQ"",""Type"":""Profile"",""Label"":""00ed00000019z77AAA"",""PermissionSetGroupId"":null,""Profile"":{""attributes"":{""type"":""Profile"",""url"":""/services/data/v53.0/sobjects/Profile/00ed00000019z77AAA""},""Id"":""00ed00000019z77AAA"",""Name"":""My ASU Profile""}}},{""Parent"":{""Id"":""0PSd0000000oWPgGAM"",""Type"":""Profile"",""Label"":""00ex00000018ozT_128_09_43_34_1"",""PermissionSetGroupId"":null,""Profile"":{""attributes"":{""type"":""Profile"",""url"":""/services/data/v53.0/sobjects/Profile/00ed00000017IobAAE""},""Id"":""00ed00000017IobAAE"",""Name"":""System Administrator""}}}]"
"01p0W000003jMHyQAM","InsertEmailMessageCalloutBody","[{""Parent"":{""Id"":""0PSd0000000oWPgGAM"",""Type"":""Profile"",""Label"":""00ex00000018ozT_128_09_43_34_1"",""PermissionSetGroupId"":null,""Profile"":{""attributes"":{""type"":""Profile"",""url"":""/services/data/v53.0/sobjects/Profile/00ed00000017IobAAE""},""Id"":""00ed00000017IobAAE"",""Name"":""System Administrator""}}}]"
"01p0W000003jMHzQAM","InsertEmailMessageCalloutBodyTest","[{""Parent"":{""Id"":""0PSd0000000oWPgGAM"",""Type"":""Profile"",""Label"":""00ex00000018ozT_128_09_43_34_1"",""PermissionSetGroupId"":null,""Profile"":{""attributes"":{""type"":""Profile"",""url"":""/services/data/v53.0/sobjects/Profile/00ed00000017IobAAE""},""Id"":""00ed00000017IobAAE"",""Name"":""System Administrator""}}}]"
"01p0W000003jMI0QAM","InsertEmailMessageTest","[{""Parent"":{""Id"":""0PSd0000000oWPgGAM"",""Type"":""Profile"",""Label"":""00ex00000018ozT_128_09_43_34_1"",""PermissionSetGroupId"":null,""Profile"":{""attributes"":{""type"":""Profile"",""url"":""/services/data/v53.0/sobjects/Profile/00ed00000017IobAAE""},""Id"":""00ed00000017IobAAE"",""Name"":""System Administrator""}}}]"
"01pd0000002v4vnAAA","InvalidSelfServicePinException","[{""Parent"":{""Id"":""0PSd0000000oWPgGAM"",""Type"":""Profile"",""Label"":""00ex00000018ozT_128_09_43_34_1"",""PermissionSetGroupId"":null,""Profile"":{""attributes"":{""type"":""Profile"",""url"":""/services/data/v53.0/sobjects/Profile/00ed00000017IobAAE""},""Id"":""00ed00000017IobAAE"",""Name"":""System Administrator""}}}]"
"01pd0000002d7BwAAI","ITrigger","[{""Parent"":{""Id"":""0PSd0000000oWPgGAM"",""Type"":""Profile"",""Label"":""00ex00000018ozT_128_09_43_34_1"",""PermissionSetGroupId"":null,""Profile"":{""attributes"":{""type"":""Profile"",""url"":""/services/data/v53.0/sobjects/Profile/00ed00000017IobAAE""},""Id"":""00ed00000017IobAAE"",""Name"":""System Administrator""}}},{""Parent"":{""Id"":""0PSd0000000quKmGAI"",""Type"":""Regular"",""Label"":""Additional Administrator Permissions"",""PermissionSetGroupId"":null,""Profile"":null}}]"
"01p0W000003brPeQAI","JiraAddCommentFormController","[{""Parent"":{""Id"":""0PSd0000000r0bvGAA"",""Type"":""Profile"",""Label"":""00ed00000019z5nAAA"",""PermissionSetGroupId"":null,""Profile"":{""attributes"":{""type"":""Profile"",""url"":""/services/data/v53.0/sobjects/Profile/00ed00000019z5nAAA""},""Id"":""00ed00000019z5nAAA"",""Name"":""ASU Community""}}},{""Parent"":{""Id"":""0PSd0000000r0c0GAA"",""Type"":""Profile"",""Label"":""00ed00000019z5sAAA"",""PermissionSetGroupId"":null,""Profile"":{""attributes"":{""type"":""Profile"",""url"":""/services/data/v53.0/sobjects/Profile/00ed00000019z5sAAA""},""Id"":""00ed00000019z5sAAA"",""Name"":""ASU Community CAP""}}},{""Parent"":{""Id"":""0PSd0000000oWPgGAM"",""Type"":""Profile"",""Label"":""00ex00000018ozT_128_09_43_34_1"",""PermissionSetGroupId"":null,""Profile"":{""attributes"":{""type"":""Profile"",""url"":""/services/data/v53.0/sobjects/Profile/00ed00000017IobAAE""},""Id"":""00ed00000017IobAAE"",""Name"":""System Administrator""}}}]"
"01p6T000003ww6iQAA","JiraAddCommentFormControllerTest","[{""Parent"":{""Id"":""0PSd0000000oWPgGAM"",""Type"":""Profile"",""Label"":""00ex00000018ozT_128_09_43_34_1"",""PermissionSetGroupId"":null,""Profile"":{""attributes"":{""type"":""Profile"",""url"":""/services/data/v53.0/sobjects/Profile/00ed00000017IobAAE""},""Id"":""00ed00000017IobAAE"",""Name"":""System Administrator""}}}]"
"01p0W000003brPfQAI","JiraHttpMockCallout","[{""Parent"":{""Id"":""0PSd0000000oWPgGAM"",""Type"":""Profile"",""Label"":""00ex00000018ozT_128_09_43_34_1"",""PermissionSetGroupId"":null,""Profile"":{""attributes"":{""type"":""Profile"",""url"":""/services/data/v53.0/sobjects/Profile/00ed00000017IobAAE""},""Id"":""00ed00000017IobAAE"",""Name"":""System Administrator""}}}]"
"01p0W000003brPgQAI","JiraReportIssueController","[{""Parent"":{""Id"":""0PSd0000000r0bvGAA"",""Type"":""Profile"",""Label"":""00ed00000019z5nAAA"",""PermissionSetGroupId"":null,""Profile"":{""attributes"":{""type"":""Profile"",""url"":""/services/data/v53.0/sobjects/Profile/00ed00000019z5nAAA""},""Id"":""00ed00000019z5nAAA"",""Name"":""ASU Community""}}},{""Parent"":{""Id"":""0PSd0000000r0c0GAA"",""Type"":""Profile"",""Label"":""00ed00000019z5sAAA"",""PermissionSetGroupId"":null,""Profile"":{""attributes"":{""type"":""Profile"",""url"":""/services/data/v53.0/sobjects/Profile/00ed00000019z5sAAA""},""Id"":""00ed00000019z5sAAA"",""Name"":""ASU Community CAP""}}},{""Parent"":{""Id"":""0PSd0000000oWPgGAM"",""Type"":""Profile"",""Label"":""00ex00000018ozT_128_09_43_34_1"",""PermissionSetGroupId"":null,""Profile"":{""attributes"":{""type"":""Profile"",""url"":""/services/data/v53.0/sobjects/Profile/00ed00000017IobAAE""},""Id"":""00ed00000017IobAAE"",""Name"":""System Administrator""}}}]"
"01p6T000003ww6jQAA","JiraReportIssueControllerTest","[{""Parent"":{""Id"":""0PSd0000000oWPgGAM"",""Type"":""Profile"",""Label"":""00ex00000018ozT_128_09_43_34_1"",""PermissionSetGroupId"":null,""Profile"":{""attributes"":{""type"":""Profile"",""url"":""/services/data/v53.0/sobjects/Profile/00ed00000017IobAAE""},""Id"":""00ed00000017IobAAE"",""Name"":""System Administrator""}}}]"
"01p0W000003brPhQAI","JiraViewAllIssuesController","[{""Parent"":{""Id"":""0PSd0000000r0bvGAA"",""Type"":""Profile"",""Label"":""00ed00000019z5nAAA"",""PermissionSetGroupId"":null,""Profile"":{""attributes"":{""type"":""Profile"",""url"":""/services/data/v53.0/sobjects/Profile/00ed00000019z5nAAA""},""Id"":""00ed00000019z5nAAA"",""Name"":""ASU Community""}}},{""Parent"":{""Id"":""0PSd0000000r0c0GAA"",""Type"":""Profile"",""Label"":""00ed00000019z5sAAA"",""PermissionSetGroupId"":null,""Profile"":{""attributes"":{""type"":""Profile"",""url"":""/services/data/v53.0/sobjects/Profile/00ed00000019z5sAAA""},""Id"":""00ed00000019z5sAAA"",""Name"":""ASU Community CAP""}}},{""Parent"":{""Id"":""0PSd0000000oWPgGAM"",""Type"":""Profile"",""Label"":""00ex00000018ozT_128_09_43_34_1"",""PermissionSetGroupId"":null,""Profile"":{""attributes"":{""type"":""Profile"",""url"":""/services/data/v53.0/sobjects/Profile/00ed00000017IobAAE""},""Id"":""00ed00000017IobAAE"",""Name"":""System Administrator""}}}]"
"01p6T000003ww6kQAA","JiraViewAllIssuesControllerTest","[{""Parent"":{""Id"":""0PSd0000000oWPgGAM"",""Type"":""Profile"",""Label"":""00ex00000018ozT_128_09_43_34_1"",""PermissionSetGroupId"":null,""Profile"":{""attributes"":{""type"":""Profile"",""url"":""/services/data/v53.0/sobjects/Profile/00ed00000017IobAAE""},""Id"":""00ed00000017IobAAE"",""Name"":""System Administrator""}}}]"
"01p0W000003brPdQAI","JIRAWebserviceCallout","[{""Parent"":{""Id"":""0PSd0000000oWPgGAM"",""Type"":""Profile"",""Label"":""00ex00000018ozT_128_09_43_34_1"",""PermissionSetGroupId"":null,""Profile"":{""attributes"":{""type"":""Profile"",""url"":""/services/data/v53.0/sobjects/Profile/00ed00000017IobAAE""},""Id"":""00ed00000017IobAAE"",""Name"":""System Administrator""}}}]"
"01p0W000003brPiQAI","JiraWebserviceCalloutTest","[{""Parent"":{""Id"":""0PSd0000000oWPgGAM"",""Type"":""Profile"",""Label"":""00ex00000018ozT_128_09_43_34_1"",""PermissionSetGroupId"":null,""Profile"":{""attributes"":{""type"":""Profile"",""url"":""/services/data/v53.0/sobjects/Profile/00ed00000017IobAAE""},""Id"":""00ed00000017IobAAE"",""Name"":""System Administrator""}}}]"
"01pd0000002zXylAAE","JITStudentHandler","[{""Parent"":{""Id"":""0PSd0000000oWPgGAM"",""Type"":""Profile"",""Label"":""00ex00000018ozT_128_09_43_34_1"",""PermissionSetGroupId"":null,""Profile"":{""attributes"":{""type"":""Profile"",""url"":""/services/data/v53.0/sobjects/Profile/00ed00000017IobAAE""},""Id"":""00ed00000017IobAAE"",""Name"":""System Administrator""}}}]"
"01p6T000003ww6gQAA","JITStudentHandlerTest","[{""Parent"":{""Id"":""0PSd0000000oWPgGAM"",""Type"":""Profile"",""Label"":""00ex00000018ozT_128_09_43_34_1"",""PermissionSetGroupId"":null,""Profile"":{""attributes"":{""type"":""Profile"",""url"":""/services/data/v53.0/sobjects/Profile/00ed00000017IobAAE""},""Id"":""00ed00000017IobAAE"",""Name"":""System Administrator""}}}]"
"01pd0000002zXymAAE","JITUserHandler","[{""Parent"":{""Id"":""0PSd0000000oWPgGAM"",""Type"":""Profile"",""Label"":""00ex00000018ozT_128_09_43_34_1"",""PermissionSetGroupId"":null,""Profile"":{""attributes"":{""type"":""Profile"",""url"":""/services/data/v53.0/sobjects/Profile/00ed00000017IobAAE""},""Id"":""00ed00000017IobAAE"",""Name"":""System Administrator""}}}]"
"01p6T000003ww6hQAA","JITUserHandlerTest","[{""Parent"":{""Id"":""0PSd0000000oWPgGAM"",""Type"":""Profile"",""Label"":""00ex00000018ozT_128_09_43_34_1"",""PermissionSetGroupId"":null,""Profile"":{""attributes"":{""type"":""Profile"",""url"":""/services/data/v53.0/sobjects/Profile/00ed00000017IobAAE""},""Id"":""00ed00000017IobAAE"",""Name"":""System Administrator""}}}]"
"01p0W000003X4ZNQA0","KnowledgeArticleFactory","[{""Parent"":{""Id"":""0PSd0000000oWPgGAM"",""Type"":""Profile"",""Label"":""00ex00000018ozT_128_09_43_34_1"",""PermissionSetGroupId"":null,""Profile"":{""attributes"":{""type"":""Profile"",""url"":""/services/data/v53.0/sobjects/Profile/00ed00000017IobAAE""},""Id"":""00ed00000017IobAAE"",""Name"":""System Administrator""}}}]"
"01pd000000482kCAAQ","LeadCommunicationHistoryController","[{""Parent"":{""Id"":""0PSd0000000oWPgGAM"",""Type"":""Profile"",""Label"":""00ex00000018ozT_128_09_43_34_1"",""PermissionSetGroupId"":null,""Profile"":{""attributes"":{""type"":""Profile"",""url"":""/services/data/v53.0/sobjects/Profile/00ed00000017IobAAE""},""Id"":""00ed00000017IobAAE"",""Name"":""System Administrator""}}}]"
"01p6T000003ww6lQAA","LeadCommunicationHistoryControllerTest","[{""Parent"":{""Id"":""0PSd0000000oWPgGAM"",""Type"":""Profile"",""Label"":""00ex00000018ozT_128_09_43_34_1"",""PermissionSetGroupId"":null,""Profile"":{""attributes"":{""type"":""Profile"",""url"":""/services/data/v53.0/sobjects/Profile/00ed00000017IobAAE""},""Id"":""00ed00000017IobAAE"",""Name"":""System Administrator""}}}]"
"01p0W000004AYUvQAO","LeadDeleter","[{""Parent"":{""Id"":""0PSd0000000oWPgGAM"",""Type"":""Profile"",""Label"":""00ex00000018ozT_128_09_43_34_1"",""PermissionSetGroupId"":null,""Profile"":{""attributes"":{""type"":""Profile"",""url"":""/services/data/v53.0/sobjects/Profile/00ed00000017IobAAE""},""Id"":""00ed00000017IobAAE"",""Name"":""System Administrator""}}}]"
"01p6T000003wwacQAA","LeadDeleterTest","[{""Parent"":{""Id"":""0PSd0000000oWPgGAM"",""Type"":""Profile"",""Label"":""00ex00000018ozT_128_09_43_34_1"",""PermissionSetGroupId"":null,""Profile"":{""attributes"":{""type"":""Profile"",""url"":""/services/data/v53.0/sobjects/Profile/00ed00000017IobAAE""},""Id"":""00ed00000017IobAAE"",""Name"":""System Administrator""}}}]"
"01p0W000003jH4IQAU","LeadFactory","[{""Parent"":{""Id"":""0PSd0000000oWPgGAM"",""Type"":""Profile"",""Label"":""00ex00000018ozT_128_09_43_34_1"",""PermissionSetGroupId"":null,""Profile"":{""attributes"":{""type"":""Profile"",""url"":""/services/data/v53.0/sobjects/Profile/00ed00000017IobAAE""},""Id"":""00ed00000017IobAAE"",""Name"":""System Administrator""}}}]"
"01pd0000002dYtwAAE","LeadHandler","[{""Parent"":{""Id"":""0PSd0000000oWPgGAM"",""Type"":""Profile"",""Label"":""00ex00000018ozT_128_09_43_34_1"",""PermissionSetGroupId"":null,""Profile"":{""attributes"":{""type"":""Profile"",""url"":""/services/data/v53.0/sobjects/Profile/00ed00000017IobAAE""},""Id"":""00ed00000017IobAAE"",""Name"":""System Administrator""}}},{""Parent"":{""Id"":""0PSd0000000quKmGAI"",""Type"":""Regular"",""Label"":""Additional Administrator Permissions"",""PermissionSetGroupId"":null,""Profile"":null}}]"
"01p0W000003SNGoQAO","LeadHashUpdateBatch","[{""Parent"":{""Id"":""0PSd0000000oWPgGAM"",""Type"":""Profile"",""Label"":""00ex00000018ozT_128_09_43_34_1"",""PermissionSetGroupId"":null,""Profile"":{""attributes"":{""type"":""Profile"",""url"":""/services/data/v53.0/sobjects/Profile/00ed00000017IobAAE""},""Id"":""00ed00000017IobAAE"",""Name"":""System Administrator""}}}]"
"01p0W000004AYUwQAO","LeadScrambler","[{""Parent"":{""Id"":""0PSd0000000oWPgGAM"",""Type"":""Profile"",""Label"":""00ex00000018ozT_128_09_43_34_1"",""PermissionSetGroupId"":null,""Profile"":{""attributes"":{""type"":""Profile"",""url"":""/services/data/v53.0/sobjects/Profile/00ed00000017IobAAE""},""Id"":""00ed00000017IobAAE"",""Name"":""System Administrator""}}}]"
"01p0W000004AYUxQAO","LeadScramblerTest","[{""Parent"":{""Id"":""0PSd0000000oWPgGAM"",""Type"":""Profile"",""Label"":""00ex00000018ozT_128_09_43_34_1"",""PermissionSetGroupId"":null,""Profile"":{""attributes"":{""type"":""Profile"",""url"":""/services/data/v53.0/sobjects/Profile/00ed00000017IobAAE""},""Id"":""00ed00000017IobAAE"",""Name"":""System Administrator""}}}]"
"01pd0000002vnF6AAI","LeadService","[{""Parent"":{""Id"":""0PSd0000000oWPgGAM"",""Type"":""Profile"",""Label"":""00ex00000018ozT_128_09_43_34_1"",""PermissionSetGroupId"":null,""Profile"":{""attributes"":{""type"":""Profile"",""url"":""/services/data/v53.0/sobjects/Profile/00ed00000017IobAAE""},""Id"":""00ed00000017IobAAE"",""Name"":""System Administrator""}}}]"
"01p0W000003jH4JQAU","LeadsOperationsForSandBoxRefresh","[{""Parent"":{""Id"":""0PSd0000000oWPgGAM"",""Type"":""Profile"",""Label"":""00ex00000018ozT_128_09_43_34_1"",""PermissionSetGroupId"":null,""Profile"":{""attributes"":{""type"":""Profile"",""url"":""/services/data/v53.0/sobjects/Profile/00ed00000017IobAAE""},""Id"":""00ed00000017IobAAE"",""Name"":""System Administrator""}}}]"
"01p0W000003jH4KQAU","LeadsOperationsForSandBoxRefreshTest","[{""Parent"":{""Id"":""0PSd0000000oWPgGAM"",""Type"":""Profile"",""Label"":""00ex00000018ozT_128_09_43_34_1"",""PermissionSetGroupId"":null,""Profile"":{""attributes"":{""type"":""Profile"",""url"":""/services/data/v53.0/sobjects/Profile/00ed00000017IobAAE""},""Id"":""00ed00000017IobAAE"",""Name"":""System Administrator""}}}]"
"01p0W000003X4ZOQA0","LeadSubscriberOptInBatch","[{""Parent"":{""Id"":""0PSd0000000oWPgGAM"",""Type"":""Profile"",""Label"":""00ex00000018ozT_128_09_43_34_1"",""PermissionSetGroupId"":null,""Profile"":{""attributes"":{""type"":""Profile"",""url"":""/services/data/v53.0/sobjects/Profile/00ed00000017IobAAE""},""Id"":""00ed00000017IobAAE"",""Name"":""System Administrator""}}}]"
"01p6T000003ww6mQAA","LeadTriggerTest","[{""Parent"":{""Id"":""0PSd0000000oWPgGAM"",""Type"":""Profile"",""Label"":""00ex00000018ozT_128_09_43_34_1"",""PermissionSetGroupId"":null,""Profile"":{""attributes"":{""type"":""Profile"",""url"":""/services/data/v53.0/sobjects/Profile/00ed00000017IobAAE""},""Id"":""00ed00000017IobAAE"",""Name"":""System Administrator""}}}]"
"01pd0000002ze52AAA","Link","[{""Parent"":{""Id"":""0PSd0000000oWPgGAM"",""Type"":""Profile"",""Label"":""00ex00000018ozT_128_09_43_34_1"",""PermissionSetGroupId"":null,""Profile"":{""attributes"":{""type"":""Profile"",""url"":""/services/data/v53.0/sobjects/Profile/00ed00000017IobAAE""},""Id"":""00ed00000017IobAAE"",""Name"":""System Administrator""}}}]"
"01p0W000003SIJGQA4","ListViewController","[{""Parent"":{""Id"":""0PSd0000000oWPgGAM"",""Type"":""Profile"",""Label"":""00ex00000018ozT_128_09_43_34_1"",""PermissionSetGroupId"":null,""Profile"":{""attributes"":{""type"":""Profile"",""url"":""/services/data/v53.0/sobjects/Profile/00ed00000017IobAAE""},""Id"":""00ed00000017IobAAE"",""Name"":""System Administrator""}}}]"
"01p6T000003TGb8QAG","ListViewControllerTest","[{""Parent"":{""Id"":""0PSd0000000oWPgGAM"",""Type"":""Profile"",""Label"":""00ex00000018ozT_128_09_43_34_1"",""PermissionSetGroupId"":null,""Profile"":{""attributes"":{""type"":""Profile"",""url"":""/services/data/v53.0/sobjects/Profile/00ed00000017IobAAE""},""Id"":""00ed00000017IobAAE"",""Name"":""System Administrator""}}}]"
"01p0W000004Ct3aQAC","LiveAgentNoticesController","[{""Parent"":{""Id"":""0PSd0000000oWPgGAM"",""Type"":""Profile"",""Label"":""00ex00000018ozT_128_09_43_34_1"",""PermissionSetGroupId"":null,""Profile"":{""attributes"":{""type"":""Profile"",""url"":""/services/data/v53.0/sobjects/Profile/00ed00000017IobAAE""},""Id"":""00ed00000017IobAAE"",""Name"":""System Administrator""}}}]"
"01p6T000003ww6nQAA","LiveAgentNoticesControllerTest","[{""Parent"":{""Id"":""0PSd0000000oWPgGAM"",""Type"":""Profile"",""Label"":""00ex00000018ozT_128_09_43_34_1"",""PermissionSetGroupId"":null,""Profile"":{""attributes"":{""type"":""Profile"",""url"":""/services/data/v53.0/sobjects/Profile/00ed00000017IobAAE""},""Id"":""00ed00000017IobAAE"",""Name"":""System Administrator""}}}]"
"01p0W000004Ct3bQAC","LiveAgentPostSurveyController","[{""Parent"":{""Id"":""0PSd0000000oWPgGAM"",""Type"":""Profile"",""Label"":""00ex00000018ozT_128_09_43_34_1"",""PermissionSetGroupId"":null,""Profile"":{""attributes"":{""type"":""Profile"",""url"":""/services/data/v53.0/sobjects/Profile/00ed00000017IobAAE""},""Id"":""00ed00000017IobAAE"",""Name"":""System Administrator""}}}]"
"01p6T000003ww6oQAA","LiveAgentPostSurveyControllerTest","[{""Parent"":{""Id"":""0PSd0000000oWPgGAM"",""Type"":""Profile"",""Label"":""00ex00000018ozT_128_09_43_34_1"",""PermissionSetGroupId"":null,""Profile"":{""attributes"":{""type"":""Profile"",""url"":""/services/data/v53.0/sobjects/Profile/00ed00000017IobAAE""},""Id"":""00ed00000017IobAAE"",""Name"":""System Administrator""}}}]"
"01p0W000004Ct3cQAC","LiveAgentPreSurveyController","[{""Parent"":{""Id"":""0PSd0000000oWPgGAM"",""Type"":""Profile"",""Label"":""00ex00000018ozT_128_09_43_34_1"",""PermissionSetGroupId"":null,""Profile"":{""attributes"":{""type"":""Profile"",""url"":""/services/data/v53.0/sobjects/Profile/00ed00000017IobAAE""},""Id"":""00ed00000017IobAAE"",""Name"":""System Administrator""}}}]"
"01p6T000003ww6pQAA","LiveAgentPreSurveyControllerTest","[{""Parent"":{""Id"":""0PSd0000000oWPgGAM"",""Type"":""Profile"",""Label"":""00ex00000018ozT_128_09_43_34_1"",""PermissionSetGroupId"":null,""Profile"":{""attributes"":{""type"":""Profile"",""url"":""/services/data/v53.0/sobjects/Profile/00ed00000017IobAAE""},""Id"":""00ed00000017IobAAE"",""Name"":""System Administrator""}}}]"
"01p0W000004Ct3dQAC","LiveAgentUtils","[{""Parent"":{""Id"":""0PSd0000000oWPgGAM"",""Type"":""Profile"",""Label"":""00ex00000018ozT_128_09_43_34_1"",""PermissionSetGroupId"":null,""Profile"":{""attributes"":{""type"":""Profile"",""url"":""/services/data/v53.0/sobjects/Profile/00ed00000017IobAAE""},""Id"":""00ed00000017IobAAE"",""Name"":""System Administrator""}}}]"
"01pd0000002zxzUAAQ","LogSuite","[{""Parent"":{""Id"":""0PSd0000000oWPgGAM"",""Type"":""Profile"",""Label"":""00ex00000018ozT_128_09_43_34_1"",""PermissionSetGroupId"":null,""Profile"":{""attributes"":{""type"":""Profile"",""url"":""/services/data/v53.0/sobjects/Profile/00ed00000017IobAAE""},""Id"":""00ed00000017IobAAE"",""Name"":""System Administrator""}}}]"
"01p0W000003jHdHQAU","MarketingCloudEmailLinkMockCallout","[{""Parent"":{""Id"":""0PSd0000000oWPgGAM"",""Type"":""Profile"",""Label"":""00ex00000018ozT_128_09_43_34_1"",""PermissionSetGroupId"":null,""Profile"":{""attributes"":{""type"":""Profile"",""url"":""/services/data/v53.0/sobjects/Profile/00ed00000017IobAAE""},""Id"":""00ed00000017IobAAE"",""Name"":""System Administrator""}}}]"
"01p0W000003jHdIQAU","MarketingCloudEmailLinkWebService","[{""Parent"":{""Id"":""0PSd0000000oWPgGAM"",""Type"":""Profile"",""Label"":""00ex00000018ozT_128_09_43_34_1"",""PermissionSetGroupId"":null,""Profile"":{""attributes"":{""type"":""Profile"",""url"":""/services/data/v53.0/sobjects/Profile/00ed00000017IobAAE""},""Id"":""00ed00000017IobAAE"",""Name"":""System Administrator""}}}]"
"01p0W000003jHdJQAU","MarketingCloudEmailLinkWebServiceTest","[{""Parent"":{""Id"":""0PSd0000000oWPgGAM"",""Type"":""Profile"",""Label"":""00ex00000018ozT_128_09_43_34_1"",""PermissionSetGroupId"":null,""Profile"":{""attributes"":{""type"":""Profile"",""url"":""/services/data/v53.0/sobjects/Profile/00ed00000017IobAAE""},""Id"":""00ed00000017IobAAE"",""Name"":""System Administrator""}}}]"
"01p0W000003jHdKQAU","MarketingCloudViewEmailController","[{""Parent"":{""Id"":""0PSd0000000oWPgGAM"",""Type"":""Profile"",""Label"":""00ex00000018ozT_128_09_43_34_1"",""PermissionSetGroupId"":null,""Profile"":{""attributes"":{""type"":""Profile"",""url"":""/services/data/v53.0/sobjects/Profile/00ed00000017IobAAE""},""Id"":""00ed00000017IobAAE"",""Name"":""System Administrator""}}}]"
"01p6T000003wwQ4QAI","MarketingCloudViewEmailControllerTest","[{""Parent"":{""Id"":""0PSd0000000oWPgGAM"",""Type"":""Profile"",""Label"":""00ex00000018ozT_128_09_43_34_1"",""PermissionSetGroupId"":null,""Profile"":{""attributes"":{""type"":""Profile"",""url"":""/services/data/v53.0/sobjects/Profile/00ed00000017IobAAE""},""Id"":""00ed00000017IobAAE"",""Name"":""System Administrator""}}}]"
"01p0W000003SNGpQAO","MassHashUpdateBatch","[{""Parent"":{""Id"":""0PSd0000000oWPgGAM"",""Type"":""Profile"",""Label"":""00ex00000018ozT_128_09_43_34_1"",""PermissionSetGroupId"":null,""Profile"":{""attributes"":{""type"":""Profile"",""url"":""/services/data/v53.0/sobjects/Profile/00ed00000017IobAAE""},""Id"":""00ed00000017IobAAE"",""Name"":""System Administrator""}}}]"
"01p0W000003SNGqQAO","MassHashUpdateBatchTest","[{""Parent"":{""Id"":""0PSd0000000oWPgGAM"",""Type"":""Profile"",""Label"":""00ex00000018ozT_128_09_43_34_1"",""PermissionSetGroupId"":null,""Profile"":{""attributes"":{""type"":""Profile"",""url"":""/services/data/v53.0/sobjects/Profile/00ed00000017IobAAE""},""Id"":""00ed00000017IobAAE"",""Name"":""System Administrator""}}}]"
"01p0W000003SNLaQAO","MCSMSOptInController","[{""Parent"":{""Id"":""0PSd0000000oWPgGAM"",""Type"":""Profile"",""Label"":""00ex00000018ozT_128_09_43_34_1"",""PermissionSetGroupId"":null,""Profile"":{""attributes"":{""type"":""Profile"",""url"":""/services/data/v53.0/sobjects/Profile/00ed00000017IobAAE""},""Id"":""00ed00000017IobAAE"",""Name"":""System Administrator""}}}]"
"01p6T000003wwWQQAY","MCSMSOptInControllerTest","[{""Parent"":{""Id"":""0PSd0000000oWPgGAM"",""Type"":""Profile"",""Label"":""00ex00000018ozT_128_09_43_34_1"",""PermissionSetGroupId"":null,""Profile"":{""attributes"":{""type"":""Profile"",""url"":""/services/data/v53.0/sobjects/Profile/00ed00000017IobAAE""},""Id"":""00ed00000017IobAAE"",""Name"":""System Administrator""}}}]"
"01p0W000004AYUyQAO","MockHttpBulkAPI","[{""Parent"":{""Id"":""0PSd0000000oWPgGAM"",""Type"":""Profile"",""Label"":""00ex00000018ozT_128_09_43_34_1"",""PermissionSetGroupId"":null,""Profile"":{""attributes"":{""type"":""Profile"",""url"":""/services/data/v53.0/sobjects/Profile/00ed00000017IobAAE""},""Id"":""00ed00000017IobAAE"",""Name"":""System Administrator""}}}]"
"01p0W000003SNLbQAO","MockHttpResponseGen_EnterpriseContact","[{""Parent"":{""Id"":""0PSd0000000oWPgGAM"",""Type"":""Profile"",""Label"":""00ex00000018ozT_128_09_43_34_1"",""PermissionSetGroupId"":null,""Profile"":{""attributes"":{""type"":""Profile"",""url"":""/services/data/v53.0/sobjects/Profile/00ed00000017IobAAE""},""Id"":""00ed00000017IobAAE"",""Name"":""System Administrator""}}}]"
"01p0W000004AYgZQAW","MyASUHelpAttachmentsController","[{""Parent"":{""Id"":""0PSd0000000oWPgGAM"",""Type"":""Profile"",""Label"":""00ex00000018ozT_128_09_43_34_1"",""PermissionSetGroupId"":null,""Profile"":{""attributes"":{""type"":""Profile"",""url"":""/services/data/v53.0/sobjects/Profile/00ed00000017IobAAE""},""Id"":""00ed00000017IobAAE"",""Name"":""System Administrator""}}}]"
"01p0W000004AYgaQAG","MyASUHelpAttachmentsControllerTest","[{""Parent"":{""Id"":""0PSd0000000oWPgGAM"",""Type"":""Profile"",""Label"":""00ex00000018ozT_128_09_43_34_1"",""PermissionSetGroupId"":null,""Profile"":{""attributes"":{""type"":""Profile"",""url"":""/services/data/v53.0/sobjects/Profile/00ed00000017IobAAE""},""Id"":""00ed00000017IobAAE"",""Name"":""System Administrator""}}}]"
"01p0W000004AYgbQAG","MyASUHelpController","[{""Parent"":{""Id"":""0PSd0000000oWPgGAM"",""Type"":""Profile"",""Label"":""00ex00000018ozT_128_09_43_34_1"",""PermissionSetGroupId"":null,""Profile"":{""attributes"":{""type"":""Profile"",""url"":""/services/data/v53.0/sobjects/Profile/00ed00000017IobAAE""},""Id"":""00ed00000017IobAAE"",""Name"":""System Administrator""}}}]"
"01p0W000004AYgcQAG","MyASUHelpControllerTest","[{""Parent"":{""Id"":""0PSd0000000oWPgGAM"",""Type"":""Profile"",""Label"":""00ex00000018ozT_128_09_43_34_1"",""PermissionSetGroupId"":null,""Profile"":{""attributes"":{""type"":""Profile"",""url"":""/services/data/v53.0/sobjects/Profile/00ed00000017IobAAE""},""Id"":""00ed00000017IobAAE"",""Name"":""System Administrator""}}}]"
"01p0W000004AYgdQAG","MyASUHelpPaginationController","[{""Parent"":{""Id"":""0PSd0000000oWPgGAM"",""Type"":""Profile"",""Label"":""00ex00000018ozT_128_09_43_34_1"",""PermissionSetGroupId"":null,""Profile"":{""attributes"":{""type"":""Profile"",""url"":""/services/data/v53.0/sobjects/Profile/00ed00000017IobAAE""},""Id"":""00ed00000017IobAAE"",""Name"":""System Administrator""}}}]"
"01p0W000004AYgeQAG","MyASUHelpPaginationControllerTest","[{""Parent"":{""Id"":""0PSd0000000oWPgGAM"",""Type"":""Profile"",""Label"":""00ex00000018ozT_128_09_43_34_1"",""PermissionSetGroupId"":null,""Profile"":{""attributes"":{""type"":""Profile"",""url"":""/services/data/v53.0/sobjects/Profile/00ed00000017IobAAE""},""Id"":""00ed00000017IobAAE"",""Name"":""System Administrator""}}}]"
"01p0W000004AYgfQAG","MyASUHelpViewAsService","[{""Parent"":{""Id"":""0PSd0000000oWPgGAM"",""Type"":""Profile"",""Label"":""00ex00000018ozT_128_09_43_34_1"",""PermissionSetGroupId"":null,""Profile"":{""attributes"":{""type"":""Profile"",""url"":""/services/data/v53.0/sobjects/Profile/00ed00000017IobAAE""},""Id"":""00ed00000017IobAAE"",""Name"":""System Administrator""}}}]"
"01p0W000004AYggQAG","MyASUHelpViewAsServiceMock","[{""Parent"":{""Id"":""0PSd0000000oWPgGAM"",""Type"":""Profile"",""Label"":""00ex00000018ozT_128_09_43_34_1"",""PermissionSetGroupId"":null,""Profile"":{""attributes"":{""type"":""Profile"",""url"":""/services/data/v53.0/sobjects/Profile/00ed00000017IobAAE""},""Id"":""00ed00000017IobAAE"",""Name"":""System Administrator""}}}]"
"01p0W000004AYghQAG","MyASUHelpViewAsServiceTest","[{""Parent"":{""Id"":""0PSd0000000oWPgGAM"",""Type"":""Profile"",""Label"":""00ex00000018ozT_128_09_43_34_1"",""PermissionSetGroupId"":null,""Profile"":{""attributes"":{""type"":""Profile"",""url"":""/services/data/v53.0/sobjects/Profile/00ed00000017IobAAE""},""Id"":""00ed00000017IobAAE"",""Name"":""System Administrator""}}}]"
"01p0W000004AYgiQAG","MyASUHelpViewAsSharingService","[{""Parent"":{""Id"":""0PSd0000000oWPgGAM"",""Type"":""Profile"",""Label"":""00ex00000018ozT_128_09_43_34_1"",""PermissionSetGroupId"":null,""Profile"":{""attributes"":{""type"":""Profile"",""url"":""/services/data/v53.0/sobjects/Profile/00ed00000017IobAAE""},""Id"":""00ed00000017IobAAE"",""Name"":""System Administrator""}}}]"
"01p0W000003brRAQAY","MyProfilePageController","[{""Parent"":{""Id"":""0PSd0000000oWPgGAM"",""Type"":""Profile"",""Label"":""00ex00000018ozT_128_09_43_34_1"",""PermissionSetGroupId"":null,""Profile"":{""attributes"":{""type"":""Profile"",""url"":""/services/data/v53.0/sobjects/Profile/00ed00000017IobAAE""},""Id"":""00ed00000017IobAAE"",""Name"":""System Administrator""}}}]"
"01p0W000003brRBQAY","MyProfilePageControllerTest","[{""Parent"":{""Id"":""0PSd0000000oWPgGAM"",""Type"":""Profile"",""Label"":""00ex00000018ozT_128_09_43_34_1"",""PermissionSetGroupId"":null,""Profile"":{""attributes"":{""type"":""Profile"",""url"":""/services/data/v53.0/sobjects/Profile/00ed00000017IobAAE""},""Id"":""00ed00000017IobAAE"",""Name"":""System Administrator""}}}]"
"01pd0000002vXFEAA2","NewCorporateRelationsContactController","[{""Parent"":{""Id"":""0PSd0000000r49zGAA"",""Type"":""Profile"",""Label"":""00ed0000001A24iAAC"",""PermissionSetGroupId"":null,""Profile"":{""attributes"":{""type"":""Profile"",""url"":""/services/data/v53.0/sobjects/Profile/00ed0000001A24iAAC""},""Id"":""00ed0000001A24iAAC"",""Name"":""ASU Corporate Relations""}}},{""Parent"":{""Id"":""0PSd0000000oWPgGAM"",""Type"":""Profile"",""Label"":""00ex00000018ozT_128_09_43_34_1"",""PermissionSetGroupId"":null,""Profile"":{""attributes"":{""type"":""Profile"",""url"":""/services/data/v53.0/sobjects/Profile/00ed00000017IobAAE""},""Id"":""00ed00000017IobAAE"",""Name"":""System Administrator""}}},{""Parent"":{""Id"":""0PSd0000001jxZAGAY"",""Type"":""Regular"",""Label"":""Role: Corporate Relations"",""PermissionSetGroupId"":null,""Profile"":null}}]"
"01p6T000003ww6qQAA","NewCorporateRelationsControllerTest","[{""Parent"":{""Id"":""0PSd0000000oWPgGAM"",""Type"":""Profile"",""Label"":""00ex00000018ozT_128_09_43_34_1"",""PermissionSetGroupId"":null,""Profile"":{""attributes"":{""type"":""Profile"",""url"":""/services/data/v53.0/sobjects/Profile/00ed00000017IobAAE""},""Id"":""00ed00000017IobAAE"",""Name"":""System Administrator""}}}]"
"01p0W000004Ct3eQAC","NonAuthenticatedLiveAgentController","[{""Parent"":{""Id"":""0PSd0000000oWPgGAM"",""Type"":""Profile"",""Label"":""00ex00000018ozT_128_09_43_34_1"",""PermissionSetGroupId"":null,""Profile"":{""attributes"":{""type"":""Profile"",""url"":""/services/data/v53.0/sobjects/Profile/00ed00000017IobAAE""},""Id"":""00ed00000017IobAAE"",""Name"":""System Administrator""}}}]"
"01p6T000003ww9iQAA","NonAuthenticatedLiveAgentControllerTest","[{""Parent"":{""Id"":""0PSd0000000oWPgGAM"",""Type"":""Profile"",""Label"":""00ex00000018ozT_128_09_43_34_1"",""PermissionSetGroupId"":null,""Profile"":{""attributes"":{""type"":""Profile"",""url"":""/services/data/v53.0/sobjects/Profile/00ed00000017IobAAE""},""Id"":""00ed00000017IobAAE"",""Name"":""System Administrator""}}}]"
"01p0W000004Ct3fQAC","NonAuthenticatedLiveAgentLandingPage","[{""Parent"":{""Id"":""0PSd0000000oWPgGAM"",""Type"":""Profile"",""Label"":""00ex00000018ozT_128_09_43_34_1"",""PermissionSetGroupId"":null,""Profile"":{""attributes"":{""type"":""Profile"",""url"":""/services/data/v53.0/sobjects/Profile/00ed00000017IobAAE""},""Id"":""00ed00000017IobAAE"",""Name"":""System Administrator""}}}]"
"01p6T000003ww9jQAA","NonAuthenticatedLiveAgentLandingPageTest","[{""Parent"":{""Id"":""0PSd0000000oWPgGAM"",""Type"":""Profile"",""Label"":""00ex00000018ozT_128_09_43_34_1"",""PermissionSetGroupId"":null,""Profile"":{""attributes"":{""type"":""Profile"",""url"":""/services/data/v53.0/sobjects/Profile/00ed00000017IobAAE""},""Id"":""00ed00000017IobAAE"",""Name"":""System Administrator""}}}]"
"01p0W000004AYUzQAO","ObjectScramble","[{""Parent"":{""Id"":""0PSd0000000oWPgGAM"",""Type"":""Profile"",""Label"":""00ex00000018ozT_128_09_43_34_1"",""PermissionSetGroupId"":null,""Profile"":{""attributes"":{""type"":""Profile"",""url"":""/services/data/v53.0/sobjects/Profile/00ed00000017IobAAE""},""Id"":""00ed00000017IobAAE"",""Name"":""System Administrator""}}}]"
"01p0W000004AYV0QAO","ObjectScrambleBatch","[{""Parent"":{""Id"":""0PSd0000000oWPgGAM"",""Type"":""Profile"",""Label"":""00ex00000018ozT_128_09_43_34_1"",""PermissionSetGroupId"":null,""Profile"":{""attributes"":{""type"":""Profile"",""url"":""/services/data/v53.0/sobjects/Profile/00ed00000017IobAAE""},""Id"":""00ed00000017IobAAE"",""Name"":""System Administrator""}}}]"
"01p0W000004AYV1QAO","ObjectScrambleInitiatorController","[{""Parent"":{""Id"":""0PSd0000000oWPgGAM"",""Type"":""Profile"",""Label"":""00ex00000018ozT_128_09_43_34_1"",""PermissionSetGroupId"":null,""Profile"":{""attributes"":{""type"":""Profile"",""url"":""/services/data/v53.0/sobjects/Profile/00ed00000017IobAAE""},""Id"":""00ed00000017IobAAE"",""Name"":""System Administrator""}}}]"
"01p0W000004AYV2QAO","ObjectScrambleService","[{""Parent"":{""Id"":""0PSd0000000oWPgGAM"",""Type"":""Profile"",""Label"":""00ex00000018ozT_128_09_43_34_1"",""PermissionSetGroupId"":null,""Profile"":{""attributes"":{""type"":""Profile"",""url"":""/services/data/v53.0/sobjects/Profile/00ed00000017IobAAE""},""Id"":""00ed00000017IobAAE"",""Name"":""System Administrator""}}}]"
"01p0W000004AYV3QAO","ObjectScrambleServiceTest","[{""Parent"":{""Id"":""0PSd0000000oWPgGAM"",""Type"":""Profile"",""Label"":""00ex00000018ozT_128_09_43_34_1"",""PermissionSetGroupId"":null,""Profile"":{""attributes"":{""type"":""Profile"",""url"":""/services/data/v53.0/sobjects/Profile/00ed00000017IobAAE""},""Id"":""00ed00000017IobAAE"",""Name"":""System Administrator""}}}]"
"01pd0000002veE0AAI","ObjectService","[{""Parent"":{""Id"":""0PSd0000000oWPgGAM"",""Type"":""Profile"",""Label"":""00ex00000018ozT_128_09_43_34_1"",""PermissionSetGroupId"":null,""Profile"":{""attributes"":{""type"":""Profile"",""url"":""/services/data/v53.0/sobjects/Profile/00ed00000017IobAAE""},""Id"":""00ed00000017IobAAE"",""Name"":""System Administrator""}}}]"
"01p0W000003frk5QAA","omnichannelController","[{""Parent"":{""Id"":""0PSd0000000oWPgGAM"",""Type"":""Profile"",""Label"":""00ex00000018ozT_128_09_43_34_1"",""PermissionSetGroupId"":null,""Profile"":{""attributes"":{""type"":""Profile"",""url"":""/services/data/v53.0/sobjects/Profile/00ed00000017IobAAE""},""Id"":""00ed00000017IobAAE"",""Name"":""System Administrator""}}},{""Parent"":{""Id"":""0PS0W000001sbm1WAA"",""Type"":""Regular"",""Label"":""SMS Magic Academic Advising"",""PermissionSetGroupId"":null,""Profile"":null}},{""Parent"":{""Id"":""0PS0W000001GhJsWAK"",""Type"":""Regular"",""Label"":""SMS Magic First Year Success Coach"",""PermissionSetGroupId"":null,""Profile"":null}},{""Parent"":{""Id"":""0PS6T000001k9thWAA"",""Type"":""Group"",""Label"":""SMS Magic Users - Academic Advisors Manager"",""PermissionSetGroupId"":""0PG6T000000GmepWAC"",""Profile"":null}},{""Parent"":{""Id"":""0PS6T000001k9tiWAA"",""Type"":""Group"",""Label"":""SMS Magic Users - Academic Advisors Staff"",""PermissionSetGroupId"":""0PG6T000000GmeqWAC"",""Profile"":null}},{""Parent"":{""Id"":""0PS6T000001k9tjWAA"",""Type"":""Group"",""Label"":""SMS Magic Users - FYS"",""PermissionSetGroupId"":""0PG6T000000GmerWAC"",""Profile"":null}}]"
"01p6T000003THHEQA4","OmniChannelControllerTest","[{""Parent"":{""Id"":""0PSd0000000oWPgGAM"",""Type"":""Profile"",""Label"":""00ex00000018ozT_128_09_43_34_1"",""PermissionSetGroupId"":null,""Profile"":{""attributes"":{""type"":""Profile"",""url"":""/services/data/v53.0/sobjects/Profile/00ed00000017IobAAE""},""Id"":""00ed00000017IobAAE"",""Name"":""System Administrator""}}}]"
"01p0W000003jLPLQA2","OpportunityFactory","[{""Parent"":{""Id"":""0PSd0000000oWPgGAM"",""Type"":""Profile"",""Label"":""00ex00000018ozT_128_09_43_34_1"",""PermissionSetGroupId"":null,""Profile"":{""attributes"":{""type"":""Profile"",""url"":""/services/data/v53.0/sobjects/Profile/00ed00000017IobAAE""},""Id"":""00ed00000017IobAAE"",""Name"":""System Administrator""}}}]"
"01pd0000002dYtxAAE","OpportunityHandler","[{""Parent"":{""Id"":""0PSd0000000oWPgGAM"",""Type"":""Profile"",""Label"":""00ex00000018ozT_128_09_43_34_1"",""PermissionSetGroupId"":null,""Profile"":{""attributes"":{""type"":""Profile"",""url"":""/services/data/v53.0/sobjects/Profile/00ed00000017IobAAE""},""Id"":""00ed00000017IobAAE"",""Name"":""System Administrator""}}},{""Parent"":{""Id"":""0PSd0000000quKmGAI"",""Type"":""Regular"",""Label"":""Additional Administrator Permissions"",""PermissionSetGroupId"":null,""Profile"":null}}]"
"01pd0000002vnF7AAI","OpportunityService","[{""Parent"":{""Id"":""0PSd0000000oWPgGAM"",""Type"":""Profile"",""Label"":""00ex00000018ozT_128_09_43_34_1"",""PermissionSetGroupId"":null,""Profile"":{""attributes"":{""type"":""Profile"",""url"":""/services/data/v53.0/sobjects/Profile/00ed00000017IobAAE""},""Id"":""00ed00000017IobAAE"",""Name"":""System Administrator""}}}]"
"01p6T000003ww6sQAA","OpportunityTriggerTest","[{""Parent"":{""Id"":""0PSd0000000oWPgGAM"",""Type"":""Profile"",""Label"":""00ex00000018ozT_128_09_43_34_1"",""PermissionSetGroupId"":null,""Profile"":{""attributes"":{""type"":""Profile"",""url"":""/services/data/v53.0/sobjects/Profile/00ed00000017IobAAE""},""Id"":""00ed00000017IobAAE"",""Name"":""System Administrator""}}}]"
"01pd0000002vwxDAAQ","OrgWideEmailAddressService","[{""Parent"":{""Id"":""0PSd0000000oWPgGAM"",""Type"":""Profile"",""Label"":""00ex00000018ozT_128_09_43_34_1"",""PermissionSetGroupId"":null,""Profile"":{""attributes"":{""type"":""Profile"",""url"":""/services/data/v53.0/sobjects/Profile/00ed00000017IobAAE""},""Id"":""00ed00000017IobAAE"",""Name"":""System Administrator""}}}]"
"01p6T000003ww6rQAA","OWEAServiceTest","[{""Parent"":{""Id"":""0PSd0000000oWPgGAM"",""Type"":""Profile"",""Label"":""00ex00000018ozT_128_09_43_34_1"",""PermissionSetGroupId"":null,""Profile"":{""attributes"":{""type"":""Profile"",""url"":""/services/data/v53.0/sobjects/Profile/00ed00000017IobAAE""},""Id"":""00ed00000017IobAAE"",""Name"":""System Administrator""}}}]"
"01p0W000003SIJHQA4","PersistenceFeedbackController","[{""Parent"":{""Id"":""0PSd0000000oWPgGAM"",""Type"":""Profile"",""Label"":""00ex00000018ozT_128_09_43_34_1"",""PermissionSetGroupId"":null,""Profile"":{""attributes"":{""type"":""Profile"",""url"":""/services/data/v53.0/sobjects/Profile/00ed00000017IobAAE""},""Id"":""00ed00000017IobAAE"",""Name"":""System Administrator""}}}]"
"01p6T000003wwWRQAY","PersistenceFeedbackControllerTest","[{""Parent"":{""Id"":""0PSd0000000oWPgGAM"",""Type"":""Profile"",""Label"":""00ex00000018ozT_128_09_43_34_1"",""PermissionSetGroupId"":null,""Profile"":{""attributes"":{""type"":""Profile"",""url"":""/services/data/v53.0/sobjects/Profile/00ed00000017IobAAE""},""Id"":""00ed00000017IobAAE"",""Name"":""System Administrator""}}}]"
"01pd000000484cRAAQ","PickListDescController","[{""Parent"":{""Id"":""0PSd0000001sKNNGA2"",""Type"":""Profile"",""Label"":""00ed0000002JS0DAAW"",""PermissionSetGroupId"":null,""Profile"":{""attributes"":{""type"":""Profile"",""url"":""/services/data/v53.0/sobjects/Profile/00ed0000002JS0DAAW""},""Id"":""00ed0000002JS0DAAW"",""Name"":""ASU Service - Success Coach""}}},{""Parent"":{""Id"":""0PSd0000000oWPgGAM"",""Type"":""Profile"",""Label"":""00ex00000018ozT_128_09_43_34_1"",""PermissionSetGroupId"":null,""Profile"":{""attributes"":{""type"":""Profile"",""url"":""/services/data/v53.0/sobjects/Profile/00ed00000017IobAAE""},""Id"":""00ed00000017IobAAE"",""Name"":""System Administrator""}}},{""Parent"":{""Id"":""0PSd0000001sKhEGAU"",""Type"":""Regular"",""Label"":""Role: Academic Advisor Portal (Service Users)"",""PermissionSetGroupId"":null,""Profile"":null}},{""Parent"":{""Id"":""0PS6T000001CZGsWAO"",""Type"":""Regular"",""Label"":""Role: EdPlus Coach Portal (Non-Success Coach)"",""PermissionSetGroupId"":null,""Profile"":null}},{""Parent"":{""Id"":""0PSd0000001sKN8GAM"",""Type"":""Regular"",""Label"":""Success Portal Management (EdPlus)"",""PermissionSetGroupId"":null,""Profile"":null}}]"
"01p6T000003ww6tQAA","PickListDescControllerTest","[{""Parent"":{""Id"":""0PSd0000000oWPgGAM"",""Type"":""Profile"",""Label"":""00ex00000018ozT_128_09_43_34_1"",""PermissionSetGroupId"":null,""Profile"":{""attributes"":{""type"":""Profile"",""url"":""/services/data/v53.0/sobjects/Profile/00ed00000017IobAAE""},""Id"":""00ed00000017IobAAE"",""Name"":""System Administrator""}}}]"
"01pd000000484cTAAQ","PicklistDescriber","[{""Parent"":{""Id"":""0PSd0000001sKNNGA2"",""Type"":""Profile"",""Label"":""00ed0000002JS0DAAW"",""PermissionSetGroupId"":null,""Profile"":{""attributes"":{""type"":""Profile"",""url"":""/services/data/v53.0/sobjects/Profile/00ed0000002JS0DAAW""},""Id"":""00ed0000002JS0DAAW"",""Name"":""ASU Service - Success Coach""}}},{""Parent"":{""Id"":""0PSd0000000oWPgGAM"",""Type"":""Profile"",""Label"":""00ex00000018ozT_128_09_43_34_1"",""PermissionSetGroupId"":null,""Profile"":{""attributes"":{""type"":""Profile"",""url"":""/services/data/v53.0/sobjects/Profile/00ed00000017IobAAE""},""Id"":""00ed00000017IobAAE"",""Name"":""System Administrator""}}},{""Parent"":{""Id"":""0PSd0000001sKhEGAU"",""Type"":""Regular"",""Label"":""Role: Academic Advisor Portal (Service Users)"",""PermissionSetGroupId"":null,""Profile"":null}},{""Parent"":{""Id"":""0PS6T000001CZGsWAO"",""Type"":""Regular"",""Label"":""Role: EdPlus Coach Portal (Non-Success Coach)"",""PermissionSetGroupId"":null,""Profile"":null}},{""Parent"":{""Id"":""0PSd0000001sKN8GAM"",""Type"":""Regular"",""Label"":""Success Portal Management (EdPlus)"",""PermissionSetGroupId"":null,""Profile"":null}}]"
"01p6T000003ww6uQAA","PicklistDescriberTest","[{""Parent"":{""Id"":""0PSd0000000oWPgGAM"",""Type"":""Profile"",""Label"":""00ex00000018ozT_128_09_43_34_1"",""PermissionSetGroupId"":null,""Profile"":{""attributes"":{""type"":""Profile"",""url"":""/services/data/v53.0/sobjects/Profile/00ed00000017IobAAE""},""Id"":""00ed00000017IobAAE"",""Name"":""System Administrator""}}}]"
"01pd0000002d9iwAAA","pkb_Controller","[{""Parent"":{""Id"":""0PSd0000000quTfGAI"",""Type"":""Profile"",""Label"":""00ed00000019tQkAAI"",""PermissionSetGroupId"":null,""Profile"":{""attributes"":{""type"":""Profile"",""url"":""/services/data/v53.0/sobjects/Profile/00ed00000019tQkAAI""},""Id"":""00ed00000019tQkAAI"",""Name"":""Public Knowledge Base for ASU Profile""}}},{""Parent"":{""Id"":""0PSd0000000oWPgGAM"",""Type"":""Profile"",""Label"":""00ex00000018ozT_128_09_43_34_1"",""PermissionSetGroupId"":null,""Profile"":{""attributes"":{""type"":""Profile"",""url"":""/services/data/v53.0/sobjects/Profile/00ed00000017IobAAE""},""Id"":""00ed00000017IobAAE"",""Name"":""System Administrator""}}},{""Parent"":{""Id"":""0PSd0000000quKmGAI"",""Type"":""Regular"",""Label"":""Additional Administrator Permissions"",""PermissionSetGroupId"":null,""Profile"":null}}]"
"01p6T000003ww7OQAQ","pkb_ControllerTest","[{""Parent"":{""Id"":""0PSd0000000oWPgGAM"",""Type"":""Profile"",""Label"":""00ex00000018ozT_128_09_43_34_1"",""PermissionSetGroupId"":null,""Profile"":{""attributes"":{""type"":""Profile"",""url"":""/services/data/v53.0/sobjects/Profile/00ed00000017IobAAE""},""Id"":""00ed00000017IobAAE"",""Name"":""System Administrator""}}}]"
"01pd0000002d9ixAAA","pkb_Mobile_ConfigController","[{""Parent"":{""Id"":""0PSd0000000oWPgGAM"",""Type"":""Profile"",""Label"":""00ex00000018ozT_128_09_43_34_1"",""PermissionSetGroupId"":null,""Profile"":{""attributes"":{""type"":""Profile"",""url"":""/services/data/v53.0/sobjects/Profile/00ed00000017IobAAE""},""Id"":""00ed00000017IobAAE"",""Name"":""System Administrator""}}},{""Parent"":{""Id"":""0PSd0000000quKmGAI"",""Type"":""Regular"",""Label"":""Additional Administrator Permissions"",""PermissionSetGroupId"":null,""Profile"":null}}]"
"01pd0000002d9iyAAA","pkb_Mobile_CustomSettingModel","[{""Parent"":{""Id"":""0PSd0000000oWPgGAM"",""Type"":""Profile"",""Label"":""00ex00000018ozT_128_09_43_34_1"",""PermissionSetGroupId"":null,""Profile"":{""attributes"":{""type"":""Profile"",""url"":""/services/data/v53.0/sobjects/Profile/00ed00000017IobAAE""},""Id"":""00ed00000017IobAAE"",""Name"":""System Administrator""}}},{""Parent"":{""Id"":""0PSd0000000quKmGAI"",""Type"":""Regular"",""Label"":""Additional Administrator Permissions"",""PermissionSetGroupId"":null,""Profile"":null}}]"
"01pd0000002d9izAAA","pkb_SecurityHandler","[{""Parent"":{""Id"":""0PSd0000000oWPgGAM"",""Type"":""Profile"",""Label"":""00ex00000018ozT_128_09_43_34_1"",""PermissionSetGroupId"":null,""Profile"":{""attributes"":{""type"":""Profile"",""url"":""/services/data/v53.0/sobjects/Profile/00ed00000017IobAAE""},""Id"":""00ed00000017IobAAE"",""Name"":""System Administrator""}}},{""Parent"":{""Id"":""0PSd0000000quKmGAI"",""Type"":""Regular"",""Label"":""Additional Administrator Permissions"",""PermissionSetGroupId"":null,""Profile"":null}}]"
"01pd0000002d9j0AAA","pkb_SettingsController","[{""Parent"":{""Id"":""0PSd0000000oWPgGAM"",""Type"":""Profile"",""Label"":""00ex00000018ozT_128_09_43_34_1"",""PermissionSetGroupId"":null,""Profile"":{""attributes"":{""type"":""Profile"",""url"":""/services/data/v53.0/sobjects/Profile/00ed00000017IobAAE""},""Id"":""00ed00000017IobAAE"",""Name"":""System Administrator""}}},{""Parent"":{""Id"":""0PSd0000000quKmGAI"",""Type"":""Regular"",""Label"":""Additional Administrator Permissions"",""PermissionSetGroupId"":null,""Profile"":null}}]"
"01pd0000002d9j1AAA","pkb_SiteMap","[{""Parent"":{""Id"":""0PSd0000000oWPgGAM"",""Type"":""Profile"",""Label"":""00ex00000018ozT_128_09_43_34_1"",""PermissionSetGroupId"":null,""Profile"":{""attributes"":{""type"":""Profile"",""url"":""/services/data/v53.0/sobjects/Profile/00ed00000017IobAAE""},""Id"":""00ed00000017IobAAE"",""Name"":""System Administrator""}}},{""Parent"":{""Id"":""0PSd0000000quKmGAI"",""Type"":""Regular"",""Label"":""Additional Administrator Permissions"",""PermissionSetGroupId"":null,""Profile"":null}}]"
"01pd0000003vjZyAAI","PortalEmailDispatcher","[{""Parent"":{""Id"":""0PSd0000000oWPgGAM"",""Type"":""Profile"",""Label"":""00ex00000018ozT_128_09_43_34_1"",""PermissionSetGroupId"":null,""Profile"":{""attributes"":{""type"":""Profile"",""url"":""/services/data/v53.0/sobjects/Profile/00ed00000017IobAAE""},""Id"":""00ed00000017IobAAE"",""Name"":""System Administrator""}}}]"
"01pd0000003vjZzAAI","PortalEmailService","[{""Parent"":{""Id"":""0PSd0000000oWPgGAM"",""Type"":""Profile"",""Label"":""00ex00000018ozT_128_09_43_34_1"",""PermissionSetGroupId"":null,""Profile"":{""attributes"":{""type"":""Profile"",""url"":""/services/data/v53.0/sobjects/Profile/00ed00000017IobAAE""},""Id"":""00ed00000017IobAAE"",""Name"":""System Administrator""}}}]"
"01p6T000003ww6vQAA","PortalEmailServiceTest","[{""Parent"":{""Id"":""0PSd0000000oWPgGAM"",""Type"":""Profile"",""Label"":""00ex00000018ozT_128_09_43_34_1"",""PermissionSetGroupId"":null,""Profile"":{""attributes"":{""type"":""Profile"",""url"":""/services/data/v53.0/sobjects/Profile/00ed00000017IobAAE""},""Id"":""00ed00000017IobAAE"",""Name"":""System Administrator""}}}]"
"01pd0000002uxvHAAQ","PreviousEducationHandler","[{""Parent"":{""Id"":""0PSd0000000oWPgGAM"",""Type"":""Profile"",""Label"":""00ex00000018ozT_128_09_43_34_1"",""PermissionSetGroupId"":null,""Profile"":{""attributes"":{""type"":""Profile"",""url"":""/services/data/v53.0/sobjects/Profile/00ed00000017IobAAE""},""Id"":""00ed00000017IobAAE"",""Name"":""System Administrator""}}}]"
"01p6T000003ww6wQAA","PreviousEducationTriggerTest","[{""Parent"":{""Id"":""0PSd0000000oWPgGAM"",""Type"":""Profile"",""Label"":""00ex00000018ozT_128_09_43_34_1"",""PermissionSetGroupId"":null,""Profile"":{""attributes"":{""type"":""Profile"",""url"":""/services/data/v53.0/sobjects/Profile/00ed00000017IobAAE""},""Id"":""00ed00000017IobAAE"",""Name"":""System Administrator""}}}]"
"01pd0000002veE1AAI","ProfileAuditController","[{""Parent"":{""Id"":""0PSd0000000oWPgGAM"",""Type"":""Profile"",""Label"":""00ex00000018ozT_128_09_43_34_1"",""PermissionSetGroupId"":null,""Profile"":{""attributes"":{""type"":""Profile"",""url"":""/services/data/v53.0/sobjects/Profile/00ed00000017IobAAE""},""Id"":""00ed00000017IobAAE"",""Name"":""System Administrator""}}},{""Parent"":{""Id"":""0PSd0000000quKmGAI"",""Type"":""Regular"",""Label"":""Additional Administrator Permissions"",""PermissionSetGroupId"":null,""Profile"":null}},{""Parent"":{""Id"":""0PSd0000000r7OOGAY"",""Type"":""Regular"",""Label"":""Profile Audit Search"",""PermissionSetGroupId"":null,""Profile"":null}}]"
"01p6T000003ww6xQAA","ProfileAuditControllerTest","[{""Parent"":{""Id"":""0PSd0000000oWPgGAM"",""Type"":""Profile"",""Label"":""00ex00000018ozT_128_09_43_34_1"",""PermissionSetGroupId"":null,""Profile"":{""attributes"":{""type"":""Profile"",""url"":""/services/data/v53.0/sobjects/Profile/00ed00000017IobAAE""},""Id"":""00ed00000017IobAAE"",""Name"":""System Administrator""}}}]"
"01pd0000002veE2AAI","ProfileService","[{""Parent"":{""Id"":""0PSd0000000oWPgGAM"",""Type"":""Profile"",""Label"":""00ex00000018ozT_128_09_43_34_1"",""PermissionSetGroupId"":null,""Profile"":{""attributes"":{""type"":""Profile"",""url"":""/services/data/v53.0/sobjects/Profile/00ed00000017IobAAE""},""Id"":""00ed00000017IobAAE"",""Name"":""System Administrator""}}}]"
"01pd0000002vnF8AAI","PSCountryMapService","[{""Parent"":{""Id"":""0PSd0000000oWPgGAM"",""Type"":""Profile"",""Label"":""00ex00000018ozT_128_09_43_34_1"",""PermissionSetGroupId"":null,""Profile"":{""attributes"":{""type"":""Profile"",""url"":""/services/data/v53.0/sobjects/Profile/00ed00000017IobAAE""},""Id"":""00ed00000017IobAAE"",""Name"":""System Administrator""}}}]"
"01p6T000003THHFQA4","PSCountryMapServiceTest","[{""Parent"":{""Id"":""0PSd0000000oWPgGAM"",""Type"":""Profile"",""Label"":""00ex00000018ozT_128_09_43_34_1"",""PermissionSetGroupId"":null,""Profile"":{""attributes"":{""type"":""Profile"",""url"":""/services/data/v53.0/sobjects/Profile/00ed00000017IobAAE""},""Id"":""00ed00000017IobAAE"",""Name"":""System Administrator""}}}]"
"01pd0000003vja0AAA","QADefaultHandler","[{""Parent"":{""Id"":""0PSd0000000oWPgGAM"",""Type"":""Profile"",""Label"":""00ex00000018ozT_128_09_43_34_1"",""PermissionSetGroupId"":null,""Profile"":{""attributes"":{""type"":""Profile"",""url"":""/services/data/v53.0/sobjects/Profile/00ed00000017IobAAE""},""Id"":""00ed00000017IobAAE"",""Name"":""System Administrator""}}}]"
"01p6T000003ww6yQAA","QADefaultHandlerTest","[{""Parent"":{""Id"":""0PSd0000000oWPgGAM"",""Type"":""Profile"",""Label"":""00ex00000018ozT_128_09_43_34_1"",""PermissionSetGroupId"":null,""Profile"":{""attributes"":{""type"":""Profile"",""url"":""/services/data/v53.0/sobjects/Profile/00ed00000017IobAAE""},""Id"":""00ed00000017IobAAE"",""Name"":""System Administrator""}}}]"
"01p0W000004AYgjQAG","Query","[{""Parent"":{""Id"":""0PSd0000000oWPgGAM"",""Type"":""Profile"",""Label"":""00ex00000018ozT_128_09_43_34_1"",""PermissionSetGroupId"":null,""Profile"":{""attributes"":{""type"":""Profile"",""url"":""/services/data/v53.0/sobjects/Profile/00ed00000017IobAAE""},""Id"":""00ed00000017IobAAE"",""Name"":""System Administrator""}}}]"
"01p0W000004AYgkQAG","QueryTest","[{""Parent"":{""Id"":""0PSd0000000oWPgGAM"",""Type"":""Profile"",""Label"":""00ex00000018ozT_128_09_43_34_1"",""PermissionSetGroupId"":null,""Profile"":{""attributes"":{""type"":""Profile"",""url"":""/services/data/v53.0/sobjects/Profile/00ed00000017IobAAE""},""Id"":""00ed00000017IobAAE"",""Name"":""System Administrator""}}}]"
"01p0W000003jK24QAE","QueueFactory","[{""Parent"":{""Id"":""0PSd0000000oWPgGAM"",""Type"":""Profile"",""Label"":""00ex00000018ozT_128_09_43_34_1"",""PermissionSetGroupId"":null,""Profile"":{""attributes"":{""type"":""Profile"",""url"":""/services/data/v53.0/sobjects/Profile/00ed00000017IobAAE""},""Id"":""00ed00000017IobAAE"",""Name"":""System Administrator""}}}]"
"01pd0000003vhIjAAI","RelationshipDispatcher","[{""Parent"":{""Id"":""0PSd0000000oWPgGAM"",""Type"":""Profile"",""Label"":""00ex00000018ozT_128_09_43_34_1"",""PermissionSetGroupId"":null,""Profile"":{""attributes"":{""type"":""Profile"",""url"":""/services/data/v53.0/sobjects/Profile/00ed00000017IobAAE""},""Id"":""00ed00000017IobAAE"",""Name"":""System Administrator""}}}]"
"01pd0000004861hAAA","RelationshipService","[{""Parent"":{""Id"":""0PSd0000000oWPgGAM"",""Type"":""Profile"",""Label"":""00ex00000018ozT_128_09_43_34_1"",""PermissionSetGroupId"":null,""Profile"":{""attributes"":{""type"":""Profile"",""url"":""/services/data/v53.0/sobjects/Profile/00ed00000017IobAAE""},""Id"":""00ed00000017IobAAE"",""Name"":""System Administrator""}}}]"
"01p0W000004AYaxQAG","RelationshipTriggerTest","[{""Parent"":{""Id"":""0PSd0000000oWPgGAM"",""Type"":""Profile"",""Label"":""00ex00000018ozT_128_09_43_34_1"",""PermissionSetGroupId"":null,""Profile"":{""attributes"":{""type"":""Profile"",""url"":""/services/data/v53.0/sobjects/Profile/00ed00000017IobAAE""},""Id"":""00ed00000017IobAAE"",""Name"":""System Administrator""}}}]"
"01p0W000003jMI1QAM","RestCallResponse","[{""Parent"":{""Id"":""0PSd0000000oWPgGAM"",""Type"":""Profile"",""Label"":""00ex00000018ozT_128_09_43_34_1"",""PermissionSetGroupId"":null,""Profile"":{""attributes"":{""type"":""Profile"",""url"":""/services/data/v53.0/sobjects/Profile/00ed00000017IobAAE""},""Id"":""00ed00000017IobAAE"",""Name"":""System Administrator""}}}]"
"01p0W000003jMI2QAM","RestCallResponseTest","[{""Parent"":{""Id"":""0PSd0000000oWPgGAM"",""Type"":""Profile"",""Label"":""00ex00000018ozT_128_09_43_34_1"",""PermissionSetGroupId"":null,""Profile"":{""attributes"":{""type"":""Profile"",""url"":""/services/data/v53.0/sobjects/Profile/00ed00000017IobAAE""},""Id"":""00ed00000017IobAAE"",""Name"":""System Administrator""}}}]"
"01p0W000003jH4LQAU","SandboxRefreshService","[{""Parent"":{""Id"":""0PSd0000000oWPgGAM"",""Type"":""Profile"",""Label"":""00ex00000018ozT_128_09_43_34_1"",""PermissionSetGroupId"":null,""Profile"":{""attributes"":{""type"":""Profile"",""url"":""/services/data/v53.0/sobjects/Profile/00ed00000017IobAAE""},""Id"":""00ed00000017IobAAE"",""Name"":""System Administrator""}}}]"
"01p0W000003jH4MQAU","SandboxRefreshServiceTest","[{""Parent"":{""Id"":""0PSd0000000oWPgGAM"",""Type"":""Profile"",""Label"":""00ex00000018ozT_128_09_43_34_1"",""PermissionSetGroupId"":null,""Profile"":{""attributes"":{""type"":""Profile"",""url"":""/services/data/v53.0/sobjects/Profile/00ed00000017IobAAE""},""Id"":""00ed00000017IobAAE"",""Name"":""System Administrator""}}}]"
"01p6T000003wvbTQAQ","ScheduledStalledSMSDetector","[{""Parent"":{""Id"":""0PSd0000000oWPgGAM"",""Type"":""Profile"",""Label"":""00ex00000018ozT_128_09_43_34_1"",""PermissionSetGroupId"":null,""Profile"":{""attributes"":{""type"":""Profile"",""url"":""/services/data/v53.0/sobjects/Profile/00ed00000017IobAAE""},""Id"":""00ed00000017IobAAE"",""Name"":""System Administrator""}}}]"
"01p6T000003wvbUQAQ","ScheduledStalledSMSDetectorTest","[{""Parent"":{""Id"":""0PSd0000000oWPgGAM"",""Type"":""Profile"",""Label"":""00ex00000018ozT_128_09_43_34_1"",""PermissionSetGroupId"":null,""Profile"":{""attributes"":{""type"":""Profile"",""url"":""/services/data/v53.0/sobjects/Profile/00ed00000017IobAAE""},""Id"":""00ed00000017IobAAE"",""Name"":""System Administrator""}}}]"
"01p0W000004AYV4QAO","Scrambler","[{""Parent"":{""Id"":""0PSd0000000oWPgGAM"",""Type"":""Profile"",""Label"":""00ex00000018ozT_128_09_43_34_1"",""PermissionSetGroupId"":null,""Profile"":{""attributes"":{""type"":""Profile"",""url"":""/services/data/v53.0/sobjects/Profile/00ed00000017IobAAE""},""Id"":""00ed00000017IobAAE"",""Name"":""System Administrator""}}}]"
"01p0W000004AYV5QAO","ScramblerTest","[{""Parent"":{""Id"":""0PSd0000000oWPgGAM"",""Type"":""Profile"",""Label"":""00ex00000018ozT_128_09_43_34_1"",""PermissionSetGroupId"":null,""Profile"":{""attributes"":{""type"":""Profile"",""url"":""/services/data/v53.0/sobjects/Profile/00ed00000017IobAAE""},""Id"":""00ed00000017IobAAE"",""Name"":""System Administrator""}}}]"
"01pd0000002usmRAAQ","SearchUsers","[{""Parent"":{""Id"":""0PSd0000000qzl5GAA"",""Type"":""Profile"",""Label"":""00ed00000019yKBAAY"",""PermissionSetGroupId"":null,""Profile"":{""attributes"":{""type"":""Profile"",""url"":""/services/data/v53.0/sobjects/Profile/00ed00000019yKBAAY""},""Id"":""00ed00000019yKBAAY"",""Name"":""ASU View All Data""}}},{""Parent"":{""Id"":""0PSd0000000oWPgGAM"",""Type"":""Profile"",""Label"":""00ex00000018ozT_128_09_43_34_1"",""PermissionSetGroupId"":null,""Profile"":{""attributes"":{""type"":""Profile"",""url"":""/services/data/v53.0/sobjects/Profile/00ed00000017IobAAE""},""Id"":""00ed00000017IobAAE"",""Name"":""System Administrator""}}}]"
"01p6T000003ww6zQAA","SearchUsersTest","[{""Parent"":{""Id"":""0PSd0000000oWPgGAM"",""Type"":""Profile"",""Label"":""00ex00000018ozT_128_09_43_34_1"",""PermissionSetGroupId"":null,""Profile"":{""attributes"":{""type"":""Profile"",""url"":""/services/data/v53.0/sobjects/Profile/00ed00000017IobAAE""},""Id"":""00ed00000017IobAAE"",""Name"":""System Administrator""}}}]"
"01p0W000003jHdLQAU","SendDefinitionFactory","[{""Parent"":{""Id"":""0PSd0000000oWPgGAM"",""Type"":""Profile"",""Label"":""00ex00000018ozT_128_09_43_34_1"",""PermissionSetGroupId"":null,""Profile"":{""attributes"":{""type"":""Profile"",""url"":""/services/data/v53.0/sobjects/Profile/00ed00000017IobAAE""},""Id"":""00ed00000017IobAAE"",""Name"":""System Administrator""}}}]"
"01p0W000003jLPMQA2","showMyCoachCasesController","[{""Parent"":{""Id"":""0PSd0000000oWPgGAM"",""Type"":""Profile"",""Label"":""00ex00000018ozT_128_09_43_34_1"",""PermissionSetGroupId"":null,""Profile"":{""attributes"":{""type"":""Profile"",""url"":""/services/data/v53.0/sobjects/Profile/00ed00000017IobAAE""},""Id"":""00ed00000017IobAAE"",""Name"":""System Administrator""}}}]"
"01p6T000003ww70QAA","ShowMyCoachCasesControllerTest","[{""Parent"":{""Id"":""0PSd0000000oWPgGAM"",""Type"":""Profile"",""Label"":""00ex00000018ozT_128_09_43_34_1"",""PermissionSetGroupId"":null,""Profile"":{""attributes"":{""type"":""Profile"",""url"":""/services/data/v53.0/sobjects/Profile/00ed00000017IobAAE""},""Id"":""00ed00000017IobAAE"",""Name"":""System Administrator""}}}]"
"01pd0000003vlSqAAI","showMyCoachingStudentsController","[{""Parent"":{""Id"":""0PSd0000000oWPgGAM"",""Type"":""Profile"",""Label"":""00ex00000018ozT_128_09_43_34_1"",""PermissionSetGroupId"":null,""Profile"":{""attributes"":{""type"":""Profile"",""url"":""/services/data/v53.0/sobjects/Profile/00ed00000017IobAAE""},""Id"":""00ed00000017IobAAE"",""Name"":""System Administrator""}}}]"
"01p6T000003ww71QAA","ShowMyCoachingStudentsTest","[{""Parent"":{""Id"":""0PSd0000000oWPgGAM"",""Type"":""Profile"",""Label"":""00ex00000018ozT_128_09_43_34_1"",""PermissionSetGroupId"":null,""Profile"":{""attributes"":{""type"":""Profile"",""url"":""/services/data/v53.0/sobjects/Profile/00ed00000017IobAAE""},""Id"":""00ed00000017IobAAE"",""Name"":""System Administrator""}}}]"
"01p0W000004AYV6QAO","SilverpopDeleter","[{""Parent"":{""Id"":""0PSd0000000oWPgGAM"",""Type"":""Profile"",""Label"":""00ex00000018ozT_128_09_43_34_1"",""PermissionSetGroupId"":null,""Profile"":{""attributes"":{""type"":""Profile"",""url"":""/services/data/v53.0/sobjects/Profile/00ed00000017IobAAE""},""Id"":""00ed00000017IobAAE"",""Name"":""System Administrator""}}}]"
"01p6T000003wwadQAA","SilverpopDeleterTest","[{""Parent"":{""Id"":""0PSd0000000oWPgGAM"",""Type"":""Profile"",""Label"":""00ex00000018ozT_128_09_43_34_1"",""PermissionSetGroupId"":null,""Profile"":{""attributes"":{""type"":""Profile"",""url"":""/services/data/v53.0/sobjects/Profile/00ed00000017IobAAE""},""Id"":""00ed00000017IobAAE"",""Name"":""System Administrator""}}}]"
"01pd0000002zlrzAAA","SingleRequestMock","[{""Parent"":{""Id"":""0PSd0000000oWPgGAM"",""Type"":""Profile"",""Label"":""00ex00000018ozT_128_09_43_34_1"",""PermissionSetGroupId"":null,""Profile"":{""attributes"":{""type"":""Profile"",""url"":""/services/data/v53.0/sobjects/Profile/00ed00000017IobAAE""},""Id"":""00ed00000017IobAAE"",""Name"":""System Administrator""}}}]"
"01pd0000002d9imAAA","SiteLoginController","[{""Parent"":{""Id"":""0PSd0000000oWPgGAM"",""Type"":""Profile"",""Label"":""00ex00000018ozT_128_09_43_34_1"",""PermissionSetGroupId"":null,""Profile"":{""attributes"":{""type"":""Profile"",""url"":""/services/data/v53.0/sobjects/Profile/00ed00000017IobAAE""},""Id"":""00ed00000017IobAAE"",""Name"":""System Administrator""}}},{""Parent"":{""Id"":""0PSd0000000quKmGAI"",""Type"":""Regular"",""Label"":""Additional Administrator Permissions"",""PermissionSetGroupId"":null,""Profile"":null}}]"
"01pd0000002d9inAAA","SiteLoginControllerTest","[{""Parent"":{""Id"":""0PSd0000000oWPgGAM"",""Type"":""Profile"",""Label"":""00ex00000018ozT_128_09_43_34_1"",""PermissionSetGroupId"":null,""Profile"":{""attributes"":{""type"":""Profile"",""url"":""/services/data/v53.0/sobjects/Profile/00ed00000017IobAAE""},""Id"":""00ed00000017IobAAE"",""Name"":""System Administrator""}}},{""Parent"":{""Id"":""0PSd0000000quKmGAI"",""Type"":""Regular"",""Label"":""Additional Administrator Permissions"",""PermissionSetGroupId"":null,""Profile"":null}}]"
"01pd0000002d9ioAAA","SiteRegisterController","[{""Parent"":{""Id"":""0PSd0000000oWPgGAM"",""Type"":""Profile"",""Label"":""00ex00000018ozT_128_09_43_34_1"",""PermissionSetGroupId"":null,""Profile"":{""attributes"":{""type"":""Profile"",""url"":""/services/data/v53.0/sobjects/Profile/00ed00000017IobAAE""},""Id"":""00ed00000017IobAAE"",""Name"":""System Administrator""}}},{""Parent"":{""Id"":""0PSd0000000quKmGAI"",""Type"":""Regular"",""Label"":""Additional Administrator Permissions"",""PermissionSetGroupId"":null,""Profile"":null}}]"
"01pd0000002d9ipAAA","SiteRegisterControllerTest","[{""Parent"":{""Id"":""0PSd0000000oWPgGAM"",""Type"":""Profile"",""Label"":""00ex00000018ozT_128_09_43_34_1"",""PermissionSetGroupId"":null,""Profile"":{""attributes"":{""type"":""Profile"",""url"":""/services/data/v53.0/sobjects/Profile/00ed00000017IobAAE""},""Id"":""00ed00000017IobAAE"",""Name"":""System Administrator""}}},{""Parent"":{""Id"":""0PSd0000000quKmGAI"",""Type"":""Regular"",""Label"":""Additional Administrator Permissions"",""PermissionSetGroupId"":null,""Profile"":null}}]"
"01p0W000003jK15QAE","SortableClass","[{""Parent"":{""Id"":""0PSd0000000oWPgGAM"",""Type"":""Profile"",""Label"":""00ex00000018ozT_128_09_43_34_1"",""PermissionSetGroupId"":null,""Profile"":{""attributes"":{""type"":""Profile"",""url"":""/services/data/v53.0/sobjects/Profile/00ed00000017IobAAE""},""Id"":""00ed00000017IobAAE"",""Name"":""System Administrator""}}}]"
"01p6T000003wwWSQAY","SortableClassTest","[{""Parent"":{""Id"":""0PSd0000000oWPgGAM"",""Type"":""Profile"",""Label"":""00ex00000018ozT_128_09_43_34_1"",""PermissionSetGroupId"":null,""Profile"":{""attributes"":{""type"":""Profile"",""url"":""/services/data/v53.0/sobjects/Profile/00ed00000017IobAAE""},""Id"":""00ed00000017IobAAE"",""Name"":""System Administrator""}}}]"
"01p0W000003jK16QAE","SortableCreditByExam","[{""Parent"":{""Id"":""0PSd0000000oWPgGAM"",""Type"":""Profile"",""Label"":""00ex00000018ozT_128_09_43_34_1"",""PermissionSetGroupId"":null,""Profile"":{""attributes"":{""type"":""Profile"",""url"":""/services/data/v53.0/sobjects/Profile/00ed00000017IobAAE""},""Id"":""00ed00000017IobAAE"",""Name"":""System Administrator""}}}]"
"01p6T000003wwWTQAY","SortableCreditByExamTest","[{""Parent"":{""Id"":""0PSd0000000oWPgGAM"",""Type"":""Profile"",""Label"":""00ex00000018ozT_128_09_43_34_1"",""PermissionSetGroupId"":null,""Profile"":{""attributes"":{""type"":""Profile"",""url"":""/services/data/v53.0/sobjects/Profile/00ed00000017IobAAE""},""Id"":""00ed00000017IobAAE"",""Name"":""System Administrator""}}}]"
"01p0W000003jK17QAE","SortableTransferWork","[{""Parent"":{""Id"":""0PSd0000000oWPgGAM"",""Type"":""Profile"",""Label"":""00ex00000018ozT_128_09_43_34_1"",""PermissionSetGroupId"":null,""Profile"":{""attributes"":{""type"":""Profile"",""url"":""/services/data/v53.0/sobjects/Profile/00ed00000017IobAAE""},""Id"":""00ed00000017IobAAE"",""Name"":""System Administrator""}}}]"
"01p6T000003wwWUQAY","SortableTransferWorkTest","[{""Parent"":{""Id"":""0PSd0000000oWPgGAM"",""Type"":""Profile"",""Label"":""00ex00000018ozT_128_09_43_34_1"",""PermissionSetGroupId"":null,""Profile"":{""attributes"":{""type"":""Profile"",""url"":""/services/data/v53.0/sobjects/Profile/00ed00000017IobAAE""},""Id"":""00ed00000017IobAAE"",""Name"":""System Administrator""}}}]"
"01pd000000482rRAAQ","StudentGroupService","[{""Parent"":{""Id"":""0PSd0000000oWPgGAM"",""Type"":""Profile"",""Label"":""00ex00000018ozT_128_09_43_34_1"",""PermissionSetGroupId"":null,""Profile"":{""attributes"":{""type"":""Profile"",""url"":""/services/data/v53.0/sobjects/Profile/00ed00000017IobAAE""},""Id"":""00ed00000017IobAAE"",""Name"":""System Administrator""}}}]"
"01pd000000482rSAAQ","StudentProfileController","[{""Parent"":{""Id"":""0PS0W000001GgbCWAS"",""Type"":""Profile"",""Label"":""00e0W000001lvbKQAQ"",""PermissionSetGroupId"":null,""Profile"":{""attributes"":{""type"":""Profile"",""url"":""/services/data/v53.0/sobjects/Profile/00e0W000001lvbKQAQ""},""Id"":""00e0W000001lvbKQAQ"",""Name"":""ASU Service - ASU Local""}}},{""Parent"":{""Id"":""0PS0W000001k9UOWAY"",""Type"":""Profile"",""Label"":""00e0W000002NjQ0QAK"",""PermissionSetGroupId"":null,""Profile"":{""attributes"":{""type"":""Profile"",""url"":""/services/data/v53.0/sobjects/Profile/00e0W000002NjQ0QAK""},""Id"":""00e0W000002NjQ0QAK"",""Name"":""ASU Service - International Students and Scholars Center SMS""}}},{""Parent"":{""Id"":""0PS6T000001k9crWAA"",""Type"":""Profile"",""Label"":""00e6T000002NjQeQAK"",""PermissionSetGroupId"":null,""Profile"":{""attributes"":{""type"":""Profile"",""url"":""/services/data/v53.0/sobjects/Profile/00e6T000002NjQeQAK""},""Id"":""00e6T000002NjQeQAK"",""Name"":""ASU Service - Information Technology Support Hub""}}},{""Parent"":{""Id"":""0PS6T000001kAE8WAM"",""Type"":""Profile"",""Label"":""00e6T000002NjSuQAK"",""PermissionSetGroupId"":null,""Profile"":{""attributes"":{""type"":""Profile"",""url"":""/services/data/v53.0/sobjects/Profile/00e6T000002NjSuQAK""},""Id"":""00e6T000002NjSuQAK"",""Name"":""ASU Service - SMS API""}}},{""Parent"":{""Id"":""0PSd0000000H4C7GAK"",""Type"":""Profile"",""Label"":""00ed0000000jboWAAQ"",""PermissionSetGroupId"":null,""Profile"":{""attributes"":{""type"":""Profile"",""url"":""/services/data/v53.0/sobjects/Profile/00ed0000000jboWAAQ""},""Id"":""00ed0000000jboWAAQ"",""Name"":""ASU Service - First Year Success Center""}}},{""Parent"":{""Id"":""0PSd0000000H4NAGA0"",""Type"":""Profile"",""Label"":""00ed0000000jbtRAAQ"",""PermissionSetGroupId"":null,""Profile"":{""attributes"":{""type"":""Profile"",""url"":""/services/data/v53.0/sobjects/Profile/00ed0000000jbtRAAQ""},""Id"":""00ed0000000jbtRAAQ"",""Name"":""ASU Service - Career Services""}}},{""Parent"":{""Id"":""0PSd0000000H4PVGA0"",""Type"":""Profile"",""Label"":""00ed0000000jbu5AAA"",""PermissionSetGroupId"":null,""Profile"":{""attributes"":{""type"":""Profile"",""url"":""/services/data/v53.0/sobjects/Profile/00ed0000000jbu5AAA""},""Id"":""00ed0000000jbu5AAA"",""Name"":""ASU Service - University Academic Success Programs""}}},{""Parent"":{""Id"":""0PSd0000000H4WlGAK"",""Type"":""Profile"",""Label"":""00ed0000000jbyCAAQ"",""PermissionSetGroupId"":null,""Profile"":{""attributes"":{""type"":""Profile"",""url"":""/services/data/v53.0/sobjects/Profile/00ed0000000jbyCAAQ""},""Id"":""00ed0000000jbyCAAQ"",""Name"":""ASU Service - International Students and Scholars Center""}}},{""Parent"":{""Id"":""0PSd0000000H4ZQGA0"",""Type"":""Profile"",""Label"":""00ed0000000jbz5AAA"",""PermissionSetGroupId"":null,""Profile"":{""attributes"":{""type"":""Profile"",""url"":""/services/data/v53.0/sobjects/Profile/00ed0000000jbz5AAA""},""Id"":""00ed0000000jbz5AAA"",""Name"":""ASU Service - American Indian Student Support Services""}}},{""Parent"":{""Id"":""0PSd0000000H4rPGAS"",""Type"":""Profile"",""Label"":""00ed0000000jc9UAAQ"",""PermissionSetGroupId"":null,""Profile"":{""attributes"":{""type"":""Profile"",""url"":""/services/data/v53.0/sobjects/Profile/00ed0000000jc9UAAQ""},""Id"":""00ed0000000jc9UAAQ"",""Name"":""ASU Service - Dean of Students""}}},{""Parent"":{""Id"":""0PSd0000000qzaSGAQ"",""Type"":""Profile"",""Label"":""00ed00000019yBlAAI"",""PermissionSetGroupId"":null,""Profile"":{""attributes"":{""type"":""Profile"",""url"":""/services/data/v53.0/sobjects/Profile/00ed00000019yBlAAI""},""Id"":""00ed00000019yBlAAI"",""Name"":""ASU Service - Financial Aid""}}},{""Parent"":{""Id"":""0PSd0000000qzawGAA"",""Type"":""Profile"",""Label"":""00ed00000019yC5AAI"",""PermissionSetGroupId"":null,""Profile"":{""attributes"":{""type"":""Profile"",""url"":""/services/data/v53.0/sobjects/Profile/00ed00000019yC5AAI""},""Id"":""00ed00000019yC5AAI"",""Name"":""ASU Service - Registrar""}}},{""Parent"":{""Id"":""0PSd0000000qzb1GAA"",""Type"":""Profile"",""Label"":""00ed00000019yCAAAY"",""PermissionSetGroupId"":null,""Profile"":{""attributes"":{""type"":""Profile"",""url"":""/services/data/v53.0/sobjects/Profile/00ed00000019yCAAAY""},""Id"":""00ed00000019yCAAAY"",""Name"":""ASU Service - Student Business Services""}}},{""Parent"":{""Id"":""0PSd0000000qzl5GAA"",""Type"":""Profile"",""Label"":""00ed00000019yKBAAY"",""PermissionSetGroupId"":null,""Profile"":{""attributes"":{""type"":""Profile"",""url"":""/services/data/v53.0/sobjects/Profile/00ed00000019yKBAAY""},""Id"":""00ed00000019yKBAAY"",""Name"":""ASU View All Data""}}},{""Parent"":{""Id"":""0PSd0000000r0cKGAQ"",""Type"":""Profile"",""Label"":""00ed00000019z6CAAQ"",""PermissionSetGroupId"":null,""Profile"":{""attributes"":{""type"":""Profile"",""url"":""/services/data/v53.0/sobjects/Profile/00ed00000019z6CAAQ""},""Id"":""00ed00000019z6CAAQ"",""Name"":""ASU Service - Help Desk""}}},{""Parent"":{""Id"":""0PSd0000000r3amGAA"",""Type"":""Profile"",""Label"":""00ed0000001A1eqAAC"",""PermissionSetGroupId"":null,""Profile"":{""attributes"":{""type"":""Profile"",""url"":""/services/data/v53.0/sobjects/Profile/00ed0000001A1eqAAC""},""Id"":""00ed0000001A1eqAAC"",""Name"":""ASU Service - Integrated Services""}}},{""Parent"":{""Id"":""0PSd0000000r6MUGAY"",""Type"":""Profile"",""Label"":""00ed0000001A3nIAAS"",""PermissionSetGroupId"":null,""Profile"":{""attributes"":{""type"":""Profile"",""url"":""/services/data/v53.0/sobjects/Profile/00ed0000001A3nIAAS""},""Id"":""00ed0000001A3nIAAS"",""Name"":""ASU Service - University Housing""}}},{""Parent"":{""Id"":""0PSd0000000oWPgGAM"",""Type"":""Profile"",""Label"":""00ex00000018ozT_128_09_43_34_1"",""PermissionSetGroupId"":null,""Profile"":{""attributes"":{""type"":""Profile"",""url"":""/services/data/v53.0/sobjects/Profile/00ed00000017IobAAE""},""Id"":""00ed00000017IobAAE"",""Name"":""System Administrator""}}},{""Parent"":{""Id"":""0PSd0000001o7u5GAA"",""Type"":""Regular"",""Label"":""Role: Student Profile"",""PermissionSetGroupId"":null,""Profile"":null}}]"
"01p0W000003jK18QAE","StudentProfileControllerTest","[{""Parent"":{""Id"":""0PSd0000000oWPgGAM"",""Type"":""Profile"",""Label"":""00ex00000018ozT_128_09_43_34_1"",""PermissionSetGroupId"":null,""Profile"":{""attributes"":{""type"":""Profile"",""url"":""/services/data/v53.0/sobjects/Profile/00ed00000017IobAAE""},""Id"":""00ed00000017IobAAE"",""Name"":""System Administrator""}}}]"
"01p0W000003fqNdQAI","StudentProgramPlanDispatcher","[{""Parent"":{""Id"":""0PSd0000000oWPgGAM"",""Type"":""Profile"",""Label"":""00ex00000018ozT_128_09_43_34_1"",""PermissionSetGroupId"":null,""Profile"":{""attributes"":{""type"":""Profile"",""url"":""/services/data/v53.0/sobjects/Profile/00ed00000017IobAAE""},""Id"":""00ed00000017IobAAE"",""Name"":""System Administrator""}}}]"
"01p0W000003fqNeQAI","StudentProgramPlanService","[{""Parent"":{""Id"":""0PSd0000000oWPgGAM"",""Type"":""Profile"",""Label"":""00ex00000018ozT_128_09_43_34_1"",""PermissionSetGroupId"":null,""Profile"":{""attributes"":{""type"":""Profile"",""url"":""/services/data/v53.0/sobjects/Profile/00ed00000017IobAAE""},""Id"":""00ed00000017IobAAE"",""Name"":""System Administrator""}}}]"
"01p6T000003TGb9QAG","StudentProgramPlanTriggerTest","[{""Parent"":{""Id"":""0PSd0000000oWPgGAM"",""Type"":""Profile"",""Label"":""00ex00000018ozT_128_09_43_34_1"",""PermissionSetGroupId"":null,""Profile"":{""attributes"":{""type"":""Profile"",""url"":""/services/data/v53.0/sobjects/Profile/00ed00000017IobAAE""},""Id"":""00ed00000017IobAAE"",""Name"":""System Administrator""}}}]"
"01p0W000003SNGrQAO","SubscriberDispatcher","[{""Parent"":{""Id"":""0PSd0000000oWPgGAM"",""Type"":""Profile"",""Label"":""00ex00000018ozT_128_09_43_34_1"",""PermissionSetGroupId"":null,""Profile"":{""attributes"":{""type"":""Profile"",""url"":""/services/data/v53.0/sobjects/Profile/00ed00000017IobAAE""},""Id"":""00ed00000017IobAAE"",""Name"":""System Administrator""}}}]"
"01p0W000003jI8cQAE","SubscriberFactory","[{""Parent"":{""Id"":""0PSd0000000oWPgGAM"",""Type"":""Profile"",""Label"":""00ex00000018ozT_128_09_43_34_1"",""PermissionSetGroupId"":null,""Profile"":{""attributes"":{""type"":""Profile"",""url"":""/services/data/v53.0/sobjects/Profile/00ed00000017IobAAE""},""Id"":""00ed00000017IobAAE"",""Name"":""System Administrator""}}}]"
"01p0W000003SNGsQAO","SubscriberHashUpdateBatch","[{""Parent"":{""Id"":""0PSd0000000oWPgGAM"",""Type"":""Profile"",""Label"":""00ex00000018ozT_128_09_43_34_1"",""PermissionSetGroupId"":null,""Profile"":{""attributes"":{""type"":""Profile"",""url"":""/services/data/v53.0/sobjects/Profile/00ed00000017IobAAE""},""Id"":""00ed00000017IobAAE"",""Name"":""System Administrator""}}}]"
"01p0W000003SNGtQAO","SubscriberService","[{""Parent"":{""Id"":""0PSd0000000oWPgGAM"",""Type"":""Profile"",""Label"":""00ex00000018ozT_128_09_43_34_1"",""PermissionSetGroupId"":null,""Profile"":{""attributes"":{""type"":""Profile"",""url"":""/services/data/v53.0/sobjects/Profile/00ed00000017IobAAE""},""Id"":""00ed00000017IobAAE"",""Name"":""System Administrator""}}}]"
"01p0W000003SNGuQAO","SubscriberTriggerTest","[{""Parent"":{""Id"":""0PSd0000000oWPgGAM"",""Type"":""Profile"",""Label"":""00ex00000018ozT_128_09_43_34_1"",""PermissionSetGroupId"":null,""Profile"":{""attributes"":{""type"":""Profile"",""url"":""/services/data/v53.0/sobjects/Profile/00ed00000017IobAAE""},""Id"":""00ed00000017IobAAE"",""Name"":""System Administrator""}}}]"
"01pd000000482kzAAA","SubscriptionCenterController","[{""Parent"":{""Id"":""0PSd0000000oWPgGAM"",""Type"":""Profile"",""Label"":""00ex00000018ozT_128_09_43_34_1"",""PermissionSetGroupId"":null,""Profile"":{""attributes"":{""type"":""Profile"",""url"":""/services/data/v53.0/sobjects/Profile/00ed00000017IobAAE""},""Id"":""00ed00000017IobAAE"",""Name"":""System Administrator""}}}]"
"01p0W000003SNGvQAO","SubscriptionCenterTest","[{""Parent"":{""Id"":""0PSd0000000oWPgGAM"",""Type"":""Profile"",""Label"":""00ex00000018ozT_128_09_43_34_1"",""PermissionSetGroupId"":null,""Profile"":{""attributes"":{""type"":""Profile"",""url"":""/services/data/v53.0/sobjects/Profile/00ed00000017IobAAE""},""Id"":""00ed00000017IobAAE"",""Name"":""System Administrator""}}}]"
"01p0W000003SNGwQAO","SubscriptionDispatcher","[{""Parent"":{""Id"":""0PSd0000000oWPgGAM"",""Type"":""Profile"",""Label"":""00ex00000018ozT_128_09_43_34_1"",""PermissionSetGroupId"":null,""Profile"":{""attributes"":{""type"":""Profile"",""url"":""/services/data/v53.0/sobjects/Profile/00ed00000017IobAAE""},""Id"":""00ed00000017IobAAE"",""Name"":""System Administrator""}}}]"
"01p0W000003jI8dQAE","SubscriptionFactory","[{""Parent"":{""Id"":""0PSd0000000oWPgGAM"",""Type"":""Profile"",""Label"":""00ex00000018ozT_128_09_43_34_1"",""PermissionSetGroupId"":null,""Profile"":{""attributes"":{""type"":""Profile"",""url"":""/services/data/v53.0/sobjects/Profile/00ed00000017IobAAE""},""Id"":""00ed00000017IobAAE"",""Name"":""System Administrator""}}}]"
"01p0W000003SNGxQAO","SubscriptionHashUpdateBatch","[{""Parent"":{""Id"":""0PSd0000000oWPgGAM"",""Type"":""Profile"",""Label"":""00ex00000018ozT_128_09_43_34_1"",""PermissionSetGroupId"":null,""Profile"":{""attributes"":{""type"":""Profile"",""url"":""/services/data/v53.0/sobjects/Profile/00ed00000017IobAAE""},""Id"":""00ed00000017IobAAE"",""Name"":""System Administrator""}}}]"
"01p0W000003SNGyQAO","SubscriptionService","[{""Parent"":{""Id"":""0PSd0000000oWPgGAM"",""Type"":""Profile"",""Label"":""00ex00000018ozT_128_09_43_34_1"",""PermissionSetGroupId"":null,""Profile"":{""attributes"":{""type"":""Profile"",""url"":""/services/data/v53.0/sobjects/Profile/00ed00000017IobAAE""},""Id"":""00ed00000017IobAAE"",""Name"":""System Administrator""}}}]"
"01p0W000003jK25QAE","SuccessPodFactory","[{""Parent"":{""Id"":""0PSd0000000oWPgGAM"",""Type"":""Profile"",""Label"":""00ex00000018ozT_128_09_43_34_1"",""PermissionSetGroupId"":null,""Profile"":{""attributes"":{""type"":""Profile"",""url"":""/services/data/v53.0/sobjects/Profile/00ed00000017IobAAE""},""Id"":""00ed00000017IobAAE"",""Name"":""System Administrator""}}}]"
"01pd0000003vlSkAAI","SuccessRecodingController","[{""Parent"":{""Id"":""0PSd0000000oWPgGAM"",""Type"":""Profile"",""Label"":""00ex00000018ozT_128_09_43_34_1"",""PermissionSetGroupId"":null,""Profile"":{""attributes"":{""type"":""Profile"",""url"":""/services/data/v53.0/sobjects/Profile/00ed00000017IobAAE""},""Id"":""00ed00000017IobAAE"",""Name"":""System Administrator""}}}]"
"01p6T000003ww72QAA","SuccessRecodingControllerTest","[{""Parent"":{""Id"":""0PSd0000000oWPgGAM"",""Type"":""Profile"",""Label"":""00ex00000018ozT_128_09_43_34_1"",""PermissionSetGroupId"":null,""Profile"":{""attributes"":{""type"":""Profile"",""url"":""/services/data/v53.0/sobjects/Profile/00ed00000017IobAAE""},""Id"":""00ed00000017IobAAE"",""Name"":""System Administrator""}}}]"
"01p0W000003jHdMQAU","SuccessResourceFactory","[{""Parent"":{""Id"":""0PSd0000000oWPgGAM"",""Type"":""Profile"",""Label"":""00ex00000018ozT_128_09_43_34_1"",""PermissionSetGroupId"":null,""Profile"":{""attributes"":{""type"":""Profile"",""url"":""/services/data/v53.0/sobjects/Profile/00ed00000017IobAAE""},""Id"":""00ed00000017IobAAE"",""Name"":""System Administrator""}}}]"
"01p0W000003jK26QAE","SuccessResourcePodAssociationFactory","[{""Parent"":{""Id"":""0PSd0000000oWPgGAM"",""Type"":""Profile"",""Label"":""00ex00000018ozT_128_09_43_34_1"",""PermissionSetGroupId"":null,""Profile"":{""attributes"":{""type"":""Profile"",""url"":""/services/data/v53.0/sobjects/Profile/00ed00000017IobAAE""},""Id"":""00ed00000017IobAAE"",""Name"":""System Administrator""}}}]"
"01p0W000003jHdNQAU","SuccessStudentDispatcher","[{""Parent"":{""Id"":""0PSd0000000oWPgGAM"",""Type"":""Profile"",""Label"":""00ex00000018ozT_128_09_43_34_1"",""PermissionSetGroupId"":null,""Profile"":{""attributes"":{""type"":""Profile"",""url"":""/services/data/v53.0/sobjects/Profile/00ed00000017IobAAE""},""Id"":""00ed00000017IobAAE"",""Name"":""System Administrator""}}}]"
"01p0W000003jHdPQAU","SuccessStudentFactory","[{""Parent"":{""Id"":""0PSd0000000oWPgGAM"",""Type"":""Profile"",""Label"":""00ex00000018ozT_128_09_43_34_1"",""PermissionSetGroupId"":null,""Profile"":{""attributes"":{""type"":""Profile"",""url"":""/services/data/v53.0/sobjects/Profile/00ed00000017IobAAE""},""Id"":""00ed00000017IobAAE"",""Name"":""System Administrator""}}}]"
"01p0W000003jHdQQAU","SuccessStudentOutreachCaseCreator","[{""Parent"":{""Id"":""0PSd0000000oWPgGAM"",""Type"":""Profile"",""Label"":""00ex00000018ozT_128_09_43_34_1"",""PermissionSetGroupId"":null,""Profile"":{""attributes"":{""type"":""Profile"",""url"":""/services/data/v53.0/sobjects/Profile/00ed00000017IobAAE""},""Id"":""00ed00000017IobAAE"",""Name"":""System Administrator""}}}]"
"01p6T000003THFMQA4","SuccessStudentTriggerTest","[{""Parent"":{""Id"":""0PSd0000000oWPgGAM"",""Type"":""Profile"",""Label"":""00ex00000018ozT_128_09_43_34_1"",""PermissionSetGroupId"":null,""Profile"":{""attributes"":{""type"":""Profile"",""url"":""/services/data/v53.0/sobjects/Profile/00ed00000017IobAAE""},""Id"":""00ed00000017IobAAE"",""Name"":""System Administrator""}}}]"
"01pd0000003vja2AAA","SummaryListController","[{""Parent"":{""Id"":""0PSd0000000oWPgGAM"",""Type"":""Profile"",""Label"":""00ex00000018ozT_128_09_43_34_1"",""PermissionSetGroupId"":null,""Profile"":{""attributes"":{""type"":""Profile"",""url"":""/services/data/v53.0/sobjects/Profile/00ed00000017IobAAE""},""Id"":""00ed00000017IobAAE"",""Name"":""System Administrator""}}}]"
"01p6T000003ww73QAA","SummaryListControllerTest","[{""Parent"":{""Id"":""0PSd0000000oWPgGAM"",""Type"":""Profile"",""Label"":""00ex00000018ozT_128_09_43_34_1"",""PermissionSetGroupId"":null,""Profile"":{""attributes"":{""type"":""Profile"",""url"":""/services/data/v53.0/sobjects/Profile/00ed00000017IobAAE""},""Id"":""00ed00000017IobAAE"",""Name"":""System Administrator""}}}]"
"01pd0000002zls0AAA","SuncardPhotoController","[{""Parent"":{""Id"":""0PSd0000000oWPgGAM"",""Type"":""Profile"",""Label"":""00ex00000018ozT_128_09_43_34_1"",""PermissionSetGroupId"":null,""Profile"":{""attributes"":{""type"":""Profile"",""url"":""/services/data/v53.0/sobjects/Profile/00ed00000017IobAAE""},""Id"":""00ed00000017IobAAE"",""Name"":""System Administrator""}}}]"
"01p6T000003ww74QAA","SuncardPhotoControllerTest","[{""Parent"":{""Id"":""0PSd0000000oWPgGAM"",""Type"":""Profile"",""Label"":""00ex00000018ozT_128_09_43_34_1"",""PermissionSetGroupId"":null,""Profile"":{""attributes"":{""type"":""Profile"",""url"":""/services/data/v53.0/sobjects/Profile/00ed00000017IobAAE""},""Id"":""00ed00000017IobAAE"",""Name"":""System Administrator""}}}]"
"01pd0000002zls1AAA","SuncardPhotoService","[{""Parent"":{""Id"":""0PSd0000000oWPgGAM"",""Type"":""Profile"",""Label"":""00ex00000018ozT_128_09_43_34_1"",""PermissionSetGroupId"":null,""Profile"":{""attributes"":{""type"":""Profile"",""url"":""/services/data/v53.0/sobjects/Profile/00ed00000017IobAAE""},""Id"":""00ed00000017IobAAE"",""Name"":""System Administrator""}}}]"
"01pd0000002zXynAAE","TermService","[{""Parent"":{""Id"":""0PSd0000000oWPgGAM"",""Type"":""Profile"",""Label"":""00ex00000018ozT_128_09_43_34_1"",""PermissionSetGroupId"":null,""Profile"":{""attributes"":{""type"":""Profile"",""url"":""/services/data/v53.0/sobjects/Profile/00ed00000017IobAAE""},""Id"":""00ed00000017IobAAE"",""Name"":""System Administrator""}}}]"
"01pd0000002uxvIAAQ","TerritoryAssignmentHelper","[{""Parent"":{""Id"":""0PSd0000000oWPgGAM"",""Type"":""Profile"",""Label"":""00ex00000018ozT_128_09_43_34_1"",""PermissionSetGroupId"":null,""Profile"":{""attributes"":{""type"":""Profile"",""url"":""/services/data/v53.0/sobjects/Profile/00ed00000017IobAAE""},""Id"":""00ed00000017IobAAE"",""Name"":""System Administrator""}}}]"
"01p6T000003ww75QAA","TerritoryAssignmentHelperTest","[{""Parent"":{""Id"":""0PSd0000000oWPgGAM"",""Type"":""Profile"",""Label"":""00ex00000018ozT_128_09_43_34_1"",""PermissionSetGroupId"":null,""Profile"":{""attributes"":{""type"":""Profile"",""url"":""/services/data/v53.0/sobjects/Profile/00ed00000017IobAAE""},""Id"":""00ed00000017IobAAE"",""Name"":""System Administrator""}}}]"
"01pd0000002vnF9AAI","TerritoryAssignmentRuleService","[{""Parent"":{""Id"":""0PSd0000000oWPgGAM"",""Type"":""Profile"",""Label"":""00ex00000018ozT_128_09_43_34_1"",""PermissionSetGroupId"":null,""Profile"":{""attributes"":{""type"":""Profile"",""url"":""/services/data/v53.0/sobjects/Profile/00ed00000017IobAAE""},""Id"":""00ed00000017IobAAE"",""Name"":""System Administrator""}}}]"
"01pd000000482l0AAA","TestDataFactory","[{""Parent"":{""Id"":""0PSd0000000oWPgGAM"",""Type"":""Profile"",""Label"":""00ex00000018ozT_128_09_43_34_1"",""PermissionSetGroupId"":null,""Profile"":{""attributes"":{""type"":""Profile"",""url"":""/services/data/v53.0/sobjects/Profile/00ed00000017IobAAE""},""Id"":""00ed00000017IobAAE"",""Name"":""System Administrator""}}}]"
"01pd0000003vXcOAAU","TestEmailSendHelper","[{""Parent"":{""Id"":""0PSd0000000oWPgGAM"",""Type"":""Profile"",""Label"":""00ex00000018ozT_128_09_43_34_1"",""PermissionSetGroupId"":null,""Profile"":{""attributes"":{""type"":""Profile"",""url"":""/services/data/v53.0/sobjects/Profile/00ed00000017IobAAE""},""Id"":""00ed00000017IobAAE"",""Name"":""System Administrator""}}}]"
"01pd0000003vXcPAAU","TestEngagementContactsHandler","[{""Parent"":{""Id"":""0PSd0000000oWPgGAM"",""Type"":""Profile"",""Label"":""00ex00000018ozT_128_09_43_34_1"",""PermissionSetGroupId"":null,""Profile"":{""attributes"":{""type"":""Profile"",""url"":""/services/data/v53.0/sobjects/Profile/00ed00000017IobAAE""},""Id"":""00ed00000017IobAAE"",""Name"":""System Administrator""}}}]"
"01p6T000003ww76QAA","TestEngagementContactsTriggerTest","[{""Parent"":{""Id"":""0PSd0000000oWPgGAM"",""Type"":""Profile"",""Label"":""00ex00000018ozT_128_09_43_34_1"",""PermissionSetGroupId"":null,""Profile"":{""attributes"":{""type"":""Profile"",""url"":""/services/data/v53.0/sobjects/Profile/00ed00000017IobAAE""},""Id"":""00ed00000017IobAAE"",""Name"":""System Administrator""}}}]"
"01p0W000003SNGzQAO","TestFactory","[{""Parent"":{""Id"":""0PSd0000000oWPgGAM"",""Type"":""Profile"",""Label"":""00ex00000018ozT_128_09_43_34_1"",""PermissionSetGroupId"":null,""Profile"":{""attributes"":{""type"":""Profile"",""url"":""/services/data/v53.0/sobjects/Profile/00ed00000017IobAAE""},""Id"":""00ed00000017IobAAE"",""Name"":""System Administrator""}}}]"
"01pd0000002h1fAAAQ","TestHelpdeskProfileCallCenter","[{""Parent"":{""Id"":""0PSd0000000oWPgGAM"",""Type"":""Profile"",""Label"":""00ex00000018ozT_128_09_43_34_1"",""PermissionSetGroupId"":null,""Profile"":{""attributes"":{""type"":""Profile"",""url"":""/services/data/v53.0/sobjects/Profile/00ed00000017IobAAE""},""Id"":""00ed00000017IobAAE"",""Name"":""System Administrator""}}}]"
"01pd0000002d9kAAAQ","TopFiveArticleController","[{""Parent"":{""Id"":""0PS0W000001bgzVWAQ"",""Type"":""Profile"",""Label"":""00e0W000001yXmFQAU"",""PermissionSetGroupId"":null,""Profile"":{""attributes"":{""type"":""Profile"",""url"":""/services/data/v53.0/sobjects/Profile/00e0W000001yXmFQAU""},""Id"":""00e0W000001yXmFQAU"",""Name"":""ASU Recruitment - Team (ESISD)""}}},{""Parent"":{""Id"":""0PSd0000000H4XoGAK"",""Type"":""Profile"",""Label"":""00ed0000000jbylAAA"",""PermissionSetGroupId"":null,""Profile"":{""attributes"":{""type"":""Profile"",""url"":""/services/data/v53.0/sobjects/Profile/00ed0000000jbylAAA""},""Id"":""00ed0000000jbylAAA"",""Name"":""ASU Recruitment - Graduate Recruiter""}}},{""Parent"":{""Id"":""0PSd0000000qzbkGAA"",""Type"":""Profile"",""Label"":""00ed00000019yCpAAI"",""PermissionSetGroupId"":null,""Profile"":{""attributes"":{""type"":""Profile"",""url"":""/services/data/v53.0/sobjects/Profile/00ed00000019yCpAAI""},""Id"":""00ed00000019yCpAAI"",""Name"":""ASU Chatter User""}}},{""Parent"":{""Id"":""0PSd0000000qzl5GAA"",""Type"":""Profile"",""Label"":""00ed00000019yKBAAY"",""PermissionSetGroupId"":null,""Profile"":{""attributes"":{""type"":""Profile"",""url"":""/services/data/v53.0/sobjects/Profile/00ed00000019yKBAAY""},""Id"":""00ed00000019yKBAAY"",""Name"":""ASU View All Data""}}},{""Parent"":{""Id"":""0PSd0000000r3syGAA"",""Type"":""Profile"",""Label"":""00ed0000001A1s3AAC"",""PermissionSetGroupId"":null,""Profile"":{""attributes"":{""type"":""Profile"",""url"":""/services/data/v53.0/sobjects/Profile/00ed0000001A1s3AAC""},""Id"":""00ed0000001A1s3AAC"",""Name"":""ASU Recruitment - Applicant Services""}}},{""Parent"":{""Id"":""0PSd0000000r3t3GAA"",""Type"":""Profile"",""Label"":""00ed0000001A1s8AAC"",""PermissionSetGroupId"":null,""Profile"":{""attributes"":{""type"":""Profile"",""url"":""/services/data/v53.0/sobjects/Profile/00ed0000001A1s8AAC""},""Id"":""00ed0000001A1s8AAC"",""Name"":""ASU Recruitment - Business Operations""}}},{""Parent"":{""Id"":""0PSd0000000r3t8GAA"",""Type"":""Profile"",""Label"":""00ed0000001A1sDAAS"",""PermissionSetGroupId"":null,""Profile"":{""attributes"":{""type"":""Profile"",""url"":""/services/data/v53.0/sobjects/Profile/00ed0000001A1sDAAS""},""Id"":""00ed0000001A1sDAAS"",""Name"":""ASU Recruitment - Freshman Recruiter""}}},{""Parent"":{""Id"":""0PSd0000000r3tcGAA"",""Type"":""Profile"",""Label"":""00ed0000001A1shAAC"",""PermissionSetGroupId"":null,""Profile"":{""attributes"":{""type"":""Profile"",""url"":""/services/data/v53.0/sobjects/Profile/00ed0000001A1shAAC""},""Id"":""00ed0000001A1shAAC"",""Name"":""ASU Recruitment - Admission Services""}}},{""Parent"":{""Id"":""0PSd0000000r3tDGAQ"",""Type"":""Profile"",""Label"":""00ed0000001A1sIAAS"",""PermissionSetGroupId"":null,""Profile"":{""attributes"":{""type"":""Profile"",""url"":""/services/data/v53.0/sobjects/Profile/00ed0000001A1sIAAS""},""Id"":""00ed0000001A1sIAAS"",""Name"":""ASU Recruitment - Transfer Recruiter""}}},{""Parent"":{""Id"":""0PSd0000000r3tIGAQ"",""Type"":""Profile"",""Label"":""00ed0000001A1sNAAS"",""PermissionSetGroupId"":null,""Profile"":{""attributes"":{""type"":""Profile"",""url"":""/services/data/v53.0/sobjects/Profile/00ed0000001A1sNAAS""},""Id"":""00ed0000001A1sNAAS"",""Name"":""ASU Recruitment - International Recruiter""}}},{""Parent"":{""Id"":""0PSd0000000r3tNGAQ"",""Type"":""Profile"",""Label"":""00ed0000001A1sSAAS"",""PermissionSetGroupId"":null,""Profile"":{""attributes"":{""type"":""Profile"",""url"":""/services/data/v53.0/sobjects/Profile/00ed0000001A1sSAAS""},""Id"":""00ed0000001A1sSAAS"",""Name"":""ASU Recruitment - Events""}}},{""Parent"":{""Id"":""0PSd0000000r3tSGAQ"",""Type"":""Profile"",""Label"":""00ed0000001A1sXAAS"",""PermissionSetGroupId"":null,""Profile"":{""attributes"":{""type"":""Profile"",""url"":""/services/data/v53.0/sobjects/Profile/00ed0000001A1sXAAS""},""Id"":""00ed0000001A1sXAAS"",""Name"":""ASU Recruitment - Havasu""}}},{""Parent"":{""Id"":""0PSd0000000r453GAA"",""Type"":""Profile"",""Label"":""00ed0000001A204AAC"",""PermissionSetGroupId"":null,""Profile"":{""attributes"":{""type"":""Profile"",""url"":""/services/data/v53.0/sobjects/Profile/00ed0000001A204AAC""},""Id"":""00ed0000001A204AAC"",""Name"":""ASU Recruitment - Leads (ESISD)""}}},{""Parent"":{""Id"":""0PSd0000000r8QpGAI"",""Type"":""Profile"",""Label"":""00ed0000001A5T8AAK"",""PermissionSetGroupId"":null,""Profile"":{""attributes"":{""type"":""Profile"",""url"":""/services/data/v53.0/sobjects/Profile/00ed0000001A5T8AAK""},""Id"":""00ed0000001A5T8AAK"",""Name"":""ASU Chatter Marketing Cloud User""}}},{""Parent"":{""Id"":""0PSd0000001o7EsGAI"",""Type"":""Profile"",""Label"":""00ed0000002FFRcAAO"",""PermissionSetGroupId"":null,""Profile"":{""attributes"":{""type"":""Profile"",""url"":""/services/data/v53.0/sobjects/Profile/00ed0000002FFRcAAO""},""Id"":""00ed0000002FFRcAAO"",""Name"":""ASU Recruitment - Freshman Recruiter (Temp Access to Org Wide)""}}},{""Parent"":{""Id"":""0PSd0000001jygbGAA"",""Type"":""Profile"",""Label"":""00ed0000002Nf7AAAS"",""PermissionSetGroupId"":null,""Profile"":{""attributes"":{""type"":""Profile"",""url"":""/services/data/v53.0/sobjects/Profile/00ed0000002Nf7AAAS""},""Id"":""00ed0000002Nf7AAAS"",""Name"":""ASU Recruitment - Business Intelligence""}}},{""Parent"":{""Id"":""0PSd0000000oWPgGAM"",""Type"":""Profile"",""Label"":""00ex00000018ozT_128_09_43_34_1"",""PermissionSetGroupId"":null,""Profile"":{""attributes"":{""type"":""Profile"",""url"":""/services/data/v53.0/sobjects/Profile/00ed00000017IobAAE""},""Id"":""00ed00000017IobAAE"",""Name"":""System Administrator""}}},{""Parent"":{""Id"":""0PSd0000000oWPnGAM"",""Type"":""Profile"",""Label"":""00ex00000018ozV_128_09_43_34_3"",""PermissionSetGroupId"":null,""Profile"":{""attributes"":{""type"":""Profile"",""url"":""/services/data/v53.0/sobjects/Profile/00ed00000017IogAAE""},""Id"":""00ed00000017IogAAE"",""Name"":""Standard User""}}},{""Parent"":{""Id"":""0PSd0000000quKmGAI"",""Type"":""Regular"",""Label"":""Additional Administrator Permissions"",""PermissionSetGroupId"":null,""Profile"":null}}]"
"01pd0000002vwxGAAQ","TopFiveArticleControllerAKB","[{""Parent"":{""Id"":""0PSd0000000oWPgGAM"",""Type"":""Profile"",""Label"":""00ex00000018ozT_128_09_43_34_1"",""PermissionSetGroupId"":null,""Profile"":{""attributes"":{""type"":""Profile"",""url"":""/services/data/v53.0/sobjects/Profile/00ed00000017IobAAE""},""Id"":""00ed00000017IobAAE"",""Name"":""System Administrator""}}}]"
"01p6T000003ww77QAA","TopFiveArticleControllerAKBTest","[{""Parent"":{""Id"":""0PSd0000000oWPgGAM"",""Type"":""Profile"",""Label"":""00ex00000018ozT_128_09_43_34_1"",""PermissionSetGroupId"":null,""Profile"":{""attributes"":{""type"":""Profile"",""url"":""/services/data/v53.0/sobjects/Profile/00ed00000017IobAAE""},""Id"":""00ed00000017IobAAE"",""Name"":""System Administrator""}}}]"
"01p6T000003ww78QAA","TopFiveArticleControllerTest","[{""Parent"":{""Id"":""0PSd0000000oWPgGAM"",""Type"":""Profile"",""Label"":""00ex00000018ozT_128_09_43_34_1"",""PermissionSetGroupId"":null,""Profile"":{""attributes"":{""type"":""Profile"",""url"":""/services/data/v53.0/sobjects/Profile/00ed00000017IobAAE""},""Id"":""00ed00000017IobAAE"",""Name"":""System Administrator""}}}]"
"01pd0000002d7ByAAI","TriggerFactory","[{""Parent"":{""Id"":""0PSd0000000oWPgGAM"",""Type"":""Profile"",""Label"":""00ex00000018ozT_128_09_43_34_1"",""PermissionSetGroupId"":null,""Profile"":{""attributes"":{""type"":""Profile"",""url"":""/services/data/v53.0/sobjects/Profile/00ed00000017IobAAE""},""Id"":""00ed00000017IobAAE"",""Name"":""System Administrator""}}},{""Parent"":{""Id"":""0PSd0000000quKmGAI"",""Type"":""Regular"",""Label"":""Additional Administrator Permissions"",""PermissionSetGroupId"":null,""Profile"":null}}]"
"01pd0000002uwdPAAQ","UndergradNewProspectController","[{""Parent"":{""Id"":""0PSd0000000oWPgGAM"",""Type"":""Profile"",""Label"":""00ex00000018ozT_128_09_43_34_1"",""PermissionSetGroupId"":null,""Profile"":{""attributes"":{""type"":""Profile"",""url"":""/services/data/v53.0/sobjects/Profile/00ed00000017IobAAE""},""Id"":""00ed00000017IobAAE"",""Name"":""System Administrator""}}}]"
"01p6T000003ww79QAA","UndergradNewProspectControllerTest","[{""Parent"":{""Id"":""0PSd0000000oWPgGAM"",""Type"":""Profile"",""Label"":""00ex00000018ozT_128_09_43_34_1"",""PermissionSetGroupId"":null,""Profile"":{""attributes"":{""type"":""Profile"",""url"":""/services/data/v53.0/sobjects/Profile/00ed00000017IobAAE""},""Id"":""00ed00000017IobAAE"",""Name"":""System Administrator""}}}]"
"01pd0000002ze54AAA","UnifiedProspectPageController","[{""Parent"":{""Id"":""0PS0W000001bgzVWAQ"",""Type"":""Profile"",""Label"":""00e0W000001yXmFQAU"",""PermissionSetGroupId"":null,""Profile"":{""attributes"":{""type"":""Profile"",""url"":""/services/data/v53.0/sobjects/Profile/00e0W000001yXmFQAU""},""Id"":""00e0W000001yXmFQAU"",""Name"":""ASU Recruitment - Team (ESISD)""}}},{""Parent"":{""Id"":""0PSd0000000H4XoGAK"",""Type"":""Profile"",""Label"":""00ed0000000jbylAAA"",""PermissionSetGroupId"":null,""Profile"":{""attributes"":{""type"":""Profile"",""url"":""/services/data/v53.0/sobjects/Profile/00ed0000000jbylAAA""},""Id"":""00ed0000000jbylAAA"",""Name"":""ASU Recruitment - Graduate Recruiter""}}},{""Parent"":{""Id"":""0PSd0000000r3syGAA"",""Type"":""Profile"",""Label"":""00ed0000001A1s3AAC"",""PermissionSetGroupId"":null,""Profile"":{""attributes"":{""type"":""Profile"",""url"":""/services/data/v53.0/sobjects/Profile/00ed0000001A1s3AAC""},""Id"":""00ed0000001A1s3AAC"",""Name"":""ASU Recruitment - Applicant Services""}}},{""Parent"":{""Id"":""0PSd0000000r3t3GAA"",""Type"":""Profile"",""Label"":""00ed0000001A1s8AAC"",""PermissionSetGroupId"":null,""Profile"":{""attributes"":{""type"":""Profile"",""url"":""/services/data/v53.0/sobjects/Profile/00ed0000001A1s8AAC""},""Id"":""00ed0000001A1s8AAC"",""Name"":""ASU Recruitment - Business Operations""}}},{""Parent"":{""Id"":""0PSd0000000r3t8GAA"",""Type"":""Profile"",""Label"":""00ed0000001A1sDAAS"",""PermissionSetGroupId"":null,""Profile"":{""attributes"":{""type"":""Profile"",""url"":""/services/data/v53.0/sobjects/Profile/00ed0000001A1sDAAS""},""Id"":""00ed0000001A1sDAAS"",""Name"":""ASU Recruitment - Freshman Recruiter""}}},{""Parent"":{""Id"":""0PSd0000000r3tcGAA"",""Type"":""Profile"",""Label"":""00ed0000001A1shAAC"",""PermissionSetGroupId"":null,""Profile"":{""attributes"":{""type"":""Profile"",""url"":""/services/data/v53.0/sobjects/Profile/00ed0000001A1shAAC""},""Id"":""00ed0000001A1shAAC"",""Name"":""ASU Recruitment - Admission Services""}}},{""Parent"":{""Id"":""0PSd0000000r3tDGAQ"",""Type"":""Profile"",""Label"":""00ed0000001A1sIAAS"",""PermissionSetGroupId"":null,""Profile"":{""attributes"":{""type"":""Profile"",""url"":""/services/data/v53.0/sobjects/Profile/00ed0000001A1sIAAS""},""Id"":""00ed0000001A1sIAAS"",""Name"":""ASU Recruitment - Transfer Recruiter""}}},{""Parent"":{""Id"":""0PSd0000000r3tIGAQ"",""Type"":""Profile"",""Label"":""00ed0000001A1sNAAS"",""PermissionSetGroupId"":null,""Profile"":{""attributes"":{""type"":""Profile"",""url"":""/services/data/v53.0/sobjects/Profile/00ed0000001A1sNAAS""},""Id"":""00ed0000001A1sNAAS"",""Name"":""ASU Recruitment - International Recruiter""}}},{""Parent"":{""Id"":""0PSd0000000r3tNGAQ"",""Type"":""Profile"",""Label"":""00ed0000001A1sSAAS"",""PermissionSetGroupId"":null,""Profile"":{""attributes"":{""type"":""Profile"",""url"":""/services/data/v53.0/sobjects/Profile/00ed0000001A1sSAAS""},""Id"":""00ed0000001A1sSAAS"",""Name"":""ASU Recruitment - Events""}}},{""Parent"":{""Id"":""0PSd0000000r3tSGAQ"",""Type"":""Profile"",""Label"":""00ed0000001A1sXAAS"",""PermissionSetGroupId"":null,""Profile"":{""attributes"":{""type"":""Profile"",""url"":""/services/data/v53.0/sobjects/Profile/00ed0000001A1sXAAS""},""Id"":""00ed0000001A1sXAAS"",""Name"":""ASU Recruitment - Havasu""}}},{""Parent"":{""Id"":""0PSd0000000r453GAA"",""Type"":""Profile"",""Label"":""00ed0000001A204AAC"",""PermissionSetGroupId"":null,""Profile"":{""attributes"":{""type"":""Profile"",""url"":""/services/data/v53.0/sobjects/Profile/00ed0000001A204AAC""},""Id"":""00ed0000001A204AAC"",""Name"":""ASU Recruitment - Leads (ESISD)""}}},{""Parent"":{""Id"":""0PSd0000001o7EsGAI"",""Type"":""Profile"",""Label"":""00ed0000002FFRcAAO"",""PermissionSetGroupId"":null,""Profile"":{""attributes"":{""type"":""Profile"",""url"":""/services/data/v53.0/sobjects/Profile/00ed0000002FFRcAAO""},""Id"":""00ed0000002FFRcAAO"",""Name"":""ASU Recruitment - Freshman Recruiter (Temp Access to Org Wide)""}}},{""Parent"":{""Id"":""0PSd0000001jygbGAA"",""Type"":""Profile"",""Label"":""00ed0000002Nf7AAAS"",""PermissionSetGroupId"":null,""Profile"":{""attributes"":{""type"":""Profile"",""url"":""/services/data/v53.0/sobjects/Profile/00ed0000002Nf7AAAS""},""Id"":""00ed0000002Nf7AAAS"",""Name"":""ASU Recruitment - Business Intelligence""}}},{""Parent"":{""Id"":""0PSd0000000oWPgGAM"",""Type"":""Profile"",""Label"":""00ex00000018ozT_128_09_43_34_1"",""PermissionSetGroupId"":null,""Profile"":{""attributes"":{""type"":""Profile"",""url"":""/services/data/v53.0/sobjects/Profile/00ed00000017IobAAE""},""Id"":""00ed00000017IobAAE"",""Name"":""System Administrator""}}},{""Parent"":{""Id"":""0PSd0000000r6mNGAQ"",""Type"":""Regular"",""Label"":""Role: Recruiting (Service Users)"",""PermissionSetGroupId"":null,""Profile"":null}}]"
"01p6T000003ww7AQAQ","UnifiedProspectPageControllerTest","[{""Parent"":{""Id"":""0PSd0000000oWPgGAM"",""Type"":""Profile"",""Label"":""00ex00000018ozT_128_09_43_34_1"",""PermissionSetGroupId"":null,""Profile"":{""attributes"":{""type"":""Profile"",""url"":""/services/data/v53.0/sobjects/Profile/00ed00000017IobAAE""},""Id"":""00ed00000017IobAAE"",""Name"":""System Administrator""}}}]"
"01pd000000482l7AAA","UnsubscribeController","[{""Parent"":{""Id"":""0PSd0000000oWPgGAM"",""Type"":""Profile"",""Label"":""00ex00000018ozT_128_09_43_34_1"",""PermissionSetGroupId"":null,""Profile"":{""attributes"":{""type"":""Profile"",""url"":""/services/data/v53.0/sobjects/Profile/00ed00000017IobAAE""},""Id"":""00ed00000017IobAAE"",""Name"":""System Administrator""}}}]"
"01p6T000003ww7BQAQ","UnsubscribeControllerTest","[{""Parent"":{""Id"":""0PSd0000000oWPgGAM"",""Type"":""Profile"",""Label"":""00ex00000018ozT_128_09_43_34_1"",""PermissionSetGroupId"":null,""Profile"":{""attributes"":{""type"":""Profile"",""url"":""/services/data/v53.0/sobjects/Profile/00ed00000017IobAAE""},""Id"":""00ed00000017IobAAE"",""Name"":""System Administrator""}}}]"
"01p0W000004AWktQAG","UpdateConvSharingTriggerHandler","[{""Parent"":{""Id"":""0PSd0000000oWPgGAM"",""Type"":""Profile"",""Label"":""00ex00000018ozT_128_09_43_34_1"",""PermissionSetGroupId"":null,""Profile"":{""attributes"":{""type"":""Profile"",""url"":""/services/data/v53.0/sobjects/Profile/00ed00000017IobAAE""},""Id"":""00ed00000017IobAAE"",""Name"":""System Administrator""}}}]"
"01p0W000004AWkuQAG","UpdateConvSharingTriggerTest","[{""Parent"":{""Id"":""0PSd0000000oWPgGAM"",""Type"":""Profile"",""Label"":""00ex00000018ozT_128_09_43_34_1"",""PermissionSetGroupId"":null,""Profile"":{""attributes"":{""type"":""Profile"",""url"":""/services/data/v53.0/sobjects/Profile/00ed00000017IobAAE""},""Id"":""00ed00000017IobAAE"",""Name"":""System Administrator""}}}]"
"01pd0000002veE7AAI","UpdateOpportunityOwnerController","[{""Parent"":{""Id"":""0PSd0000000oWPgGAM"",""Type"":""Profile"",""Label"":""00ex00000018ozT_128_09_43_34_1"",""PermissionSetGroupId"":null,""Profile"":{""attributes"":{""type"":""Profile"",""url"":""/services/data/v53.0/sobjects/Profile/00ed00000017IobAAE""},""Id"":""00ed00000017IobAAE"",""Name"":""System Administrator""}}}]"
"01p6T000003THHGQA4","UpdateOpportunityOwnerControllerTest","[{""Parent"":{""Id"":""0PSd0000000oWPgGAM"",""Type"":""Profile"",""Label"":""00ex00000018ozT_128_09_43_34_1"",""PermissionSetGroupId"":null,""Profile"":{""attributes"":{""type"":""Profile"",""url"":""/services/data/v53.0/sobjects/Profile/00ed00000017IobAAE""},""Id"":""00ed00000017IobAAE"",""Name"":""System Administrator""}}}]"
"01p0W000003SMnCQAW","UpdateTerm","[{""Parent"":{""Id"":""0PSd0000000oWPgGAM"",""Type"":""Profile"",""Label"":""00ex00000018ozT_128_09_43_34_1"",""PermissionSetGroupId"":null,""Profile"":{""attributes"":{""type"":""Profile"",""url"":""/services/data/v53.0/sobjects/Profile/00ed00000017IobAAE""},""Id"":""00ed00000017IobAAE"",""Name"":""System Administrator""}}}]"
"01p0W000003frnXQAQ","UpdateTermTest","[{""Parent"":{""Id"":""0PSd0000000oWPgGAM"",""Type"":""Profile"",""Label"":""00ex00000018ozT_128_09_43_34_1"",""PermissionSetGroupId"":null,""Profile"":{""attributes"":{""type"":""Profile"",""url"":""/services/data/v53.0/sobjects/Profile/00ed00000017IobAAE""},""Id"":""00ed00000017IobAAE"",""Name"":""System Administrator""}}}]"
"01p6T000003wv7YQAQ","UserChatterGroupHandler","[{""Parent"":{""Id"":""0PSd0000000oWPgGAM"",""Type"":""Profile"",""Label"":""00ex00000018ozT_128_09_43_34_1"",""PermissionSetGroupId"":null,""Profile"":{""attributes"":{""type"":""Profile"",""url"":""/services/data/v53.0/sobjects/Profile/00ed00000017IobAAE""},""Id"":""00ed00000017IobAAE"",""Name"":""System Administrator""}}}]"
"01p0W000003wudHQAQ","UserDeprovisioner","[{""Parent"":{""Id"":""0PSd0000000oWPgGAM"",""Type"":""Profile"",""Label"":""00ex00000018ozT_128_09_43_34_1"",""PermissionSetGroupId"":null,""Profile"":{""attributes"":{""type"":""Profile"",""url"":""/services/data/v53.0/sobjects/Profile/00ed00000017IobAAE""},""Id"":""00ed00000017IobAAE"",""Name"":""System Administrator""}}}]"
"01p0W000003wudEQAQ","UserDeprovisionOrganizer","[{""Parent"":{""Id"":""0PSd0000000oWPgGAM"",""Type"":""Profile"",""Label"":""00ex00000018ozT_128_09_43_34_1"",""PermissionSetGroupId"":null,""Profile"":{""attributes"":{""type"":""Profile"",""url"":""/services/data/v53.0/sobjects/Profile/00ed00000017IobAAE""},""Id"":""00ed00000017IobAAE"",""Name"":""System Administrator""}}}]"
"01p0W000003wudFQAQ","UserDeprovisionOrganizerTest","[{""Parent"":{""Id"":""0PSd0000000oWPgGAM"",""Type"":""Profile"",""Label"":""00ex00000018ozT_128_09_43_34_1"",""PermissionSetGroupId"":null,""Profile"":{""attributes"":{""type"":""Profile"",""url"":""/services/data/v53.0/sobjects/Profile/00ed00000017IobAAE""},""Id"":""00ed00000017IobAAE"",""Name"":""System Administrator""}}}]"
"01p0W000003wudGQAQ","UserDeprovisionQueue","[{""Parent"":{""Id"":""0PSd0000000oWPgGAM"",""Type"":""Profile"",""Label"":""00ex00000018ozT_128_09_43_34_1"",""PermissionSetGroupId"":null,""Profile"":{""attributes"":{""type"":""Profile"",""url"":""/services/data/v53.0/sobjects/Profile/00ed00000017IobAAE""},""Id"":""00ed00000017IobAAE"",""Name"":""System Administrator""}}}]"
"01p0W000003jJPMQA2","UserFactory","[{""Parent"":{""Id"":""0PSd0000000oWPgGAM"",""Type"":""Profile"",""Label"":""00ex00000018ozT_128_09_43_34_1"",""PermissionSetGroupId"":null,""Profile"":{""attributes"":{""type"":""Profile"",""url"":""/services/data/v53.0/sobjects/Profile/00ed00000017IobAAE""},""Id"":""00ed00000017IobAAE"",""Name"":""System Administrator""}}}]"
"01pd0000002vbxYAAQ","UserHandler","[{""Parent"":{""Id"":""0PSd0000000oWPgGAM"",""Type"":""Profile"",""Label"":""00ex00000018ozT_128_09_43_34_1"",""PermissionSetGroupId"":null,""Profile"":{""attributes"":{""type"":""Profile"",""url"":""/services/data/v53.0/sobjects/Profile/00ed00000017IobAAE""},""Id"":""00ed00000017IobAAE"",""Name"":""System Administrator""}}}]"
"01p0W000003frk3QAA","UserPresenceController","[{""Parent"":{""Id"":""0PSd0000000oWPgGAM"",""Type"":""Profile"",""Label"":""00ex00000018ozT_128_09_43_34_1"",""PermissionSetGroupId"":null,""Profile"":{""attributes"":{""type"":""Profile"",""url"":""/services/data/v53.0/sobjects/Profile/00ed00000017IobAAE""},""Id"":""00ed00000017IobAAE"",""Name"":""System Administrator""}}},{""Parent"":{""Id"":""0PS0W000001sbm1WAA"",""Type"":""Regular"",""Label"":""SMS Magic Academic Advising"",""PermissionSetGroupId"":null,""Profile"":null}},{""Parent"":{""Id"":""0PS0W000001GhJsWAK"",""Type"":""Regular"",""Label"":""SMS Magic First Year Success Coach"",""PermissionSetGroupId"":null,""Profile"":null}},{""Parent"":{""Id"":""0PS6T000001k9thWAA"",""Type"":""Group"",""Label"":""SMS Magic Users - Academic Advisors Manager"",""PermissionSetGroupId"":""0PG6T000000GmepWAC"",""Profile"":null}},{""Parent"":{""Id"":""0PS6T000001k9tiWAA"",""Type"":""Group"",""Label"":""SMS Magic Users - Academic Advisors Staff"",""PermissionSetGroupId"":""0PG6T000000GmeqWAC"",""Profile"":null}},{""Parent"":{""Id"":""0PS6T000001k9tjWAA"",""Type"":""Group"",""Label"":""SMS Magic Users - FYS"",""PermissionSetGroupId"":""0PG6T000000GmerWAC"",""Profile"":null}}]"
"01p0W000003frk4QAA","UserPresenceControllerTest","[{""Parent"":{""Id"":""0PSd0000000oWPgGAM"",""Type"":""Profile"",""Label"":""00ex00000018ozT_128_09_43_34_1"",""PermissionSetGroupId"":null,""Profile"":{""attributes"":{""type"":""Profile"",""url"":""/services/data/v53.0/sobjects/Profile/00ed00000017IobAAE""},""Id"":""00ed00000017IobAAE"",""Name"":""System Administrator""}}},{""Parent"":{""Id"":""0PS0W000001sbm1WAA"",""Type"":""Regular"",""Label"":""SMS Magic Academic Advising"",""PermissionSetGroupId"":null,""Profile"":null}},{""Parent"":{""Id"":""0PS0W000001GhJsWAK"",""Type"":""Regular"",""Label"":""SMS Magic First Year Success Coach"",""PermissionSetGroupId"":null,""Profile"":null}},{""Parent"":{""Id"":""0PS6T000001k9thWAA"",""Type"":""Group"",""Label"":""SMS Magic Users - Academic Advisors Manager"",""PermissionSetGroupId"":""0PG6T000000GmepWAC"",""Profile"":null}},{""Parent"":{""Id"":""0PS6T000001k9tiWAA"",""Type"":""Group"",""Label"":""SMS Magic Users - Academic Advisors Staff"",""PermissionSetGroupId"":""0PG6T000000GmeqWAC"",""Profile"":null}},{""Parent"":{""Id"":""0PS6T000001k9tjWAA"",""Type"":""Group"",""Label"":""SMS Magic Users - FYS"",""PermissionSetGroupId"":""0PG6T000000GmerWAC"",""Profile"":null}}]"
"01p0W000004AYV7QAO","UserScrambler","[{""Parent"":{""Id"":""0PSd0000000oWPgGAM"",""Type"":""Profile"",""Label"":""00ex00000018ozT_128_09_43_34_1"",""PermissionSetGroupId"":null,""Profile"":{""attributes"":{""type"":""Profile"",""url"":""/services/data/v53.0/sobjects/Profile/00ed00000017IobAAE""},""Id"":""00ed00000017IobAAE"",""Name"":""System Administrator""}}}]"
"01p0W000004AYV8QAO","UserScramblerTest","[{""Parent"":{""Id"":""0PSd0000000oWPgGAM"",""Type"":""Profile"",""Label"":""00ex00000018ozT_128_09_43_34_1"",""PermissionSetGroupId"":null,""Profile"":{""attributes"":{""type"":""Profile"",""url"":""/services/data/v53.0/sobjects/Profile/00ed00000017IobAAE""},""Id"":""00ed00000017IobAAE"",""Name"":""System Administrator""}}}]"
"01pd0000002vXALAA2","UserService","[{""Parent"":{""Id"":""0PSd0000000oWPgGAM"",""Type"":""Profile"",""Label"":""00ex00000018ozT_128_09_43_34_1"",""PermissionSetGroupId"":null,""Profile"":{""attributes"":{""type"":""Profile"",""url"":""/services/data/v53.0/sobjects/Profile/00ed00000017IobAAE""},""Id"":""00ed00000017IobAAE"",""Name"":""System Administrator""}}}]"
"01p6T000003ww7CQAQ","UserTriggerTest","[{""Parent"":{""Id"":""0PSd0000000oWPgGAM"",""Type"":""Profile"",""Label"":""00ex00000018ozT_128_09_43_34_1"",""PermissionSetGroupId"":null,""Profile"":{""attributes"":{""type"":""Profile"",""url"":""/services/data/v53.0/sobjects/Profile/00ed00000017IobAAE""},""Id"":""00ed00000017IobAAE"",""Name"":""System Administrator""}}}]"
"01pd0000004875iAAA","Util_JSONParser","[{""Parent"":{""Id"":""0PSd0000000oWPgGAM"",""Type"":""Profile"",""Label"":""00ex00000018ozT_128_09_43_34_1"",""PermissionSetGroupId"":null,""Profile"":{""attributes"":{""type"":""Profile"",""url"":""/services/data/v53.0/sobjects/Profile/00ed00000017IobAAE""},""Id"":""00ed00000017IobAAE"",""Name"":""System Administrator""}}}]"
"01p6T000003ww7DQAQ","Util_JSONParserTest","[{""Parent"":{""Id"":""0PSd0000000oWPgGAM"",""Type"":""Profile"",""Label"":""00ex00000018ozT_128_09_43_34_1"",""PermissionSetGroupId"":null,""Profile"":{""attributes"":{""type"":""Profile"",""url"":""/services/data/v53.0/sobjects/Profile/00ed00000017IobAAE""},""Id"":""00ed00000017IobAAE"",""Name"":""System Administrator""}}}]"
"01pd000000482l8AAA","Validator","[{""Parent"":{""Id"":""0PSd0000000oWPgGAM"",""Type"":""Profile"",""Label"":""00ex00000018ozT_128_09_43_34_1"",""PermissionSetGroupId"":null,""Profile"":{""attributes"":{""type"":""Profile"",""url"":""/services/data/v53.0/sobjects/Profile/00ed00000017IobAAE""},""Id"":""00ed00000017IobAAE"",""Name"":""System Administrator""}}}]"
"01p6T000003ww7EQAQ","ValidatorTest","[{""Parent"":{""Id"":""0PSd0000000oWPgGAM"",""Type"":""Profile"",""Label"":""00ex00000018ozT_128_09_43_34_1"",""PermissionSetGroupId"":null,""Profile"":{""attributes"":{""type"":""Profile"",""url"":""/services/data/v53.0/sobjects/Profile/00ed00000017IobAAE""},""Id"":""00ed00000017IobAAE"",""Name"":""System Administrator""}}}]"
"01pd0000002zXyrAAE","ViewAllArticlesController","[{""Parent"":{""Id"":""0PSd0000000oWPgGAM"",""Type"":""Profile"",""Label"":""00ex00000018ozT_128_09_43_34_1"",""PermissionSetGroupId"":null,""Profile"":{""attributes"":{""type"":""Profile"",""url"":""/services/data/v53.0/sobjects/Profile/00ed00000017IobAAE""},""Id"":""00ed00000017IobAAE"",""Name"":""System Administrator""}}}]"
"01pd0000002veE9AAI","ViewAllCasesController","[{""Parent"":{""Id"":""0PSd0000000oWPgGAM"",""Type"":""Profile"",""Label"":""00ex00000018ozT_128_09_43_34_1"",""PermissionSetGroupId"":null,""Profile"":{""attributes"":{""type"":""Profile"",""url"":""/services/data/v53.0/sobjects/Profile/00ed00000017IobAAE""},""Id"":""00ed00000017IobAAE"",""Name"":""System Administrator""}}}]"
"01p6T000003ww7FQAQ","ViewAllCasesControllerTest","[{""Parent"":{""Id"":""0PSd0000000oWPgGAM"",""Type"":""Profile"",""Label"":""00ex00000018ozT_128_09_43_34_1"",""PermissionSetGroupId"":null,""Profile"":{""attributes"":{""type"":""Profile"",""url"":""/services/data/v53.0/sobjects/Profile/00ed00000017IobAAE""},""Id"":""00ed00000017IobAAE"",""Name"":""System Administrator""}}}]"
"01pd0000003vjaBAAQ","ViewAsController","[{""Parent"":{""Id"":""0PSd0000000oWPgGAM"",""Type"":""Profile"",""Label"":""00ex00000018ozT_128_09_43_34_1"",""PermissionSetGroupId"":null,""Profile"":{""attributes"":{""type"":""Profile"",""url"":""/services/data/v53.0/sobjects/Profile/00ed00000017IobAAE""},""Id"":""00ed00000017IobAAE"",""Name"":""System Administrator""}}}]"
"01p6T000003ww7GQAQ","ViewAsControllerTest","[{""Parent"":{""Id"":""0PSd0000000oWPgGAM"",""Type"":""Profile"",""Label"":""00ex00000018ozT_128_09_43_34_1"",""PermissionSetGroupId"":null,""Profile"":{""attributes"":{""type"":""Profile"",""url"":""/services/data/v53.0/sobjects/Profile/00ed00000017IobAAE""},""Id"":""00ed00000017IobAAE"",""Name"":""System Administrator""}}}]"
"01p0W000003vrPtQAI","ViewCaseController","[{""Parent"":{""Id"":""0PSd0000000oWPgGAM"",""Type"":""Profile"",""Label"":""00ex00000018ozT_128_09_43_34_1"",""PermissionSetGroupId"":null,""Profile"":{""attributes"":{""type"":""Profile"",""url"":""/services/data/v53.0/sobjects/Profile/00ed00000017IobAAE""},""Id"":""00ed00000017IobAAE"",""Name"":""System Administrator""}}}]"
"01pd000000484cYAAQ","Visualstrap","[{""Parent"":{""Id"":""0PSd0000000oWPgGAM"",""Type"":""Profile"",""Label"":""00ex00000018ozT_128_09_43_34_1"",""PermissionSetGroupId"":null,""Profile"":{""attributes"":{""type"":""Profile"",""url"":""/services/data/v53.0/sobjects/Profile/00ed00000017IobAAE""},""Id"":""00ed00000017IobAAE"",""Name"":""System Administrator""}}}]"
"01p6T000003ww9kQAA","VisualstrapTest","[{""Parent"":{""Id"":""0PSd0000000oWPgGAM"",""Type"":""Profile"",""Label"":""00ex00000018ozT_128_09_43_34_1"",""PermissionSetGroupId"":null,""Profile"":{""attributes"":{""type"":""Profile"",""url"":""/services/data/v53.0/sobjects/Profile/00ed00000017IobAAE""},""Id"":""00ed00000017IobAAE"",""Name"":""System Administrator""}}}]"